name,n_items,n_distinct_titles,distinct_title_ratio,looks_like_person
New York Public Library,1228,927,0.754885993485342,False
"Centennial Exhibition (1876 : Philadelphia, Pa.)",770,424,0.5506493506493506,False
"Washington, George, 1732-1799",643,371,0.5769828926905132,True
New York Public Library. Humanities and Social Sciences Library,449,326,0.7260579064587973,False
"Temple of Hathor (Dandara, Egypt)",417,141,0.3381294964028777,False
"White House (Washington, D.C.)",407,251,0.6167076167076168,False
"Madison, James, 1751-1836",399,298,0.7468671679197995,True
"Joan, of Arc, Saint, 1412-1431",397,17,0.042821158690176324,True
Pennsylvania Railroad,360,202,0.5611111111111111,False
"Dickens, Charles, 1812-1870",276,249,0.9021739130434783,True
"World's Columbian Exposition (1893 : Chicago, Ill.)",272,226,0.8308823529411765,False
Geographical Surveys West of the 100th Meridian (U.S.),262,146,0.5572519083969466,False
"Independence Hall (Philadelphia, Pa.)",190,61,0.32105263157894737,False
Central Pacific Railroad Company,187,162,0.8663101604278075,False
Union Pacific Railroad Company,178,152,0.8539325842696629,False
"Ramses II, King of Egypt",173,146,0.8439306358381503,True
United States Military Academy,173,125,0.7225433526011561,False
United States. Declaration of Independence,164,148,0.9024390243902439,False
"Castillo de San Marcos (Saint Augustine, Fla.)",162,120,0.7407407407407407,False
Philadelphia Quakers (Baseball team),154,62,0.4025974025974026,False
"Green-Wood Cemetery (New York, N.Y.)",131,87,0.6641221374045801,False
"Temple of Amon (Karnak, Egypt)",116,104,0.896551724137931,False
Men,113,112,0.9911504424778761,False
"Fulton, Robert, 1765-1815",111,36,0.32432432432432434,True
"George, Henry, 1839-1897",110,78,0.7090909090909091,True
Jesus Christ,107,100,0.9345794392523364,False
"United States Capitol (Washington, D.C.)",102,81,0.7941176470588235,False
United States. Continental Congress,97,92,0.9484536082474226,False
"Shalmanesar III, King of Assyria,",94,18,0.19148936170212766,True
"Franklin, Benjamin, 1706-1790",93,55,0.5913978494623656,True
United States. Patent Office,90,42,0.4666666666666667,False
Ellis Island Immigration Station (N.Y. and N.J.),89,83,0.9325842696629213,False
"Louisiana Purchase Exposition (1904 : Saint Louis, Mo.)",89,68,0.7640449438202247,False
"George III, King of Great Britain, 1738-1820",87,69,0.7931034482758621,True
"Bellew, Kyrle, 1855-1911",85,1,0.011764705882352941,True
United States Darien Exploring Expedition (1871 and 1873),82,79,0.9634146341463414,False
"Ramses III, King of Egypt",80,74,0.925,True
United States Sanitary Commission,79,77,0.9746835443037974,False
"Jefferson, Thomas, 1743-1826",79,39,0.4936708860759494,True
"Lincoln, Abraham, 1809-1865",78,72,0.9230769230769231,True
Portland & Ogdensburg Railroad Company,78,46,0.5897435897435898,False
Königliche Museen zu Berlin,77,69,0.8961038961038961,False
"Ramesseum (Thebes, Egypt)",75,72,0.96,False
"City Hall (New York, N.Y.)",74,41,0.5540540540540541,False
"Mary, Blessed Virgin, Saint",74,73,0.9864864864864865,True
"Treasury Building (Washington, D.C.)",71,41,0.5774647887323944,False
"Seti I, King of Egypt",71,50,0.704225352112676,True
"Trinity Church (New York, N.Y.)",69,54,0.782608695652174,False
Lehigh Valley Railroad Company,69,49,0.7101449275362319,False
Smithsonian Institution,63,28,0.4444444444444444,False
"Adams, John, 1735-1826",63,30,0.47619047619047616,True
"Cliff House (San Francisco, Calif.)",62,27,0.43548387096774194,False
"Lafayette, Marie Joseph Paul Yves Roch Gilbert du Motier, marquis de, 1757-1834",62,42,0.6774193548387096,True
Palace of Sennacherib (Nineveh),60,60,1.0,False
"Temple of Luxor (Luxor, Egypt)",59,56,0.9491525423728814,False
Charlestown Navy Yard (Mass.),59,43,0.7288135593220338,False
"Hamilton, Alexander, 1757-1804",59,27,0.4576271186440678,True
"Great Temple (Abû Sunbul, Egypt)",58,45,0.7758620689655172,False
Church of the Holy Sepulchre (Jerusalem),57,56,0.9824561403508771,False
"Temple of Seti I (Abydos, Egypt)",54,33,0.6111111111111112,False
"Albany Congress (1754 : Albany, N.Y.)",54,54,1.0,False
"Jackson, Andrew, 1767-1845",52,32,0.6153846153846154,True
"Cornwallis, Charles Cornwallis, Marquis, 1738-1805",50,32,0.64,True
"Massachusetts State House (Boston, Mass.)",48,16,0.3333333333333333,False
"Temple of Horus (Idfû, Egypt)",43,42,0.9767441860465116,False
Missouri Botanical Garden,42,34,0.8095238095238095,False
"Shaw, Henry, 1800-1889",41,33,0.8048780487804879,True
"Greene, Nathanael, 1742-1786",41,31,0.7560975609756098,True
"Gates, Horatio, 1728-1806",40,26,0.65,True
"Crawford House (Hotel : Carroll, N.H.)",40,27,0.675,False
"Lee, Richard Henry, 1732-1794",40,28,0.7,True
Tuskegee Institute,40,40,1.0,False
"Hancock, John, 1737-1793",39,27,0.6923076923076923,True
Mount Vernon (Va. : Estate),39,37,0.9487179487179487,False
United States. Post Office Dept.,39,23,0.5897435897435898,False
Passaic County (N.J.),39,31,0.7948717948717948,False
Library of Congress,38,34,0.8947368421052632,False
Burma,38,38,1.0,False
"Faneuil Hall (Boston, Mass.)",38,13,0.34210526315789475,False
"Serapeum (Ṣaqqārah, Egypt)",37,26,0.7027027027027027,False
British Museum,36,33,0.9166666666666666,False
"Palmer, William Jackson, 1836-1909",35,32,0.9142857142857143,True
Glen Eyrie (Colo.),35,32,0.9142857142857143,False
United States. Dept. of Agriculture,35,21,0.6,False
"Arnold, Benedict, 1741-1801",35,27,0.7714285714285715,True
"Longfellow, Henry Wadsworth, 1807-1882",34,22,0.6470588235294118,True
Qubbat al-Sakhrah (Mosque : Jerusalem),33,33,1.0,False
United States Soldiers' Home,32,17,0.53125,False
"Amenhotep III, King of Egypt",32,30,0.9375,True
"Hoey, John, 1824 or 5-1892",32,12,0.375,True
"Stowe, Harriet Beecher, 1811-1896",31,23,0.7419354838709677,True
"Irving, Washington, 1783-1859",31,28,0.9032258064516129,True
"Woodward's Gardens (San Francisco, Calif.)",30,25,0.8333333333333334,False
Catawissa Railroad Company,30,25,0.8333333333333334,False
"John, the Apostle, Saint",30,30,1.0,True
"Congress Hall (Saratoga Springs, N.Y.)",30,23,0.7666666666666667,False
"Jay, John, 1745-1829",29,18,0.6206896551724138,True
"Henry, Patrick, 1736-1799",29,15,0.5172413793103449,True
"Perrot, Jules, 1810-1892",29,28,0.9655172413793104,True
Vassar College,28,16,0.5714285714285714,False
United States Botanic Garden,28,22,0.7857142857142857,False
"Pulaski, Kazimierz, 1747-1779",28,15,0.5357142857142857,True
"Mendelssohn-Bartholdy, Felix, 1809-1847",28,28,1.0,True
"New York, New Haven, and Hartford Railroad Company",28,26,0.9285714285714286,False
Temple of Sobek and Haroeris (Ombos),27,21,0.7777777777777778,False
"Schuyler, Philip John, 1733-1804",27,20,0.7407407407407407,True
"Bonaventure Cemetery (Savannah, Ga.)",27,14,0.5185185185185185,False
Harvard College (1780- ),27,23,0.8518518518518519,False
"Wright, Harry, 1835-1895",27,14,0.5185185185185185,True
"McGuire, Deacon, 1863-1936",27,6,0.2222222222222222,True
United States. Congress. House,26,19,0.7307692307692307,False
"Adams, Samuel, 1722-1803",26,16,0.6153846153846154,True
Erie Railroad Company,26,26,1.0,False
"Clinton, Henry, Sir, 1738?-1795",26,10,0.38461538461538464,True
"Clinton, George, 1739-1812",26,19,0.7307692307692307,True
"Burgoyne, John, 1722-1792",26,21,0.8076923076923077,True
"Ferguson, Charlie (Charles J.), 1863-1888",26,8,0.3076923076923077,False
White Oak Cotton Mills,26,26,1.0,False
"Columbus, Christopher",25,21,0.84,True
"Clements, Jack, 1864-1941",25,9,0.36,True
"Louis XVI, King of France, 1754-1793",25,14,0.56,True
"Wayne, Anthony, 1745-1796",25,22,0.88,True
"Farrar, Sid (Sidney Douglas), 1859-1935",24,7,0.2916666666666667,False
"Monroe, James, 1758-1831",24,10,0.4166666666666667,True
"Grant, Ulysses S. (Ulysses Simpson), 1822-1885",24,17,0.7083333333333334,False
"Mulvey, Joe, 1858-1928",24,9,0.375,True
"Clinton, DeWitt, 1769-1828",24,15,0.625,True
"Lee, Charles, 1731-1782",24,21,0.875,True
"Morris, Robert, 1734-1806",23,12,0.5217391304347826,True
"Sennacherib, King of Assyria, d. 681 B.C",23,23,1.0,True
"Casey, Dan, 1862-1943",23,8,0.34782608695652173,True
United States. War Dept.,23,20,0.8695652173913043,False
"Fogarty, Jim, 1864-1891",22,7,0.3181818181818182,True
Independent Order of Odd Fellows,22,17,0.7727272727272727,False
Chicago and North Western Railway Company,22,16,0.7272727272727273,False
"Sullivan, John, 1740-1795",22,18,0.8181818181818182,True
"Reed, Joseph, 1741-1785",22,20,0.9090909090909091,True
"Montgomery, Richard, 1738-1775",22,17,0.7727272727272727,True
"Pitt, William, Earl of Chatham, 1708-1778",22,17,0.7727272727272727,True
"Wood, George, 1858-1924",22,9,0.4090909090909091,True
"Putnam, Israel, 1718-1790",21,15,0.7142857142857143,True
United States. Navy,21,21,1.0,False
"Burr, Aaron, 1756-1836",21,19,0.9047619047619048,True
"André, John, 1751-1780",21,15,0.7142857142857143,True
"Irwin, Arthur, 1858-1921",21,6,0.2857142857142857,True
"Louvre (Paris, France)",21,18,0.8571428571428571,False
"Lincoln, Benjamin, 1733-1810",20,7,0.35,True
"Wolfe, James, 1727-1759",20,19,0.95,True
"Grace Church (New York, N.Y.)",20,18,0.9,False
"McKinley, William, 1843-1901",20,19,0.95,True
"Penn, William, 1644-1718",20,12,0.6,True
Maine Central Railroad Company,19,14,0.7368421052631579,False
Saint Catherine (Monastery : Mount Sinai),19,19,1.0,False
"Tarleton, Lieutenant-General (Banastre), 1754-1833",19,11,0.5789473684210527,False
Santa Barbara Mission,19,14,0.7368421052631579,False
United States. Dept. of State,19,14,0.7368421052631579,False
"Knox, Henry, 1750-1806",19,12,0.631578947368421,True
"David, King of Israel",19,17,0.8947368421052632,True
"Grand Union Hotel (Saratoga Springs, N.Y.)",19,15,0.7894736842105263,False
"Dickinson, John, 1732-1808",19,12,0.631578947368421,True
"Laurens, Henry, 1724-1792",18,12,0.6666666666666666,True
"Carroll, Charles, 1737-1832",18,14,0.7777777777777778,True
"Nelson, Thomas, 1738-1789",18,17,0.9444444444444444,True
"Estaing, Charles Henri, comte d', 1729-1794",18,15,0.8333333333333334,True
Fred Harvey (Firm),18,17,0.9444444444444444,False
"Marion, Francis, 1732-1795",17,12,0.7058823529411765,True
"Flatiron Building (New York, N.Y.)",17,13,0.7647058823529411,False
"Buffinton, Charlie, 1861-1907",17,5,0.29411764705882354,True
Yale University,17,16,0.9411764705882353,False
"Adams, John Quincy, 1767-1848",17,12,0.7058823529411765,True
Samson (Biblical judge),17,14,0.8235294117647058,False
"Alexander I, Emperor of Russia, 1777-1825",17,17,1.0,True
"Sherman, Roger, 1721-1793",17,7,0.4117647058823529,True
"Drayton, John Grimke, 1815-1891",17,7,0.4117647058823529,True
University of Michigan,17,16,0.9411764705882353,False
"Mission San Gabriel Arcangel (San Gabriel, Calif.)",17,15,0.8823529411764706,False
Corcoran Gallery of Art,16,11,0.6875,False
"Gerry, Elbridge, 1744-1814",16,7,0.4375,False
Yale College (1718-1887),16,14,0.875,False
"Steuben, Friedrich Wilhelm Ludolf Gerhard Augustin, Baron von, 1730-1794",16,15,0.9375,True
"Read, George, 1733-1798",16,10,0.625,True
"Lee, Robert E. (Robert Edward), 1807-1870",16,13,0.8125,False
"Stewart, Alexander Turney, 1803-1876",16,9,0.5625,True
"Morris, Gouverneur, 1752-1816",16,10,0.625,True
"Howe, Richard Howe, Earl, 1726-1799",16,16,1.0,True
"Barquq, Sultan of Egypt, 1340 or 41-1399",16,15,0.9375,True
"Lee, Henry, 1756-1818",16,6,0.375,True
"Howe, William Howe, Viscount, 1729-1814",16,11,0.6875,True
Emigrant Industrial Savings Bank,16,16,1.0,False
"New York, Lake Erie, and Western Railroad Company",16,14,0.875,False
Boston Braves (Baseball team),16,14,0.875,False
"Quincy's Market (Boston, Mass.)",16,9,0.5625,False
"Revere, Paul, 1735-1818",16,12,0.75,True
United States. Congress. Senate,16,14,0.875,False
"De Kalb, Johann, 1721-1780",16,15,0.9375,True
"Thutmose III, King of Egypt",15,15,1.0,True
Baltimore and Ohio Railroad Company,15,9,0.6,False
"Charles I, King of England, 1600-1649",15,15,1.0,True
"Saint-Léon, Arthur, 1821-1870",15,15,1.0,True
"Marshall, John, 1755-1835",15,12,0.8,False
"Sunnyside (Tarrytown, N.Y.)",15,13,0.8666666666666667,False
Harvard University,15,13,0.8666666666666667,False
"Jackson, Andrew",15,7,0.4666666666666667,True
Temple of Dendûr (Egypt),15,15,1.0,False
"Clymer, George, 1739-1813",15,7,0.4666666666666667,True
Willimantic Linen Company,15,9,0.6,False
"Ellsworth, Oliver, 1745-1807",15,8,0.5333333333333333,True
"Columbia College (New York, N.Y.)",15,12,0.8,False
"Goncourt, Edmond de, 1822-1896",15,2,0.13333333333333333,True
Opéra de Paris,15,15,1.0,False
"Bastian, Charlie (Charles J.), 1860-1932",15,3,0.2,False
"Castle Garden (New York, N.Y.)",15,14,0.9333333333333333,False
Masjid al-Aqsá (Jerusalem),14,14,1.0,False
"Livingston, Philip, 1716-1778",14,10,0.7142857142857143,True
"Stowe, C. E. (Calvin Ellis), 1802-1886",14,12,0.8571428571428571,False
"Gunning, Tommy (Thomas Francis), 1862-1931",14,4,0.2857142857142857,False
"Rush, Benjamin, 1746-1813",14,10,0.7142857142857143,True
Princeton University,14,14,1.0,False
"Johnson, William, Sir, 1715-1774",14,13,0.9285714285714286,True
"Fitch, John, 1743-1798",14,3,0.21428571428571427,True
Philadelphia & Reading Railroad Co.,14,14,1.0,False
"St. Patrick's Cathedral (New York, N.Y.)",14,11,0.7857142857142857,False
"Warren, Joseph, 1741-1775",14,11,0.7857142857142857,True
Massachusetts Horticultural Society,14,5,0.35714285714285715,False
Renwick Gallery,14,9,0.6428571428571429,False
"Maul, Al, 1865-1958",14,4,0.2857142857142857,True
"Randolph, Edmund, 1753-1813",14,4,0.2857142857142857,True
"Napoleon I, Emperor of the French, 1769-1821",14,12,0.8571428571428571,True
"Forest Hills Cemetery (Boston, Mass.)",14,14,1.0,False
"Mifflin, Thomas, 1744-1800",14,9,0.6428571428571429,True
"Morgan, Daniel, 1736-1802",14,11,0.7857142857142857,True
"Pitre-Chevalier, 1812-1864. Bretagne et Vendée",13,7,0.5384615384615384,True
Northwest Palace (Calah),13,12,0.9230769230769231,False
"Charles II, King of England, 1630-1685",13,12,0.9230769230769231,True
"Appledore House (Appledore Island, Me.)",13,4,0.3076923076923077,False
"Langdon, John, 1741-1819",13,7,0.5384615384615384,True
Shakers,13,10,0.7692307692307693,False
United States. Navy Dept.,13,11,0.8461538461538461,False
"Braddock, Edward, 1695?-1755",13,10,0.7692307692307693,True
Temple of Semna (Sudan),13,12,0.9230769230769231,False
"Woolworth Building (New York, N.Y.)",13,10,0.7692307692307693,False
"Emmet, Thomas Addis, 1828-1919",13,8,0.6153846153846154,True
"Gage, Thomas, 1721-1787",13,9,0.6923076923076923,True
"Qalāwūn, Sultan of Egypt and Syria, d. 1290",13,12,0.9230769230769231,True
"Witherspoon, John, 1723-1794",13,12,0.9230769230769231,True
"Mason, George, 1725-1792",13,8,0.6153846153846154,True
"Petipa, Lucien, 1815-1898",13,13,1.0,True
"McKean, Thomas, 1734-1817",13,10,0.7692307692307693,True
"Young, Brigham, 1801-1877",13,12,0.9230769230769231,True
Philadelphia Athletics (Baseball team),12,10,0.8333333333333334,False
"Livingston, William, 1723-1790",12,8,0.6666666666666666,True
"Baudelaire, Charles, 1821-1867",12,8,0.6666666666666666,True
"Kósciuszko, Tadeusz, 1746-1817",12,9,0.75,True
"Washington, Martha, 1731-1802",12,11,0.9166666666666666,True
"Cheops, King of Egypt",12,11,0.9166666666666666,True
"Pinckney, Charles Cotesworth, 1746-1825",12,12,1.0,True
Mission Inn,12,10,0.8333333333333334,False
"St. Clair, Arthur, 1734-1818",12,7,0.5833333333333334,True
"Dewey, George, 1837-1917",12,12,1.0,True
"Crystal Palace (New York, N.Y.)",12,12,1.0,False
"Hawthorne, Nathaniel, 1804-1864",12,11,0.9166666666666666,True
Temple of Dâbûd (Egypt),12,12,1.0,False
Maine (Battleship),12,11,0.9166666666666666,False
"Ptolemy III Euergetes, King of Egypt, d. 221 B.C.",12,12,1.0,True
American Bible Society,12,7,0.5833333333333334,False
"Taglioni, Marie, 1804-1884",12,9,0.75,True
Oneida Community,12,11,0.9166666666666666,False
"Stark, John, 1728-1822",12,8,0.6666666666666666,True
"Sumter, Thomas, 1734-1832",12,11,0.9166666666666666,True
"Johnson, William Samuel, 1727-1819",12,10,0.8333333333333334,True
"Jâmi` Ibn Tûlûn (Cairo, Egypt)",12,10,0.8333333333333334,False
Boston Red Caps (Baseball team),12,7,0.5833333333333334,False
San Luis Rey Mission (Calif.),12,12,1.0,False
Notre-Dame de Paris (Cathedral),12,8,0.6666666666666666,False
"Cerrito, Fanny",12,10,0.8333333333333334,True
"Hastings, Francis Rawdon-Hastings, Marquess of, 1754-1826",11,10,0.9090909090909091,True
"Qânsûh al-Ghûrî, Sultan of Egypt and Syria, d. 1516",11,11,1.0,True
Boston and Maine Railroad,11,8,0.7272727272727273,False
"Williamson, Hugh, 1735-1819",11,7,0.6363636363636364,True
Massachusetts Institute of Technology,11,9,0.8181818181818182,False
"James I, King of England, 1566-1625",11,10,0.9090909090909091,True
"Elssler, Fanny, 1810-1884",11,9,0.8181818181818182,True
"Roosevelt, Theodore, 1858-1919",11,11,1.0,True
"Museum of Fine Arts, Boston",11,10,0.9090909090909091,False
"King, Rufus, 1755-1827",11,7,0.6363636363636364,True
"Livingston, Robert R., 1746-1813",11,7,0.6363636363636364,True
"Rutledge, John, 1739-1800",11,4,0.36363636363636365,True
University of Pennsylvania,11,11,1.0,False
United States. Bureau of Engraving and Printing,11,7,0.6363636363636364,False
Cornell University,11,9,0.8181818181818182,False
"Ramsay, David, 1749-1815",10,2,0.2,True
"Carpenters' Hall (Philadelphia, Pa.)",10,10,1.0,False
"Merneptah, King of Egypt",10,10,1.0,True
"Benson, Egbert, 1746-1833",10,4,0.4,True
"Mission San Xavier del Bac (Tucson, Ariz.)",10,10,1.0,False
"Lawrence, Florence, 1890-1938",10,10,1.0,True
Rock Temple of el-Derr (Egypt),10,10,1.0,False
"Webster, Daniel, 1782-1852",10,10,1.0,True
"Galloway, Joseph, 1731-1803",10,6,0.6,True
New York Stock Exchange,10,9,0.9,False
"McIntosh, Lachlan, 1725-1806",10,8,0.8,True
"Smith, John, 1580-1631",10,10,1.0,True
Gerf Hussein (Temple),10,10,1.0,False
"Clay, Henry, 1777-1852",10,8,0.8,True
Adam (Biblical figure),10,10,1.0,False
"Augustus, Emperor of Rome, 63 B.C.-14 A.D.",10,10,1.0,True
"Spalding, A. G. (Albert Goodwill)",10,6,0.6,False
"Wilkinson, James, 1757-1825",10,7,0.7,True
Astor Library,10,9,0.9,False
Western Union Telegraph Company,10,7,0.7,False
"Hopkinson, Francis, 1737-1791",10,7,0.7,True
College sports,10,9,0.9,False
"Eastman National Business College (Poughkeepsie, N.Y.)",10,6,0.6,False
"Rodin, Auguste, 1840-1917",10,10,1.0,True
"James II, King of England, 1633-1701",10,10,1.0,True
"St. Paul's Church (New York, N.Y.)",10,9,0.9,False
"Chew, Benjamin, 1722-1810",10,9,0.9,True
"Gadsden, Christopher, 1724-1805",10,7,0.7,True
Constitution (Frigate),10,8,0.8,False
"Duane, James, 1733-1797",10,4,0.4,True
"La Fontaine, Jean de, 1621-1695. Fables",10,10,1.0,True
"Harrison, Benjamin, ca. 1726-1791",10,6,0.6,True
"College of New Jersey (Princeton, N.J.)",10,9,0.9,False
Brown University,9,7,0.7777777777777778,False
"Randolph, Peyton, 1721-1775",9,2,0.2222222222222222,True
"Grasse, François Joseph Paul de Grasse, comte de, 1722-1788",9,7,0.7777777777777778,True
"Garfield, James A. (James Abram), 1831-1881",9,7,0.7777777777777778,False
Grand Army of the Republic,9,7,0.7777777777777778,False
"Schomburg, Arthur Alfonso, 1874-1938",9,8,0.8888888888888888,True
"United States Hotel (Saratoga Springs, N.Y.)",9,9,1.0,False
"Ptolemaic dynasty, 305-30 B.C",9,9,1.0,True
"Tuthmose III, King of Egypt",9,9,1.0,True
"Chatham Square (New York, N.Y.)",9,7,0.7777777777777778,False
"Genet, Edmond Charles, 1763-1834",9,8,0.8888888888888888,True
"George II, King of Great Britain, 1683-1760",9,7,0.7777777777777778,True
"Brown, John, 1800-1859",9,7,0.7777777777777778,True
"Metropolitan Museum of Art (New York, N.Y.)",9,9,1.0,False
"Pendleton, Edmund, 1721-1803",9,6,0.6666666666666666,True
"Pedro I, Emperor of Brazil, 1798-1834",9,9,1.0,True
"Amenhotep II, King of Egypt",9,9,1.0,True
"Sherman, William T. (William Tecumseh), 1820-1891",9,8,0.8888888888888888,False
"Château de Versailles (Versailles, France)",9,9,1.0,False
University of Virginia,9,8,0.8888888888888888,False
"North, Frederick, Lord, 1732-1792",9,7,0.7777777777777778,True
Franconi’s Travelling Hippodrome,9,9,1.0,False
"Alexander, William, 1726-1783",9,8,0.8888888888888888,True
"Andrews, Ed, 1859-1934",9,7,0.7777777777777778,True
"Barnum, P. T. (Phineas Taylor), 1810-1891",9,4,0.4444444444444444,False
"Masonic Hall (New York, N.Y.)",9,8,0.8888888888888888,False
"Rochambeau, Jean-Baptiste-Donatien de Vimeur, comte de, 1725-1807",9,8,0.8888888888888888,True
"Astor House (Hotel : New York, N.Y.)",9,8,0.8888888888888888,False
"Colden, Cadwallader d. (Cadwallader David), 1769-1834",9,6,0.6666666666666666,False
"Osgood, Samuel, 1748-1813",9,7,0.7777777777777778,True
Mar Saba (Monastery),9,9,1.0,False
"Panama-California International Exposition (1916 : San Diego, Calif.)",9,9,1.0,False
"Cooper, James Fenimore, 1789-1851",9,8,0.8888888888888888,True
Museo egizio di Firenze,9,7,0.7777777777777778,False
"Absalom, son of David",9,9,1.0,True
"Latham, Milton S. (Milton Slocumb), 1827-1882",9,1,0.1111111111111111,False
"Trumbull, John, 1756-1843",9,5,0.5555555555555556,True
"Muhlenberg, John Peter Gabriel, 1746-1807",9,5,0.5555555555555556,True
"Laurens, John, 1754-1782",9,3,0.3333333333333333,True
"Moultrie, William, 1730-1805",9,8,0.8888888888888888,True
Delaware and Hudson Canal (N.Y. and Pa.),9,8,0.8888888888888888,False
Beast of the Apocalypse,9,9,1.0,False
"Cromwell, Oliver, 1599-1658",9,7,0.7777777777777778,True
"Harrison, William Henry, 1773-1841",9,9,1.0,True
"Aldrich, Thomas Bailey, 1836-1907",9,9,1.0,True
Essex Institute,8,6,0.75,False
Catskill Mountain House (Hotel),8,6,0.75,False
"Otis, James, 1725-1783",8,5,0.625,True
"Rutledge, Edward, 1749-1800",8,4,0.5,True
"Whittier, John Greenleaf, 1807-1892",8,7,0.875,True
"Atchison, Topeka, and Santa Fe Railroad Company",8,8,1.0,False
United States. Dept. of the Treasury,8,7,0.875,False
"Pan-American Exposition (1901 : Buffalo, N.Y.)",8,8,1.0,False
"Everett, Edward, 1794-1865",8,5,0.625,True
"William II, German Emperor, 1859-1941",8,8,1.0,True
"William III, King of England, 1650-1702",8,8,1.0,True
"Théâtre de la Porte Saint-Martin (Paris, France)",8,8,1.0,False
"Daily, Ed (Edward M.), 1865-1930",8,3,0.375,False
"Old Park Theatre (New York, N.Y.)",8,8,1.0,False
"Thomson, Charles, 1729-1824",8,6,0.75,True
Maywood Company,8,6,0.75,False
"Duer, William, 1747-1799",8,7,0.875,True
"Davis, Jefferson, 1808-1889",8,5,0.625,True
"Douglass, Frederick, 1818-1895",8,8,1.0,True
"Deane, Silas, 1737-1789",8,7,0.875,True
"Ramses IX, King of Egypt",8,8,1.0,True
Universal Negro Improvement Association,8,8,1.0,False
California. National Guard,8,2,0.25,False
"Wythe, George, 1726-1806",8,4,0.5,True
"Temple of the Tooth (Kandy, Sri Lanka)",8,6,0.75,False
"Huntington, Samuel, 1731-1796",8,7,0.875,True
"Tissandier, Gaston, 1843-1899",8,8,1.0,True
"Castle, Irene, 1893-1969",8,8,1.0,True
Freemasons. Grand Lodge of the State of New York,8,3,0.375,False
"Lewis, Morgan, 1754-1844",8,2,0.25,True
"Butler, Pierce, 1744-1822",8,8,1.0,True
"Fifth Avenue Hotel (New York, N.Y.)",8,8,1.0,False
"Few, William, 1748-1828",8,6,0.75,True
"Louis XIV, King of France, 1638-1715",8,6,0.75,True
"Stuart, Gilbert, 1755-1828",7,6,0.8571428571428571,True
Smith College,7,6,0.8571428571428571,False
"Montcalm de Saint-Véran, Louis-Joseph, marquis de, 1712-1759",7,7,1.0,True
"Philip, Sachem of the Wampanoags, d. 1676",7,5,0.7142857142857143,True
"Willing, Thomas, 1731-1821",7,7,1.0,True
"Grisi, Carlotta, 1819-1899",7,7,1.0,True
"Livingston, Edward, 1764-1836",7,5,0.7142857142857143,True
"Mary, Queen of Scots, 1542-1587",7,6,0.8571428571428571,True
"Walton, George, 1749 or 50-1804",7,5,0.7142857142857143,True
"Howard, John Eager, 1752-1827",7,5,0.7142857142857143,True
"Edward VII, King of Great Britain, 1841-1910",7,6,0.8571428571428571,True
African Methodist Episcopal Church,7,7,1.0,False
"Ross, George, 1730-1779",7,6,0.8571428571428571,True
Denver and Rio Grande Railroad Company,7,6,0.8571428571428571,False
"Smallwood, William, 1732-1792",7,5,0.7142857142857143,True
"Lee, Francis Lightfoot, 1734-1797",7,6,0.8571428571428571,True
"Floyd, William, 1734-1821",7,4,0.5714285714285714,True
"McCarthy, Tommy, 1863-1922",7,4,0.5714285714285714,True
"Barré, Isaac, 1726-1802",7,6,0.8571428571428571,True
"Izard, Ralph, 1742-1804",7,6,0.8571428571428571,True
"Drayton, William Henry, 1742-1779",7,3,0.42857142857142855,True
"Bowdoin, James, 1726-1790",7,6,0.8571428571428571,True
"Wolcott, Oliver, 1726-1797",7,5,0.7142857142857143,True
"Amherst, Jeffery Amherst, Baron, 1717-1797",7,6,0.8571428571428571,True
"Shirley, William, 1694-1771",7,4,0.5714285714285714,True
American Sunday-School Union,7,3,0.42857142857142855,False
"Pinkney, George, 1862-1926",7,1,0.14285714285714285,True
"Hatshepsut, Queen of Egypt",7,5,0.7142857142857143,True
"St. George's Church (New York, N.Y.)",7,7,1.0,False
"Bland, Theodorick, 1742-1790",7,6,0.8571428571428571,True
"Ptolemy II Philadelphus, King of Egypt",7,7,1.0,True
"Harrison, Robert Hanson, 1745-1790",7,6,0.8571428571428571,True
"Nefertari, Queen, consort of Ramses II, King of Egypt",7,7,1.0,True
"Horemheb, King of Egypt",7,7,1.0,True
Dartmouth College,7,6,0.8571428571428571,False
"Camden, Charles Pratt, Earl, 1714-1794",7,7,1.0,True
"Burke, Edmund, 1729-1797",7,7,1.0,True
"Christ Church (Boston, Mass.)",7,4,0.5714285714285714,False
Brooklyn Dodgers (Baseball team),7,2,0.2857142857142857,False
Episcopal Church,7,7,1.0,False
"Loudoun, John Campbell, Earl of, 1705-1782",7,6,0.8571428571428571,True
"Scott, Walter, Sir, 1771-1832",7,7,1.0,True
"Bacon, Francis, 1561-1626",7,6,0.8571428571428571,True
"Tyler, John, 1790-1862",7,4,0.5714285714285714,True
Field Museum of Natural History,7,7,1.0,False
Catholic Church,7,7,1.0,False
"Philip IV, King of Spain, 1605-1665",7,4,0.5714285714285714,True
"Sedgwick, Theodore, 1746-1813",7,6,0.8571428571428571,True
"Hone, Philip, 1780-1851",7,7,1.0,True
Tammany Hall,7,6,0.8571428571428571,False
"Amenhotep I, King of Egypt",7,7,1.0,True
Philadelphia Phillies (Baseball team),7,7,1.0,False
"Allen, Ethan, 1738-1789",6,5,0.8333333333333334,True
"Shakespeare, William, 1564-1616. Antony and Cleopatra",6,1,0.16666666666666666,True
"Shakespeare, William, 1564-1616",6,6,1.0,True
"Vespucci, Amerigo, 1451-1512",6,6,1.0,True
"United States. Army. Infantry Regiment, 369th",6,6,1.0,True
"Wentworth, Benning, 1696-1770",6,6,1.0,True
"Nijinsky, Waslaw, 1890-1950",6,6,1.0,True
Mohawk (Steamship),6,5,0.8333333333333334,False
"Trumbull, Joseph, 1737-1778",6,4,0.6666666666666666,True
Detroit Wolverines (Baseball team),6,5,0.8333333333333334,False
"Hotel del Monte (Monterey, Calif.)",6,5,0.8333333333333334,False
"Hotel del Coronado (Coronado, Calif.)",6,6,1.0,False
"San Francisco de Asís Mission (San Francisco, Calif.)",6,4,0.6666666666666666,False
African Methodist Episcopal Zion Church,6,6,1.0,False
"Morrison ""Bud"" Fields (born 1878)",6,3,0.5,False
New York (State). National Guard,6,6,1.0,False
"Sackville, George Germain, Viscount, 1716-1785",6,5,0.8333333333333334,True
"Guimard, Marie Madeleine, 1743-1816",6,5,0.8333333333333334,True
"Lee, Arthur, 1740-1792",6,3,0.5,True
Nikko Toshogu,6,6,1.0,False
"Lafayette, Marie Joseph Paul Yves Roch Gilbert Du Motier, marquis de, 1757-1834",6,6,1.0,True
"Sanders, Ben, 1865-1930",6,2,0.3333333333333333,True
"Pepperrell, William, Sir, 1696-1759",6,6,1.0,True
"Bedford, Gunning, 1747-1812",6,6,1.0,True
"Griffin, Cyrus, 1748-1810",6,4,0.6666666666666666,True
"Braxton, Carter, 1736-1797",6,4,0.6666666666666666,True
"Varick, Richard, 1753-1831",6,5,0.8333333333333334,True
"Hopkins, Stephen, 1707-1785",6,3,0.5,True
"Hand, Edward, 1744-1802",6,5,0.8333333333333334,True
Monticello (Va.),6,6,1.0,False
"Trumbull, Jonathan, 1710-1785",6,4,0.6666666666666666,True
"Buhot, Félix Hilaire, 1847-1898",6,3,0.5,True
"George I, King of Great Britain, 1660-1727",6,6,1.0,True
"Livingston, Robert R., 1718-1775",6,5,0.8333333333333334,True
"Marine Society of the City of New York, in the State of New York",6,5,0.8333333333333334,False
"Clark, Abraham, 1726-1794",6,5,0.8333333333333334,True
"Parker, Peter, Sir, 1721-1811",6,4,0.6666666666666666,True
"Clark, Jonas, 1730-1805",6,6,1.0,True
"Van Buren, Martin, 1782-1862",6,4,0.6666666666666666,True
"Page, John, 1744-1808",6,5,0.8333333333333334,True
"John, the Baptist, Saint",6,6,1.0,True
"Ferry Station Post Office Building (San Francisco, Calif.)",6,5,0.8333333333333334,False
"Old State House (Boston, Mass.)",6,6,1.0,False
"Palais de justice (Paris, France)",6,3,0.5,False
"Baltimore, George Calvert, Baron, 1580?-1632",6,6,1.0,True
"Fairfax, Thomas Fairfax, Lord, 1692-1782",6,5,0.8333333333333334,True
"Blount, William, 1749-1800",6,5,0.8333333333333334,True
"Baltimore, Cecil Calvert, Baron, ca. 1605-1675",6,6,1.0,True
"Smithsonian Institution Building (Washington, D.C.)",6,6,1.0,False
"Lowell, James Russell, 1819-1891",6,5,0.8333333333333334,True
"Union League Club (New York, N.Y.)",6,5,0.8333333333333334,False
"Scott, Winfield, 1786-1866",6,6,1.0,True
"Chaplin, Charles, 1825-1891",6,4,0.6666666666666666,True
"Gilman, Nicholas, 1755-1814",6,6,1.0,True
"Baldwin, Abraham, 1754-1807",6,4,0.6666666666666666,True
"Paine, Thomas, 1737-1809",6,4,0.6666666666666666,True
"Pickens, Andrew, 1739-1817",6,4,0.6666666666666666,True
"Mercer, Hugh, ca. 1725-1777",6,3,0.5,True
"Shippen, Edward, 1729-1806",6,6,1.0,True
"Irvine, William, 1741-1804",6,3,0.5,True
"Ramses IV, King of Egypt",6,6,1.0,True
"Pitre-Chevalier, 1812-1864. La Bretagne ancienne et moderne",6,4,0.6666666666666666,True
"Ralston, William Chapman, 1826-1875",6,4,0.6666666666666666,True
"Winthrop, Theodore, 1828-1861",6,6,1.0,True
"Burton, Robert, 1577-1640",6,5,0.8333333333333334,True
"Stanislavsky, Konstantin, 1863-1938",6,6,1.0,True
"Mary Magdalene, Saint",6,6,1.0,True
"Jackson, William, 1759-1828",6,5,0.8333333333333334,True
"Boudinot, Elias, 1740-1821",6,6,1.0,True
"Duportail, Antoine-Jean-Louis Le Bègue de Presle, 1743-1802",6,2,0.3333333333333333,True
"Botetourt, Norborne Berkeley, Baron de, ca. 1718-1770",6,5,0.8333333333333334,True
"Colt, Elizabeth H",6,4,0.6666666666666666,True
"St. Mark's Church in-the-Bowery (New York, N.Y.)",6,6,1.0,False
Massachusetts Charitable Mechanic Association,6,4,0.6666666666666666,False
"Twain, Mark, 1835-1910",6,6,1.0,True
Boston Reds (Baseball team),6,3,0.5,False
"Old South Church (Boston, Mass.)",6,5,0.8333333333333334,False
Boston Public Library,6,6,1.0,False
"Williams, Otho Holland, 1747-1794",6,4,0.6666666666666666,True
"Jackson, Stonewall, 1824-1863",6,4,0.6666666666666666,True
"Calhoun, John C. (John Caldwell), 1782-1850",5,5,1.0,False
"Hamilton, James, 1710-1783",5,5,1.0,True
"Cabot, Sebastian, 1474 (ca.)-1557",5,4,0.8,False
"Cadwalader, Lambert",5,4,0.8,True
"Thutmose IV, King of Egypt",5,5,1.0,True
"Thompson, Sam, 1860-1922",5,5,1.0,True
Stanford University,5,4,0.8,False
"Dunmore, John Murray, Earl of, 1732-1809",5,4,0.8,True
"Conrad, Joseph, 1857-1924",5,5,1.0,True
"Cooke, George Frederick, 1756-1812",5,5,1.0,True
"Copley, John Singleton, 1738-1815",5,5,1.0,True
"Dorchester, Guy Carleton, Baron, 1724-1808",5,4,0.8,True
"Corot, Jean-Baptiste-Camille, 1796-1875",5,4,0.8,True
"Château Frontenac (Québec, Québec)",5,5,1.0,False
"Strong, Caleb, 1745-1819",5,4,0.8,True
Delilah (Biblical figure),5,4,0.8,False
"Sutro Baths (San Francisco, Calif.)",5,4,0.8,False
"De Korponay, Gabriel",5,5,1.0,True
"Dayton, Jonathan, 1760-1824",5,5,1.0,True
"Taylor, Zachary, 1784-1850",5,5,1.0,True
"Tabernacle (Salt Lake City, Utah)",5,5,1.0,False
Tables,5,5,1.0,False
"Talleyrand-Périgord, Charles Maurice de, prince de Bénévent, 1754-1838",5,5,1.0,True
"Tanner, Henry Schenck, 1786-1858",5,5,1.0,True
"Dickinson, Philemon, 1739-1809",5,5,1.0,True
"Greeley, Horace, 1811-1872",5,4,0.8,True
"Scammell, Alexander, 1747-1781",5,3,0.6,True
"Carnot, H. (Hippolyte), 1801-1888",5,5,1.0,False
"Grant, James, 1720-1806",5,5,1.0,True
"Gorham, Nathaniel, 1738-1796",5,4,0.8,True
"Castle, Vernon, 1887-1918",5,5,1.0,True
United Society of Christian Endeavor,5,5,1.0,False
"Scott, Walter, Sir, 1771-1832. Heart of Midlothian",5,5,1.0,True
"Scott, Walter, Sir, 1771-1832. Rob Roy",5,5,1.0,True
Georgetown University,5,4,0.8,False
"Elizabeth I, Queen of England, 1533-1603",5,5,1.0,True
Chicago White Sox (Baseball team),5,5,1.0,False
"Shakespeare, William, 1564-1616 -- Authorship -- Baconian theory",5,4,0.8,True
"Sharpe, Horatio, 1718-1790",5,2,0.4,True
Church of St. Anne (Jerusalem),5,5,1.0,False
Church of the Nativity (Bethlehem),5,5,1.0,False
"Shippen, William, 1736?-1808",5,4,0.8,True
"Tompkins, Daniel D., 1774-1825",5,3,0.6,True
Sociedad de Actores Israelitas en la Argentina y Uruguay,5,5,1.0,False
"Clinton, James, 1736-1812",5,2,0.4,True
"Emerson, Ralph Waldo, 1803-1882",5,5,1.0,True
"Tuileries Palace (Paris, France)",5,5,1.0,False
"Bassett, Richard, 1745-1815",5,5,1.0,True
"Penn, John, 1729-1795",5,3,0.6,True
"Lee, Thomas, 1690-1750",5,4,0.8,True
"Pennsylvania Station (New York, N.Y.)",5,3,0.6,False
"Laurance, John, 1750-1810",5,5,1.0,True
"Washington, William Augustine, 1752-1810",5,3,0.6,True
"La Vaulx, Henry de, 1870-1930",5,5,1.0,True
"Pickering, Timothy, 1745-1829",5,4,0.8,True
"Bingham, William, 1752-1804",5,5,1.0,True
"Ward, Artemas, 1727-1800",5,4,0.8,True
"Poe, Edgar Allan, 1809-1849",5,4,0.8,True
"Kingsley, Charles, 1819-1875. Westward ho!",5,5,1.0,True
"Polk, James K. (James Knox), 1795-1849",5,3,0.6,False
"Kemble, John Philip, 1757-1823",5,5,1.0,True
"Vergennes, Charles Gravier, comte de, 1719-1787",5,5,1.0,True
"Prévost, Augustine, ca. 1725-1786",5,5,1.0,True
"Blunt, G.W. (George William), 1802-1878",5,5,1.0,False
"Bond, Tommy, 1856-1941",5,2,0.4,True
"Wadsworth, Jeremiah, 1743-1804",5,5,1.0,True
"Jerome, Saint, d. 419 or 20",5,5,1.0,True
Jeremiah (Biblical prophet),5,5,1.0,False
Boston Beaneaters (Baseball team),5,4,0.8,False
Boston and Providence Railroad Corporation,5,5,1.0,False
"Raffet, Denis Auguste Marie, 1804-1860",5,3,0.6,True
"Raleigh, Walter, Sir, 1552?-1618",5,4,0.8,True
"Bouquet, Henry, 1719-1765",5,4,0.8,True
"Ramses I, King of Egypt",5,5,1.0,True
"Ramses VI, King of Egypt",5,5,1.0,True
"Randolph, John, 1773-1833",5,4,0.8,True
"Ingersoll, Jared, 1722-1781",5,4,0.8,True
"Johnston, Samuel, 1733-1816",5,3,0.6,True
"Muhlenberg, Frederick Augustus Conrad, 1750-1801",5,4,0.8,True
"Nelson House (Yorktown, Va.)",5,5,1.0,False
"Morris, Lewis, 1726-1798",5,2,0.4,True
"Moore, Benjamin, 1748-1816",5,5,1.0,True
"Wynkoop, Henry, 1737-1816",5,5,1.0,True
Monitor (Ironclad),5,5,1.0,False
"Mitchill, Samuel L. (Samuel Latham), 1764-1831",5,5,1.0,False
"Middleton, Henry, 1717-1784",5,3,0.6,True
"Wooster, David, 1711-1777",5,4,0.8,True
"McHenry, James, 1753-1816",5,4,0.8,True
"Offenbach, Jacques, 1819-1880",5,5,1.0,True
"Oglethorpe, James Edward, 1696-1785",5,5,1.0,True
"Willis, Nathaniel Parker, 1806-1867",5,5,1.0,True
"Antonius, Marcus, 83?-30 B.C",5,1,0.2,True
"Arbuthnot, Marriot, 1711-1794",5,3,0.6,True
"Lewis, Francis, 1713-1803",5,2,0.4,True
"William V, Prince of Orange, 1748-1806",5,5,1.0,True
"Marie Antoinette, Queen, consort of Louis XVI, King of France, 1755-1793",5,5,1.0,True
"Lyons, Denny, 1866-1929",5,3,0.6,True
Pan American Union,5,5,1.0,False
Ballets russes,5,5,1.0,False
"Bancroft, George, 1800-1891",5,4,0.8,True
"White, Anthony Walton, 1750-1803",5,4,0.8,True
White Island Light (N.H.),5,3,0.6,False
"Barbé-Marbois, François, marquis de, 1745-1837",5,5,1.0,True
"Whipple, William, 1730-1785",5,2,0.4,True
"Livingston, John Henry, 1746-1825",5,5,1.0,True
"Bartlett, Josiah, 1729-1795",5,2,0.4,True
"Paterson, William, 1745-1806",5,4,0.8,True
Lick Observatory,5,4,0.8,False
"West, Benjamin, 1738-1820",5,5,1.0,True
Williams College,5,5,1.0,False
"Buchanan, James, 1791-1868",5,2,0.4,True
"Her Majestys Theatre (London, England)s Theatre (London, England)",5,5,1.0,False
Hotel El Tovar,5,5,1.0,False
Howard University,5,2,0.4,False
"Henry VII, King of England, 1457-1509",5,5,1.0,True
"Hewes, Joseph, 1730-1779",5,5,1.0,True
"Heyward, Thomas, 1746-1809",5,5,1.0,True
"Bryant, William Cullen, 1794-1878",5,4,0.8,True
"Howe, Robert, 1732-1786",5,5,1.0,True
"Rockingham, Charles Watson-Wentworth, Marquis of, 1730-1782",5,5,1.0,True
"Hawkins, Benjamin, 1754-1816",5,4,0.8,True
"Haskell, Llewellyn",5,4,0.8,True
University of Chicago,5,5,1.0,False
"Dana, Francis, 1743-1811",5,4,0.8,True
"Hood, Samuel Hood, Viscount, 1724-1816",5,5,1.0,True
"Hart, John, 1711?-1779",5,5,1.0,True
"Clarendon, Edward Hyde, Earl of, 1661-1723",4,4,1.0,True
"Cadwalader, John, 1742-1786",4,4,1.0,True
"Locke, John, 1632-1704",4,4,1.0,True
"Tokugawa, Ieyasu, 1543-1616",4,3,0.75,True
"Shalmanesar III, King of Assyria, fl. 9th cent. B.C",4,4,1.0,True
"Perry, Oliver Hazard, 1785-1819",4,4,1.0,True
"White, Deacon, 1847-1939",4,3,0.75,True
"Peter, the Apostle, Saint",4,4,1.0,True
"Peters, Richard, 1704-1776",4,3,0.75,True
Paragon (Steamboat),4,1,0.25,False
Society of the Cincinnati,4,4,1.0,False
"Hindenburg, Paul von, 1847-1934",4,4,1.0,True
"Whitefield, George, 1714-1770",4,4,1.0,True
"Byron, George Gordon Byron, Baron, 1788-1824",4,4,1.0,True
"Peters, Richard, 1743-1828",4,3,0.75,True
"Clinton Hall (New York, N.Y.)",4,4,1.0,False
"Whitman, Walt, 1819-1892",4,3,0.75,True
"Cambray, Chevalier de",4,3,0.75,True
"Paine, Robert Treat, 1731-1814",4,2,0.5,True
"Spaight, Richard Dobbs, 1758-1802",4,4,1.0,True
"Willett, Marinus, 1740-1830",4,3,0.75,True
"Mansfield, William Murray, Earl of, 1705-1793",4,4,1.0,True
"Elssler, Thérèse, 1808-1878",4,4,1.0,True
"Marat, Jean Paul, 1743-1793",4,2,0.5,True
"Oswald, Eleazer, 1755-1795",4,3,0.75,True
Clermont (Steamboat),4,4,1.0,False
"Fuller, Loie, 1862-1928",4,3,0.75,True
Pennsylvania Coal Company,4,4,1.0,False
"Penn, Thomas, 1702-1775",4,4,1.0,True
"Rivington, James, 1724-1802",4,2,0.5,True
"Shelby, Isaac, 1750-1826",4,3,0.75,True
"Sheridan, Philip Henry, 1831-1888",4,4,1.0,True
"Penn, John, 1740 or 1-1788",4,4,1.0,True
"Leopoldina, Empress, consort of Pedro I, Emperor of Brazil, 1797-1826",4,4,1.0,True
"Frederick II, King of Prussia, 1712-1786",4,4,1.0,True
"Townshend, George Townshend, Marquis, 1724-1807",4,3,0.75,True
"Holmes, Oliver Wendell, 1809-1894",4,4,1.0,True
"Fraunces Tavern (New York, N.Y.)",4,3,0.75,False
"Fillmore, Millard, 1800-1874",4,3,0.75,True
"Tower of London (London, England)",4,4,1.0,False
"Paul, the Apostle, Saint",4,4,1.0,True
"Beecher, Henry Ward,  1813-1887",4,4,1.0,True
"Hampton, Wade, 1752-1835",4,3,0.75,True
"Trinity Church (New York, N.Y.) -- 1800-1899",4,4,1.0,False
"Francis, John W. (John Wakefield), 1789-1861",4,3,0.75,False
"Rodney, Caesar, 1728-1784",4,4,1.0,True
"Ford, Harriet, 1868-1949. Gentleman of France",4,1,0.25,True
"Ford's Theatre (Washington, D.C.)",4,4,1.0,False
Westminster Abbey,4,4,1.0,False
"Westminster Palace (London, England)",4,2,0.5,False
"Weyman, Stanley John, 1855-1928. Gentleman of France",4,1,0.25,True
Barnum's American Museum,4,4,1.0,False
Basilica di San Pietro in Vaticano,4,4,1.0,False
A.T. Stewart & Co.,4,4,1.0,False
Niblo's Garden Theatre,4,4,1.0,False
Covent Garden Theatre,4,4,1.0,False
"Alexandra, Empress, consort of Nicholas II, Emperor of Russia, 1872-1918",4,4,1.0,True
"Alexander Hamilton United States Custom House (New York, N.Y.)",4,2,0.5,False
"Molière, 1622-1673",4,3,0.75,True
"Wright, Wilbur, 1867-1912",4,4,1.0,True
"Crocker, Charles, 1822-1888",4,2,0.5,True
"Rumford, Benjamin, Graf von, 1753-1814",4,4,1.0,True
"Alcott, Amos Bronson, 1799-1888",4,4,1.0,True
"Stuyvesant, Peter, 1592-1672",4,3,0.75,True
"Sue, Eugène, 1804-1857. Mystères de Paris",4,2,0.5,True
Teatro alla Scala,4,4,1.0,False
"Lansing, John, 1754-1829",4,4,1.0,True
"Morris, George Pope, 1802-1864",4,4,1.0,True
"Sutton, Ezra, 1850-1907",4,4,1.0,True
"Morse, Samuel Finley Breese, 1791-1872",4,4,1.0,True
Moses (Biblical leader),4,4,1.0,False
Mount Holyoke College,4,4,1.0,False
"Cushing, Thomas, 1725-1788",4,4,1.0,True
"Davie, William Richardson, 1756-1820",4,3,0.75,True
"Mount Pleasant House (Bretton Woods, N.H.)",4,3,0.75,False
"Adams, Abigail, 1744-1818",4,4,1.0,True
"Taglioni, Marie, 1833-1891",4,4,1.0,True
"Taglioni, Paul, 1808-1884",4,4,1.0,True
"Zimniĭ dvoret︠s︡ (Saint Petersburg, Russia)",4,4,1.0,False
"Dane, Nathan, 1752-1835",4,3,0.75,True
"Méryon, Charles, 1821-1868",4,3,0.75,True
"Morrill, John, 1855-1932",4,3,0.75,True
"Astor, John Jacob, 1822-1890",4,4,1.0,True
Astor Place Opera House,4,4,1.0,False
Elijah (Biblical prophet),4,4,1.0,False
"Tiberius, Emperor of Rome, 42 B.C.-37 A.D.",4,4,1.0,True
"Mark, Saint",4,4,1.0,True
"William IV, King of Great Britain, 1765-1837",4,4,1.0,True
"Edwards, Jonathan, 1703-1758",4,4,1.0,True
Williams & Walker (Comedy team),4,4,1.0,False
"Thutmose I, King of Egypt",4,4,1.0,True
"Henry, Edward Lamson, 1841-1919",4,3,0.75,True
"Thurlow, Edward Thurlow, Baron, 1731-1806",4,3,0.75,True
"Henry VIII, King of England, 1491-1547",4,4,1.0,True
"Dôst Mohammad Khân, Amir of Afghanistan, 1793-1863",4,4,1.0,True
"Thoreau, Henry David, 1817-1862",4,3,0.75,True
"Nicholas II, Emperor of Russia, 1868-1918",4,4,1.0,True
"Wilson, James, 1742-1798",4,2,0.5,True
"Bute, John Stuart, Earl of, 1713-1792",4,3,0.75,True
"Stanford, Leland, 1824-1893",4,3,0.75,True
"Dunlap, William, 1766-1839",4,4,1.0,True
"Du Maurier, George, 1834-1896. Trilby",4,4,1.0,True
Amherst College,4,4,1.0,False
"Teti, King of Egypt",4,4,1.0,True
"Mercer, James, 1736-1793",4,3,0.75,True
"Mercer, John Francis, 1759-1821",4,4,1.0,True
"Djoser, King of Egypt",4,4,1.0,True
"Alsop, John, 1724-1794",4,4,1.0,True
"Stockton, Richard, 1730-1781",4,4,1.0,True
"Dinwiddie, Robert, 1693-1770",4,2,0.5,True
Metropolitan Life Insurance Company,4,3,0.75,False
"Dyer, Eliphalet, 1721-1807",4,3,0.75,True
"Carrington, Edward, 1749-1810",4,2,0.5,True
Boston Athenaeum,4,4,1.0,False
"Walter, Bruno, 1876-1962",4,4,1.0,True
"Kent, James, 1763-1847",4,4,1.0,True
"Scott, Walter, Sir, 1771-1832. Fair maid of Perth",4,4,1.0,True
"George IV, King of Great Britain, 1762-1830",4,4,1.0,True
"Charlotte, Queen, consort of George III, King of Great Britain, 1744-1818",4,3,0.75,True
"Hopkins, Esek, 1718-1802",4,4,1.0,True
"Inness, George, 1825-1894",4,4,1.0,True
"Gould, Charlie, 1847-1917",4,4,1.0,True
"Riker, Richard",4,4,1.0,True
"United States. Army. New York Infantry Regiment, 7th (1861-1863)",4,1,0.25,False
"Schafer, Harry, 1846-1935",4,4,1.0,True
"Chastellux, François Jean, marquis de, 1734-1788",4,3,0.75,True
"Pocahontas, d. 1617",4,3,0.75,True
Great Britain,4,4,1.0,False
"Hosack, David, 1769-1835",4,3,0.75,True
Boston and Albany Railroad Co.,4,4,1.0,False
"Howe, George Augustus, Viscount, ca. 1724-1758",4,3,0.75,True
Jonah (Biblical prophet),4,4,1.0,False
"Jacque, Charles Emile, 1813-1894",4,4,1.0,True
Boston City Hospital,4,4,1.0,False
Gilmore's Band,4,3,0.75,False
United States Naval Academy,4,4,1.0,False
"Glover, John, 1732-1797",4,2,0.5,True
"Huger, Isaac, 1742 or 3-1797",4,2,0.5,True
Car of Neptune (Steamboat),4,1,0.25,False
Jâmi` al-Azhar,4,4,1.0,False
"Johnson, Thomas, 1732-1819",4,3,0.75,True
"J.R. Brown & Sharpe (Providence, R.I.)",4,3,0.75,False
"Guiffrey, Jules, 1840-1918",4,2,0.5,True
"Scott, Walter, Sir, 1771-1832. Kenilworth",4,4,1.0,True
"Poussin, Nicolas, 1594?-1665",4,3,0.75,True
"Kean, Edmund, 1787-1833",4,4,1.0,True
Carrère & Hastings,4,1,0.25,False
"Gautier, Théophile, 1811-1872",4,2,0.5,True
"Pierce, Franklin, 1804-1869",4,3,0.75,True
"Huntington, Benjamin, 1736-1800",4,3,0.75,True
"Garrick, David, 1717-1779",4,4,1.0,True
"Scott, Charles, 1739-1813",4,4,1.0,True
"Hooper, William, 1742-1790",4,4,1.0,True
"San Francisco de Asís Mission (San Francisco, Calif.)",4,2,0.5,False
Jim Europe's 369th Infantry Band,4,4,1.0,False
"Tucker, Thomas Tudor, 1745-1828",4,3,0.75,True
"La Rouërie, Charles Armand Tuffin, marquis de, 1751-1793",4,3,0.75,True
Vanderbilt family -- Homes and haunts -- New York (State) -- New York,4,4,1.0,False
"Gwinnett, Button, ca. 1735-1777",4,3,0.75,True
"Washington, Bushrod, 1762-1829",4,2,0.5,True
"Philip Arrhidaeus, d. 317 B.C.",4,4,1.0,True
"Gallatin, Albert, 1761-1849",4,1,0.25,True
"Santos-Dumont, Alberto, 1873-1932",4,4,1.0,True
"Boscawen, Edward, 1711-1761",4,4,1.0,True
"Varnum, James M. (Mitchell), 1748-1789",4,3,0.75,False
"Hugo, Victor, 1802-1885",4,3,0.75,True
"Hutchinson, Thomas, 1711-1780",4,3,0.75,True
Gay Head Light (Mass.),4,2,0.5,False
Knights Templar (Masonic order),4,4,1.0,False
"Verplanck, Gulian C. (Gulian Crommelin), 1786-1870",4,3,0.75,False
"Cathédrale Notre-Dame (Rouen, France)",4,4,1.0,False
"Schurman, Anna Maria van, 1607-1678",3,3,1.0,True
"Jenifer, Daniel of St. Thomas, 1723-1790",3,3,1.0,True
"Mechanics Hall (Worcester, Mass.)",3,2,0.6666666666666666,False
"Stevens, Edwin A. (Edwin Augustus), 1795-1868",3,3,1.0,False
"Melnik, Naum",3,3,1.0,True
"Norris, Isaac, 1701-1766",3,3,1.0,True
"Duffield, George, 1732-1790",3,3,1.0,True
"Menkaure, King of Egypt, 26th cent. B.C",3,3,1.0,True
"Mazzei, Filippo, 1730-1816",3,3,1.0,True
"Stevenson, Robert Louis, 1850-1894",3,3,1.0,True
"Schureman, James, 1756-1824",3,3,1.0,True
"Stewart, Walter, 1756-1796",3,2,0.6666666666666666,True
"Dumas, Alexandre, 1802-1870",3,1,0.3333333333333333,True
"Noblet, Lise, 1801-1852",3,2,0.6666666666666666,True
"Standish, Myles, 1584?-1656",3,3,1.0,True
"Durand, Asher Brown, 1796-1886",3,3,1.0,True
"McVey, Cal, 1850-1926",3,3,1.0,True
"Dubouché, Adrien, 1818-1881",3,1,0.3333333333333333,True
"Quincy, Josiah, 1744-1775",3,3,1.0,True
"McDougall, Alexander, 1732-1786",3,3,1.0,True
"McClurg, James, ca. 1746-1823",3,3,1.0,True
"Oceanic Hotel (Gosport, N.H.)",3,2,0.6666666666666666,False
"Mazilier, Joseph, 1797-1868",3,3,1.0,True
"Mazurier, Charles",3,3,1.0,True
"Nâsir Muhammad ibn Qalâwûn, Sultân of Egypt and Syria, 1285-1341",3,3,1.0,True
"McClellan, George Brinton, 1826-1885",3,2,0.6666666666666666,True
"Duncan, Isadora, 1877-1927",3,2,0.6666666666666666,True
"Dunning, John, Baron Ashburton, 1731-1783",3,2,0.6666666666666666,True
"Rutgers, Henry, 1745-1830",3,3,1.0,True
"Maybrick, Florence Elizabeth Chandler, 1862-1941",3,2,0.6666666666666666,True
"Gunston Hall (Fairfax County, Va.)",3,2,0.6666666666666666,False
"Duchesne, Jean, 1779-1855",3,1,0.3333333333333333,True
"Duché, Jacob, 1738-1798",3,3,1.0,True
"Drake, Francis, Sir, 1540?-1596",3,3,1.0,True
Norwich and Worcester Railroad Company,3,3,1.0,False
"Oakland Cemetery (Atlanta, Ga.)",3,3,1.0,False
"Morisot, Berthe, 1841-1895",3,2,0.6666666666666666,True
"Dearborn, Henry, 1751-1829",3,2,0.6666666666666666,True
"Rubinstein, Ida, 1885?-1960",3,3,1.0,True
"Randolph, Martha Jefferson, 1772-1836",3,2,0.6666666666666666,True
"Morris, Roger, 1727-1794",3,3,1.0,True
"Scarborough, W. S. (William Sanders), 1852-1926",3,3,1.0,False
"Sandwich, John Montagu, Earl of, 1718-1792",3,3,1.0,True
"Rasles, Sébastien, 1657-1724",3,3,1.0,True
"Dayton, Elias, 1737-1807",3,3,1.0,True
"Mount Hope Cemetery (Rochester, N.Y.)",3,3,1.0,False
"Read, Jacob, 1752-1816",3,3,1.0,True
New York Tribune Building,3,3,1.0,False
"Reilly, Charlie, 1867-1937",3,3,1.0,True
"Greene, Christopher, 1734-1781",3,3,1.0,True
"Dartmouth, William Legge, Earl of, 1731-1801",3,3,1.0,True
"Saunders, Charles, Sir, 1713?-1775",3,3,1.0,True
"Dargenty, G., b. 1832",3,2,0.6666666666666666,True
"Mumtaz Mahal, Empress, consort of Shahjahan, Emperor of India, d. 1631",3,3,1.0,True
"Murray, John, 1741-1815",3,3,1.0,True
Danseuses Viennoises,3,3,1.0,False
"Renard, Charles,",3,3,1.0,True
Museo egizio di Torino,3,3,1.0,False
"Nash, Abner, ca. 1740-1786",3,2,0.6666666666666666,True
"Tammany Society, or Columbian order (N.Y.)",3,3,1.0,False
Great Western (Steamship),3,3,1.0,False
"Metropolitan Hotel (New York, N.Y.)",3,3,1.0,False
"Rabelais, François, ca. 1490-1553?",3,2,0.6666666666666666,True
"Jackson, James, 1757-1806",3,3,1.0,True
"Grafton, Augustus Henry Fitzroy, Duke of, 1735-1811",3,3,1.0,True
"Rosslyn, Alexander Wedderburn, Earl of, 1733-1805",3,3,1.0,True
"Middleton, Arthur, 1742-1787",3,3,1.0,True
"Hawks, Francis L. (Francis Lister), 1798-1866",3,3,1.0,False
"Milton, John, 1608-1674",3,3,1.0,True
"Grahn, Lucile, 1819-1907",3,3,1.0,True
Hudson River Railroad,3,3,1.0,False
"Dewey, George, 1837-1917 -- Monuments -- New York (State) -- New York",3,3,1.0,False
New York and Erie Railroad Company,3,3,1.0,False
"Moran, Thomas, 1837-1926",3,2,0.6666666666666666,True
"Devlin, Jim (James H.), 1866-1900",3,3,1.0,False
"Schoenberg, Arnold, 1874-1951",3,3,1.0,True
"Stair, John Dalrymple, Earl of, 1673-1747",3,3,1.0,True
"Molnár, Ferenc, 1878-1952",3,3,1.0,True
"Monckton, Robert, 1726-1782",3,3,1.0,True
"Grand Central Terminal (New York, N.Y.)",3,3,1.0,False
"Grant, Anne MacVicar, 1755-1838",3,3,1.0,True
"International Mercantile Marine Company Building (New York, N.Y.)",3,3,1.0,False
New York Life Insurance Company,3,2,0.6666666666666666,False
New York Hospital,3,3,1.0,False
"Delahanty, Ed, 1867-1903",3,3,1.0,True
"Harvie, John, 1742-1807",3,1,0.3333333333333333,True
New York World's Fair (1939-1940),3,3,1.0,False
"Fox, Charles James, 1749-1806",3,3,1.0,True
"Silvain, James, -1856",3,2,0.6666666666666666,True
"Rodney, George Brydges Rodney, Baron, 1719-1792",3,3,1.0,True
"King's College (New York, N.Y.)",3,3,1.0,False
"Lind, Jenny, 1820-1887",3,3,1.0,True
"Livermore, Samuel, 1732-1803",3,3,1.0,True
"Keppel, Augustus Keppel, Viscount, 1725-1786",3,3,1.0,True
"Livingston, Brockholst, 1757-1823",3,3,1.0,True
"Hallman, Bill, 1867-1920",3,3,1.0,True
"Higginson, Stephen, 1743-1828",3,3,1.0,True
Potter's Field (Jerusalem),3,3,1.0,False
"Keefe, Tim, 1857-1933",3,3,1.0,True
"Edinburgh Castle (Edinburgh, Scotland)",3,3,1.0,False
"Louis XIII, King of France, 1601-1643",3,3,1.0,True
"Smith, Jonathan Bayard, 1742-1812",3,1,0.3333333333333333,True
"Smith, Meriwether, 1730-1790",3,3,1.0,True
"Kant, Immanuel, 1724-1804",3,2,0.6666666666666666,True
"Smith, Samuel, 1731-1777",3,3,1.0,True
"Smith, William Stephens, 1755-1816",3,3,1.0,True
"Louis XV, King of France, 1710-1774",3,3,1.0,True
"Hanlon, Ned (Edward Hugh), 1857-1937",3,3,1.0,False
"Low, Isaac, 1735-1791",3,3,1.0,True
"Geta Lucius Septimius, Emperor of Rome, 189-212",3,3,1.0,True
"Gilbert, Humphrey, Sir, 1539?-1583",3,3,1.0,True
"Presbyterian Hospital (New York, N.Y.)",3,2,0.6666666666666666,False
"Luke, Saint",3,3,1.0,True
"Louis Philippe, King of the French, 1773-1850",3,2,0.6666666666666666,True
"Lajoie, Napoleon, 1874-1959",3,3,1.0,True
"Langlois, E.-H. (Eustache-Hyacinthe), 1777-1837",3,1,0.3333333333333333,False
"Lansdowne, William Petty, Marquis of, 1737-1805",3,3,1.0,True
"Gansevoort, Peter, 1749-1812",3,3,1.0,True
"Hamilton, Billy, 1866-1940",3,3,1.0,True
"Ganzel, Charlie (Charles William), 1862-1914",3,3,1.0,False
"Law, Richard, 1733-1806",3,3,1.0,True
"Phillips, William, 1731?-1781",3,3,1.0,True
"La Luzerne, Anne-César, chevalier de, 1741-1791",3,3,1.0,True
"Sevier, John, 1745-1815",3,3,1.0,True
"Freund, Marya, 1876-1966",3,3,1.0,True
"Pinckney, Thomas, 1750-1828",3,2,0.6666666666666666,True
"Sheridan, Richard Brinsley, 1751-1816",3,3,1.0,True
"Siddons, Sarah, 1755-1831",3,3,1.0,True
"Leonard, Andy, 1846-1903",3,3,1.0,True
Kongelige Teater (Denmark),3,3,1.0,False
"Sesostris I, King of Egypt",3,3,1.0,True
"Peale, Charles Willson, 1741-1827",3,3,1.0,True
"Rittenhouse, David, 1732-1796",3,3,1.0,False
"Payne, John Howard, 1791-1852",3,3,1.0,True
Rockefeller Center,3,3,1.0,False
General Society of Mechanics and tradesmen of the City of New York,3,2,0.6666666666666666,False
"Shippen, William, 1712-1801",3,3,1.0,True
Liberty life Insurance Co.,3,3,1.0,False
"Serra, Junipero, 1713-1784",3,3,1.0,True
"Kinsey, James, 1731-1803",3,2,0.6666666666666666,True
France. Marine,3,3,1.0,False
"Robespierre, Maximilien, 1758-1794",3,2,0.6666666666666666,True
"Johnson, Henry, Sir, 1748-1835",3,3,1.0,True
"Elizabeth (Mother of John the Baptist), Saint",3,3,1.0,False
"Scott, Walter, Sir, 1771-1832. Ivanhoe",3,3,1.0,True
"Johnson, Andrew, 1808-1875",3,3,1.0,True
St. James's Palace,3,3,1.0,False
Goliath (Biblical giant),3,3,1.0,False
"John VI, King of Portugal, 1767-1826",3,3,1.0,True
"Putnam, Rufus, 1738-1824",3,3,1.0,True
"Hardy, Samuel, 1758-1785",3,2,0.6666666666666666,True
"Marshall, Joseph",3,3,1.0,False
"Edward VI, King of England, 1537-1553",3,3,1.0,True
"St. John's College (Annapolis, Md.)",3,3,1.0,False
"Joseph II, Holy Roman Emperor, 1741-1790",3,3,1.0,True
"Oliver, Andrew, 1706-1774",3,3,1.0,True
"St. Luke's Hospital (New York, N.Y.)",3,3,1.0,False
"Mary II, Queen of England, 1662-1694",3,3,1.0,True
"Goncourt, Jules de, 1830-1870",3,1,0.3333333333333333,True
"Puvis de Chavannes, Pierre, 1824-1898",3,2,0.6666666666666666,True
Gondolas,3,3,1.0,False
"Schuyler, Peter, 1657-1724",3,3,1.0,True
Massachusetts. Governor (1741-1757 : Shirley),3,2,0.6666666666666666,False
"Mather, Cotton, 1663-1728",3,3,1.0,True
"Rosenblum, Dora",3,3,1.0,True
"Dwight, Timothy, 1752-1817",3,3,1.0,True
"Matthew, the Apostle, Saint",3,3,1.0,True
"St. Thomas' Church (New York, N.Y.)",3,3,1.0,False
"Olʹga Nikolaevna, Grand Duchess, daughter of Nicholas II, Emperor of Russia, 1895-1918",3,3,1.0,True
"Pappenheim, Gottfried Heinrich von, 1594-1632",3,3,1.0,True
"Jones, Willie, ca. 1741-1801",3,3,1.0,True
"Solomon, King of Israel",3,2,0.6666666666666666,True
"Lynch, Thomas, 1749-1779",3,3,1.0,True
"Europe, James Reese, 1881-1919",3,3,1.0,True
Southern Pacific Railroad Company,3,3,1.0,False
"Second Church (Boston, Mass.)",3,3,1.0,False
"Hanson, John, 1715-1783",3,2,0.6666666666666666,True
Southport (Conn.),3,3,1.0,False
"Jones, John Paul, 1747-1792",3,3,1.0,True
"Lyons, Harry, 1866-1912",3,3,1.0,True
"Léopold I, King of the Belgians, 1790-1865",3,3,1.0,True
"Macdonough, Thomas, 1783-1825",3,3,1.0,True
"Ellicott, Andrew, 1754-1820",3,2,0.6666666666666666,True
"Madison Cottage (New York, N.Y.)",3,3,1.0,False
"Paca, William, 1740-1799",3,2,0.6666666666666666,True
"Erasmus, Desiderius, d. 1536",3,1,0.3333333333333333,True
Mammoth Motor Inn,3,3,1.0,False
"Manet, Edouard, 1832-1883",3,3,1.0,True
"Endecott, John, 1588?-1665",3,3,1.0,True
"Manning, Jack, 1853-1929",3,3,1.0,True
"Hall, Lyman, 1724-1790",3,3,1.0,False
"Halket, Peter, Sir, 1695-1755",3,3,1.0,True
"Glover, Amelia",3,1,0.3333333333333333,True
"Hoschedé, Ernest",3,2,0.6666666666666666,True
"Scott, Walter, Sir, 1771-1832. Quentin Durward",3,2,0.6666666666666666,True
"Spotswood, Alexander, 1676-1740",3,3,1.0,True
"Jones, Charley, b. 1850",3,2,0.6666666666666666,True
"Benton, Thomas Hart, 1782-1858",3,2,0.6666666666666666,True
College of Physicians and Surgeons in the City of New York,3,3,1.0,False
"Wallack, James William, 1791?-1864",3,3,1.0,True
College of William and Mary,3,3,1.0,False
"Cleopatra, Queen of Egypt, d. 30 B.C",3,3,1.0,True
Adelbert College,3,3,1.0,False
Union Dime Savings Bank,3,2,0.6666666666666666,False
"Champlain, Samuel de, 1567-1635",3,3,1.0,True
Bowery Theatre -- 1820-1829,3,2,0.6666666666666666,False
"Temple, Richard Grenville-Temple, Earl, 1711-1779",3,3,1.0,False
"Thurston, Howard, 1869-1936",3,3,1.0,True
"Union Station (Washington, D.C.)",3,3,1.0,False
America -- Name,3,3,1.0,False
"Unitarian Church of All Souls (New York, N.Y.)",3,3,1.0,False
"United States. Army. Infantry Regiment, 15th",3,3,1.0,True
"Washington, George, 1732-1799 -- Portraits",3,3,1.0,True
"Cladel, Léon, 1835-1892",3,1,0.3333333333333333,True
"Thornton, Matthew, 1714?-1803",3,2,0.6666666666666666,True
"Champfleury, 1821-1889",3,2,0.6666666666666666,True
"Adams, Thomas, 1730-1788",3,1,0.3333333333333333,True
Young Men's Christian Association of the City of New York,3,3,1.0,False
Temple of Artemis (Ephesus),3,3,1.0,False
"Black Star Line, Inc.",3,3,1.0,True
Warwick (N.Y.),3,3,1.0,False
"Boissy d'Anglas, François-Antoine, comte de, 1756-1826",3,1,0.3333333333333333,True
American Red Cross,3,3,1.0,False
Camden and Amboy Railroad and Transportation Company,3,2,0.6666666666666666,False
"Bernard, Francis, Sir, 1712-1779",3,3,1.0,True
"Astor, John Jacob, 1763-1848",3,3,1.0,True
"Crane, Stephen, 1709-1780",3,2,0.6666666666666666,True
"Viète, François, 1540-1603",3,1,0.3333333333333333,True
"Bowler, Metcalf, ca. 1726-1789",3,3,1.0,True
"Coxe, Tench, 1755-1824",3,2,0.6666666666666666,True
"Allen, Bob, 1867-1945",3,3,1.0,True
"Chapman, Maria Weston, 1806-1885",3,2,0.6666666666666666,True
"Cotton States Exposition (1895 : Atlanta, Ga.)",3,3,1.0,False
Costermonger,3,3,1.0,False
"Blackstone, William, Sir, 1723-1780",3,3,1.0,True
"Castillon de Saint-Victor, Georges",3,3,1.0,False
"Carsey, Kid, 1870-1960",3,3,1.0,True
United States Christian Commission,3,3,1.0,False
"Cartier, Jacques, 1491-1557",3,3,1.0,True
Connecticut Western Railroad Co.,3,3,1.0,False
"Castagnary, 1830-1888",3,1,0.3333333333333333,True
"Armstrong, John, 1758-1843",3,3,1.0,True
"Villoteau, Guillaume André, 1759-1839",3,3,1.0,True
"Bradford, William, 1719-1791",3,3,1.0,True
"Thomas, John, 1724-1776",3,2,0.6666666666666666,True
Concord Antiquarian Society,3,3,1.0,False
"Burdock, Jack, 1852-1931",3,3,1.0,True
"Clarkson, Matthew, 1758-1825",3,2,0.6666666666666666,True
"Thomas, George Henry, 1816-1870",3,3,1.0,True
"Blériot, Louis, 1872-1936",3,3,1.0,True
"Burke, Aedanus, 1743-1802",3,3,1.0,True
"Burnet, William, 1688-1729",3,2,0.6666666666666666,True
"Thomas J. Lipton, Inc.",3,3,1.0,True
"Ahmose-Nofretari, queen consort of Ahmose I, King of Egypt",3,3,1.0,True
"Williams, William, 1731-1811",3,2,0.6666666666666666,True
"Volney, C.-F. (Constantin-François), 1757-1820",3,2,0.6666666666666666,False
"Cooper, Peter, 1791-1883",3,3,1.0,True
"Voltaire, 1694-1778",3,3,1.0,True
"United States. Army. Cavalry, 9th",3,2,0.6666666666666666,True
"Thacher, George, 1754-1824",3,3,1.0,True
United States,3,3,1.0,False
United States. Army,3,3,1.0,False
"Thacher, James, 1754-1844",3,2,0.6666666666666666,True
"Clay, Cassius Marcellus, 1810-1903",3,3,1.0,True
"Blondin, 1824-1897",3,3,1.0,True
"White, William, 1748-1836",3,3,1.0,True
"Albemarle, George Monck, Duke of, 1608-1670",3,3,1.0,True
"Claiborne, William C. C. (William Charles Cole), 1775-1817",3,3,1.0,False
"Claiborne, William, 1600?-ca. 1676",3,3,1.0,True
B. Altman & Co.,3,3,1.0,False
"Conway, Henry Seymour, 1721-1795",3,3,1.0,True
University of Wisconsin,3,2,0.6666666666666666,False
"Carroll, John, 1735-1815",3,3,1.0,True
"Weems, M. L. (Mason Locke), 1759-1825",3,3,1.0,False
"Barlow, Joel, 1754-1812",3,2,0.6666666666666666,True
"West, Benjamin, 1746-1817",3,2,0.6666666666666666,True
"Broadway Theatre (New York, N.Y. : 1847-1859)",3,3,1.0,False
"Trinity College (Hartford, Conn.)",3,2,0.6666666666666666,False
"Tati͡ana Nikolaevna, Grand Duchess, daughter of Nicholas II, Emperor of Russia, 1897-1918",3,3,1.0,True
"Chase, Samuel, 1741-1811",3,2,0.6666666666666666,True
"Tilghman, Matthew, 1718-1790",3,2,0.6666666666666666,True
"Vanderbilt, Cornelius, 1843-1899",3,3,1.0,True
"Cochran, John, 1730-1807",3,3,1.0,True
"Vane, Henry, Sir, 1612?-1662",3,1,0.3333333333333333,True
"Brouthers, Dan, 1858-1932",3,3,1.0,True
"Chatham Theatre (New York, N.Y.)",3,2,0.6666666666666666,False
"Wirt, William, 1772-1834",3,3,1.0,True
"Andros, Edmund, Sir, 1637-1714",3,2,0.6666666666666666,True
"Brant, Joseph, 1742-1807",3,3,1.0,True
"Church of the Messiah (New York, N.Y.)",3,2,0.6666666666666666,False
Wellesley College,3,3,1.0,False
"Anne (Mother of the Virgin Mary), Saint",3,3,1.0,False
"Waldorf-Astoria Hotel (New York, N.Y.)",3,3,1.0,False
Belgian Congo. Force publique,3,3,1.0,False
"Wilkes, John, 1727-1797",3,3,1.0,True
"Weyhing, Gus, 1866-1955",3,3,1.0,True
"Anderson, Alexander, 1775-1870",3,3,1.0,True
"Boone, Daniel, 1734-1820",3,2,0.6666666666666666,True
"Tilghman, Edward, 1750-1815",3,2,0.6666666666666666,True
"Custis, John Parke, 1754-1781",3,3,1.0,True
Chesapeake and Ohio Railway Company,3,3,1.0,False
"Camprubí, Mariano",3,3,1.0,True
"Cusick, Tony (Andrew Daniel), 1857-1929",3,2,0.6666666666666666,False
"Warren, Peter, Sir, 1703-1752",3,3,1.0,True
"Carey, Mathew, 1760-1839",3,3,1.0,True
United States. Army. Women's Army Corps,3,3,1.0,False
"Wolcott, Oliver, 1760-1833",3,3,1.0,True
"Tōdaiji (Nara-shi, Japan)",3,3,1.0,False
"Ames, Fisher, 1758-1808",3,3,1.0,True
"Baylor, George, 1752-1784",3,3,1.0,True
"Dallas, George Mifflin, 1792-1864",3,2,0.6666666666666666,True
"U. S. Court House (New York, N.Y.)",3,3,1.0,False
"Van Rensselaer, Jeremias, d. 1674",3,3,1.0,True
"Cleveland, Grover, 1837-1908",3,3,1.0,True
"Cruger, John, 1710-1791",3,1,0.3333333333333333,True
"Cross, Lave, 1866-1927",3,3,1.0,True
Atlantic Telegraph Co.,3,2,0.6666666666666666,False
"Caracalla, Emperor of Rome, 188-217",3,3,1.0,True
"Whistler, James McNeill, 1834-1903",3,3,1.0,True
"Colden, Cadwallader, 1688-1776",3,3,1.0,True
"Charles III, King of Spain, 1716-1788",3,2,0.6666666666666666,True
Aunts,3,2,0.6666666666666666,False
"Bond, Benjamin",3,3,1.0,True
"Dade, Francis Langhorne, 1793?-1835",3,3,1.0,True
Cupboards,3,3,1.0,False
"Wright, George, 1847-1937",3,3,1.0,True
"Twenty-eighth Congregational Society (Boston, Mass.)",3,3,1.0,False
"Broadway Tabernacle (New York, N.Y.)",3,2,0.6666666666666666,False
"Andre, John, 1751-1780",3,3,1.0,True
"Allen, Andrew, 1740-1825",3,2,0.6666666666666666,True
"Anne, Queen of Great Britain, 1665-1714",3,3,1.0,True
"Élie, Georges, 1800-1883",3,3,1.0,True
"Bowery (New York, N.Y.)",3,3,1.0,False
"Townshend, Charles, 1725-1767",3,3,1.0,True
"Trajan, Emperor of Rome, 53-117",3,3,1.0,True
"Grosbard, Herz, 1892-1994",2,2,1.0,True
Manufacture nationale de Sèvres,2,2,1.0,False
"Manning, James, 1738-1791",2,2,1.0,True
"Bouille, Francois-Claude-Amour, marquis de, 1739-1800",2,1,0.5,True
"Grundy, Felix, 1777-1840",2,2,1.0,True
"Cary, Archibald, 1721-1787",2,2,1.0,True
"Jane Seymour, Queen, consort of Henry VIII, King of England, 1509?-1537",2,2,1.0,True
"Arnett, Benjamin William, 1838-1906",2,2,1.0,True
"Carroll, Daniel, 1764-1849",2,2,1.0,True
"Carver, George Washington, 1864?-1943",2,2,1.0,True
William Eustace Barron,2,2,1.0,False
"Mantellier, Philippe, 1810-1884",2,1,0.5,True
"Boughton, George Henry, 1834-1905",2,2,1.0,True
"Leconte, Casimir",2,1,0.5,True
"Sargent, John Singer, 1856-1925",2,2,1.0,True
"Sargent, Henry Winthrop, 1810-1882",2,2,1.0,True
"Jackson, Jonathan, 1743-1810",2,2,1.0,True
"Bougainville, Louis-Antoine de, Comte, 1729-1811",2,2,1.0,True
"Grenville, Richard, Sir, 1541?-1591",2,2,1.0,True
Oregon Art Project,2,2,1.0,False
Opéra de Paris.,2,2,1.0,False
"Ashurbanipal, King of Assyria, fl. 668-627 B.C.",2,2,1.0,True
Weirs,2,2,1.0,False
Carmencita,2,1,0.5,False
"United States. Army. Infantry Regiment, 370th",2,2,1.0,True
Carnegie Library of Pittsburgh,2,2,1.0,False
James Bleecker and Sons,2,2,1.0,False
Great Eastern (Steamship),2,2,1.0,False
"Grey, Charles Grey, Earl of, 1729-1807",2,2,1.0,True
Great Britain. Royal Navy. African Squadron,2,2,1.0,False
"Carlota Joaquina, Queen, consort of John VI, King of Portugal, 1775-1830",2,2,1.0,True
Great Britain. Parliament. House of Lords,2,2,1.0,False
"Saye and Sele, William Fiennes, Viscount, 1582-1662",2,2,1.0,True
"Carnegie, Andrew, 1835-1919",2,2,1.0,True
"Carlisle, Frederick Howard, Earl of, 1748-1825",2,1,0.5,True
"Opfermann, Franz",2,1,0.5,True
"Marquette, Jacques, 1637-1675",2,2,1.0,True
"Marchant, Henry, 1741-1796",2,1,0.5,True
"Astor, John Jacob, 1864-1912",2,2,1.0,True
"Beaumarchais, Pierre Augustin Caron de, 1732-1799",2,2,1.0,True
"Astor, William B. (William Backhouse), 1792-1875",2,2,1.0,False
"Ashe, John Baptista, 1748-1802",2,1,0.5,True
"Jerome Park (New York, N.Y.)",2,2,1.0,False
"Matlack, Timothy, 1736-1829",2,2,1.0,True
Charms,2,2,1.0,False
"Charlevoix, Pierre-François-Xavier de, 1682-1761",2,2,1.0,True
"George Washington Bridge (New York, N.Y.)",2,1,0.5,False
"Twitchell, Larry, 1864-1930",2,2,1.0,True
"Charles XIV John, King of Sweden and Norway, 1763-1844",2,2,1.0,True
Georgia. Chatham Artillery of Savannah,2,2,1.0,False
"Bordley, J. B. (John Beale), 1727-1804",2,2,1.0,False
"United States. Army. New York Infantry Regiment, 7th (Militia), (1806-1922)",2,2,1.0,False
"Mathews, Charles, 1776-1835",2,2,1.0,True
"Getzien, Charlie, 1864-1932",2,2,1.0,True
"Senate House (Rome, Italy)",2,2,1.0,False
"Jefferson, Thomas, 1732-1807",2,2,1.0,True
"Gibson, Lee",2,1,0.5,True
"Gide, Paul, 1832-1880",2,1,0.5,True
"Giffard, Henri, 1825-1882",2,2,1.0,True
"Gilbert, George",2,2,1.0,True
"Charles Edward, Prince, grandson of James II, King of England, 1720-1788",2,2,1.0,True
"Giles, William Branch, 1762-1830",2,2,1.0,True
"Germaine, George",2,2,1.0,True
"Gansevoort, Leonard, 1751-1810",2,2,1.0,True
"Tucker, St. George, 1752-1827",2,2,1.0,True
"Seward, William Henry, 1801-1872",2,1,0.5,True
"Perry, Rufus L. (Rufus Lewis), 1833 or 4-1895",2,2,1.0,False
"Garibaldi, Giuseppe, 1807-1882",2,2,1.0,True
"Perry, B. F. (Benjamin Franklin), 1805-1886",2,1,0.5,False
"Severus, Lucius Septimius, Emperor of Rome, 146-211",2,2,1.0,True
"Garnet, Henry Highland, 1815-1882",2,2,1.0,True
"Wagner, Honus, 1874-1955",2,2,1.0,True
"Turner, Henry McNeal, 1834-1915",2,2,1.0,True
"Chassériau, Théodore, 1819-1856",2,2,1.0,True
"Maximilian, Emperor of Mexico, 1832-1867",2,2,1.0,True
"Garvey, Marcus, 1887-1940",2,2,1.0,True
"Sesostris II, King of Egypt",2,2,1.0,True
Gaspee (Schooner),2,2,1.0,False
"Gauchot, Paul",2,2,1.0,True
Chesapeake (Frigate),2,1,0.5,False
"Turner, Nat, 1800?-1831",2,2,1.0,True
"Ogden, Aaron, 1756-1839",2,2,1.0,True
"Serra, Junípero, 1713-1784",2,2,1.0,True
"Chateaubriand, François-René, vicomte de, 1768-1848",2,2,1.0,True
"Settle, Josiah Thomas, 1850-1915",2,2,1.0,True
"Mason, John M. (John Mitchell), 1770-1829",2,2,1.0,False
United Nations,2,2,1.0,False
"Williams, Roger, 1604?-1683",2,2,1.0,True
Boston and Lowell Railroad Corporation,2,2,1.0,False
"Arlington National Cemetery (Arlington, Va.)",2,2,1.0,False
"María Luisa, consort of Carlos IV, King of Spain, 1751-1819",2,2,1.0,True
"Qâ´it Bây, Sultan of Egypt and Syria, d. 1496",2,2,1.0,True
"Mary, Blessed Virgin, Saint Assumption",2,2,1.0,True
"Goodrich, Chauncey, 1759-1815",2,2,1.0,True
"Goodyear, Charles, 1800-1860",2,2,1.0,True
"Beck, Theodric Romeyn, 1791-1855",2,1,0.5,True
"Cathcart, William Schaw Cathcart, Earl, 1755-1843",2,2,1.0,True
"Jasper, John, 1812-1901",2,2,1.0,True
"Williams, George Washington, 1849-1891",2,2,1.0,True
"Armstrong, John, 1717-1795",2,2,1.0,True
"Government House (New York, N.Y.)",2,1,0.5,False
"Martin, Luther, 1748-1826",2,2,1.0,True
Jas. Bleecker & Sons,2,2,1.0,False
"Casa Yrujo, Carlos Martínez de Yrujo y Tacón, marqués de, 1763-1824",2,2,1.0,True
"Olshanetsky, Alexander",2,2,1.0,True
"Graff, Frederick, 1774-1847",2,2,1.0,True
"Catherine II, Empress of Russia, 1729-1796",2,2,1.0,True
"Charette de La Contrie, François-Athanase de, 1763-1796",2,1,0.5,True
"Webster, Noah, 1758-1843",2,2,1.0,True
"Channing, William Ellery, 1780-1842",2,2,1.0,True
"Union College (Schenectady, N.Y.)",2,2,1.0,False
"Weedon, George, 1734-1793",2,1,0.5,True
Old Faithful Inn (Wyo.),2,2,1.0,False
"Sears, Roebuck Foundation",2,2,1.0,True
Girard College,2,2,1.0,False
"Jay, Sarah van Brugh Livingston, Mrs. John Jay, 1757-1802.",2,2,1.0,True
"Jay, Peter A. (Peter Augustus), 1776-1843",2,2,1.0,False
"Pension Building (Washington, D.C.)",2,2,1.0,False
"Apess, William, b. 1798",2,2,1.0,True
"Gladstone, W. E. (William Ewart), 1809-1898",2,2,1.0,False
"Apthorp, Charles Ward",2,2,1.0,True
"Chameroy, Marie Adrienne, 1779-1802",2,2,1.0,True
Union Pacific Railroad Company -- 1800-1899,2,1,0.5,False
Massachusetts General Hospital,2,2,1.0,False
Arents Tobacco Collection,2,2,1.0,False
"Arents, George, 1875-1960",2,2,1.0,True
"Argyll, John Campbell, Duke of, 1680-1743",2,2,1.0,True
Caves,2,2,1.0,False
"Gist, Mordecai, 1742-1792",2,2,1.0,True
"Parker, Hyde, 1739-1807",2,1,0.5,True
"Parker, John, d. 1775",2,2,1.0,True
Longus. Daphnis and Chloe,2,1,0.5,False
"Banville, Théodore Faullain de, 1823-1891",2,2,1.0,True
"Barbara, Saint",2,2,1.0,True
"Hoar, E. R. (Ebenezer Rockwood), 1816-1895",2,2,1.0,False
"London Bridge (London, England)",2,2,1.0,False
Hôtel Des Invalides (France),2,2,1.0,False
"Hobart, John Sloss, 1738-1805",2,2,1.0,True
Red Cross and Red Crescent,2,2,1.0,False
"Parrhasius, 5th cent. B.C.",2,2,1.0,True
United States. Constitutional Convention (1787),2,2,1.0,False
"Van Dyck, Anthony, Sir, 1599-1641",2,2,1.0,True
"Wells-Javelli, Harriet",2,2,1.0,True
"Hof-Operntheater (Vienna, Austria)",2,2,1.0,False
"Hoffmann, Max, 1869-1927",2,2,1.0,True
"Rockefeller, John D. (John Davison), 1839-1937",2,2,1.0,False
"Wentworth, John, 1737-1820",2,2,1.0,True
"Whistler, Anna Mathilda McNeill, 1804-1881",2,2,1.0,True
"Holladay, Ben, 1819-1887",2,2,1.0,True
"Livingston, Walter, 1740-1797",2,2,1.0,True
"Robinson, Jackie, 1919-1972",2,2,1.0,True
"Livingston, Robert, 1654-1728",2,2,1.0,True
"Leo XIII, Pope, 1810-1903",2,1,0.5,True
"Vestris, Lucia Elizabeth Bartolozzi, 1797-1856",2,2,1.0,True
"Henry II, King of England, 1133-1189",2,2,1.0,True
"Henry III, King of France, 1551-1589",2,1,0.5,True
"Buffalo Bill, 1846-1917",2,2,1.0,True
"Leisenring, John, 1819-1884",2,2,1.0,True
Utah Expedition (1857-1858),2,2,1.0,False
"Bradstreet, Simon, 1603-1697",2,2,1.0,True
"Vaillant, Sébastien, 1669-1722",2,2,1.0,True
"Inari Jinja (Kyoto, Japan)",2,2,1.0,False
"Henry, William, 1729-1786",2,2,1.0,True
"Buckingham, George Nugent Temple Grenville, Marquess of, 1753-1813",2,2,1.0,False
"Hillhouse, James, 1754-1832",2,1,0.5,False
"Herihor, King of Egypt",2,2,1.0,True
"Balon, Jean, 1676-1739",2,2,1.0,True
"Rawle, William, 1759-1836",2,2,1.0,True
"Parker House (Boston, Mass.)",2,2,1.0,False
"Banister, John, 1734-1788",2,2,1.0,True
"Wells, Henry",2,2,1.0,True
"Louis XI, King of France, 1423-1483",2,2,1.0,True
Bank of New York,2,2,1.0,False
"Braham, John, 1774-1856",2,2,1.0,True
"Rohan-Guémené, Louis René Edouard, prince de, 1734-1803",2,1,0.5,True
"Lossing, Benson John, 1813-1891",2,2,1.0,True
"Baldwin, Lady (Charles Busted), 1859-1937",2,2,1.0,False
Bastille,2,2,1.0,False
"Payne, Daniel Alexander, 1811-1893",2,2,1.0,True
"Richmond, John (John H.), b. 1854",2,1,0.5,False
"Richmond and Lennox, Charles Lennox, Duke of, 1735-1806",2,2,1.0,True
"Wetmore, Prosper Montgomery, 1798-1876",2,2,1.0,True
"Westminster Hall (London, England)",2,2,1.0,False
"Brodhead, Daniel, 1736-1809",2,2,1.0,True
"Rembrandt Harmenszoon van Rijn, 1606-1669",2,2,1.0,True
"Houck, Sadie, 1856-1919",2,2,1.0,True
"Houdini, Harry, 1874-1926",2,2,1.0,True
"Pavlova, Anna, 1881-1931",2,2,1.0,True
"Bard, Samuel, 1742-1821",2,2,1.0,True
"Richardson, Hardy, 1855-1931",2,2,1.0,True
"Lewis, Andrew, 1720-1781",2,2,1.0,True
"Hunt, William Morris, 1824-1879",2,2,1.0,True
"Vaudreuil, Pierre de Rigaud, marquis de, 1698-1778",2,2,1.0,True
Bristol (Conn.),2,2,1.0,False
"Briody, Fatty, 1858-1903",2,2,1.0,True
"Humphreys, David, 1752-1818",2,2,1.0,True
Libby Prison,2,2,1.0,False
"Paulding, William, 1770-1854",2,2,1.0,True
"Hume, David, 1711-1776",2,2,1.0,True
"Hullin, Joséphine, 1808-1838",2,1,0.5,True
"House of Refuge (New York, N.Y.)",2,2,1.0,False
"Robin, abbé, 1750-1794",2,2,1.0,True
"Brown, John",2,2,1.0,True
"Peale, Rembrandt, 1778-1860",2,2,1.0,True
"Home, John, 1722-1808",2,2,1.0,True
Homer,2,2,1.0,False
"Robertson, Archibald, 1765-1835",2,1,0.5,True
"Van Rensselaer, Stephen, 1764-1839",2,2,1.0,True
Hongkong and Shanghai Banking Corporation,2,2,1.0,False
"Rob Roy, 1671-1734",2,2,1.0,True
"Brown, Jacob, 1775-1828",2,2,1.0,True
"Rives, William Cabell, 1793-1868",2,2,1.0,True
"Linné, Carl von, 1707-1778",2,2,1.0,True
"Hooker, Olivia J.",2,2,1.0,True
Wentworth-by-the-Sea Hotel,2,2,1.0,False
"Wheatley, Phillis, 1753-1784",2,2,1.0,True
"Brougham and Vaux, Henry Brougham, Baron, 1778-1868",2,2,1.0,True
Barnum's American Museum -- To 1899,2,1,0.5,False
"Huntington, Daniel, 1816-1906",2,2,1.0,True
"Brooks, John, 1752-1825",2,2,1.0,True
"Riedesel, Friedrich Adolf, Freiherr von, 1738-1800",2,1,0.5,True
"Riedesel, Friederike Charlotte Luise, Freifrau von, 1746-1808",2,2,1.0,True
"Hornung, E. W. (Ernest William), 1866-1921. Raffles, the amateur cracksman",2,1,0.5,False
"Hornung, Joe, 1857-1931",2,2,1.0,True
"Leslie, Alexander, ca. 1740-1794",2,1,0.5,True
"Camargo, Marie Anne de Cupis de, 1710-1770",2,2,1.0,True
"Hamilton, Elizabeth Schuyler, 1757-1854",2,2,1.0,True
"Calvary Cemetery (New York, N.Y.)",2,2,1.0,False
"Page, John, 1627-1692",2,2,1.0,True
"Bowlsby, Alice Augusta, d. 1871",2,2,1.0,True
"Hamond, Andrew Snape, Sir, 1738-1828",2,2,1.0,True
"Bowne, John",2,2,1.0,True
"Hampden, John, 1594-1643",2,2,1.0,True
"Vining, John, 1758-1802",2,2,1.0,True
"Madison, James, 1749-1812",2,2,1.0,True
"Hancock, Dorothy Quincy, 1747-1830",2,2,1.0,True
"Henner, Jean-Jacques, 1829-1905",2,2,1.0,True
"Hancock, Thomas, 1703-1764",2,2,1.0,True
"Page, Mann, 1749-1781",2,2,1.0,True
United States. Navy Dept,2,2,1.0,False
"Byron, John, 1723-1786",2,2,1.0,True
"Hanson, Alexander Contee, 1749-1806",2,2,1.0,True
"Auditorium Theater (Chicago, Ill.)",2,1,0.5,False
"Bayern, Rupprecht, Kronprinz von, 1869-1955",2,2,1.0,True
"Hardy, Charles, Sir, 1716?-1780",2,2,1.0,True
"Butler, Richard, 1743-1791",2,2,1.0,True
"Legallois, Amélie, b. 1803",2,2,1.0,True
"Régnier, Mathurin, 1573-1613",2,1,0.5,True
"California Midwinter International Exposition (1894 : San Francisco, Calif.)",2,2,1.0,False
United States. Army. Nurse Corps,2,2,1.0,False
"Otis, Harrison Gray, 1765-1848",2,2,1.0,True
"United States. Army. South Carolina Volunteers, 1st (1862-1864)",2,2,1.0,False
"Attucks, Crispus, d. 1770",2,2,1.0,True
"Gustaf Adolf, King of Sweden, 1594-1632",2,1,0.5,True
"Gustaf III, King of Sweden, 1746-1792",2,2,1.0,True
"Guynemer, Georges, 1894-1917",2,2,1.0,True
"San Juan Bautista (Mission : San Juan Bautista, Calif.)",2,1,0.5,False
"Gálvez, Bernardo de, 1746-1786",2,2,1.0,True
"Otis, Samuel Allyne, 1740-1814",2,2,1.0,True
"San Fernando, Rey de España (Mission : San Fernando, Calif.)",2,2,1.0,False
"Putnam, George Palmer, 1814-1872",2,2,1.0,True
"Hadrian, Emperor of Rome, 76-138",2,2,1.0,True
"Mallarmé, Stéphane, 1842-1898. Après-midi d'un faune",2,2,1.0,True
Virgil,2,2,1.0,False
"Itsukushima Jinja (Hatsukaichi-shi, Japan)",2,2,1.0,False
Salvation Army,2,2,1.0,False
United States. Coast Guard. Womens Reserves Reserve,2,2,1.0,False
"Auber, D. F. E. (Daniel François Esprit), 1782-1871",2,2,1.0,False
"Campbell, Archibald, Sir, 1739-1791",2,2,1.0,True
"Mahmud, Sultan of Ghazni, 971-1030",2,2,1.0,True
"Vioménil, Antoine Charles du Houx, baron de, 1728-1792",2,2,1.0,True
"Hals, Frans, 1584-1666",2,2,1.0,True
United States. Bureau of the Mint,2,1,0.5,False
University of Vermont,2,2,1.0,False
"Legros, Alphonse, 1837-1911",2,1,0.5,True
"Bracquemond, Marie, 1841-1916",2,1,0.5,True
"Whitney, Jim, 1857-1891",2,2,1.0,True
"Bulloch, Archibald, d. 1777",2,2,1.0,True
"Rousseau, Jean-Jacques, 1712-1778",2,2,1.0,True
"Inman, Henry, 1801-1846",2,2,1.0,True
"Babur, Emperor of Hindustan, 1483-1530",2,2,1.0,True
"Penn School (Saint Helena Island, S.C.)",2,2,1.0,False
"Victoria, Queen of Great Britain, 1819-1901",2,2,1.0,True
"Hayton, Frère, ca. 1235-ca. 1314",2,2,1.0,True
"Butler, Benjamin F. (Benjamin Franklin), 1818-1893",2,2,1.0,False
"Bayard, John Bubenheim, 1738-1807",2,1,0.5,True
Paperboys,2,2,1.0,False
"Heath, William, 1737-1814",2,2,1.0,True
"Uspenskiĭ sobor (Moscow, Russia)",2,2,1.0,False
"Ross, Betsy, 1752-1836",2,2,1.0,True
"Bayard, James A. (James Asheton), 1767-1815",2,2,1.0,False
Buffalo Bisons (Baseball team),2,2,1.0,False
"Bache, Theophylact, 1735-1807",2,1,0.5,True
"Ludendorff, Erich, 1865-1937",2,2,1.0,True
"Raphael, 1483-1520",2,2,1.0,True
"Henderson, John, 1747-1785",2,2,1.0,True
"Hazard, Ebenezer, 1744-1817",2,2,1.0,True
"Harnett, Cornelius, 1723-1781",2,2,1.0,True
Harper & Brothers -- Buildings -- New York (State) -- New York -- 1800-1899,2,2,1.0,False
"Butler, Benjamin F. (Benjamin Franklin), 1795-1858",2,1,0.5,False
"Wilberforce, William, 1759-1833",2,2,1.0,True
"Macready, William Charles, 1793-1873",2,2,1.0,True
"Macomb, Alexander, 1782-1841",2,2,1.0,True
"Maclay, William, 1737-1804",2,2,1.0,True
"Macklin, Charles, 1697?-1797",2,2,1.0,True
"Mackintosh, James, Sir, 1765-1832",2,1,0.5,True
"Rush, Richard, 1780-1859",2,2,1.0,True
"Wells, Fargo & Company",2,2,1.0,False
"Bracquemond, Félix, 1833-1914",2,2,1.0,True
United States. Works Progress Administration,2,2,1.0,False
"Burns, Robert, 1759-1796",2,2,1.0,True
"Wiedman, Stump, 1861-1905",2,2,1.0,True
"Palais du Luxembourg (Paris, France)",2,2,1.0,False
University of Cincinnati,2,1,0.5,False
"Rubens, Peter Paul, Sir, 1577-1640",2,2,1.0,True
"Ramses X, King of Egypt",2,2,1.0,True
"Penn, John, 1700-1746",2,2,1.0,True
"MacMonnies, Frederick William, 1863-1937",2,2,1.0,True
University of Nashville,2,2,1.0,False
"Brackenridge, H. H. (Hugh Henry), 1748-1816",2,2,1.0,False
University of Rochester,2,2,1.0,False
Iowa College (Grinnell),2,2,1.0,False
"Ahmed III, Sultan of the Turks, 1673-1736",2,2,1.0,True
"More, Hannah, 1745-1833",2,2,1.0,True
"Washington Building (New York, N.Y.)",2,2,1.0,False
"Dumas, Alexandre, 1802-1870. Collier de la reine. English",2,1,0.5,True
"Dunbar, Paul Laurence, 1872-1906",2,2,1.0,True
Theater an der Wien,2,2,1.0,False
"Theatre Royal, Drury Lane (London, England)",2,2,1.0,False
"Dunlap, Fred (Frederick C.), 1859-1902",2,2,1.0,False
"La Rochefoucauld, François, duc de, 1613-1680",2,1,0.5,True
Confederate States of America. Army,2,2,1.0,False
"Keith, William, Sir, 1680-1749",2,2,1.0,True
"Emmich, Otto von, 1848-1915",2,2,1.0,True
"Blanc, Baroness",2,1,0.5,True
"Aitken, Robert, 1735-1802",2,2,1.0,True
"Blanchard, Jean-Pierre, 1753-1809",2,2,1.0,True
Abandoned wives,2,1,0.5,False
"Durant, Thomas Clark, 1820-1885",2,2,1.0,True
"Stafford, Granville Leveson-Gower, Marquess of, 1721-1803",2,2,1.0,True
"Moody, Dwight Lyman, 1837-1899",2,2,1.0,True
"Poulet-Malassis, Auguste, 1825-1878",2,2,1.0,True
"Kearny, Philip, 1815-1862",2,2,1.0,True
"Berckel, Pieter Johan van",2,2,1.0,True
"Walpole, Robert, Earl of Orford, 1676-1745",2,2,1.0,True
"Dunninger, Joseph, 1892-1975",2,2,1.0,True
"Doscher, Herm (John Henry Sr.), 1852-1934",2,2,1.0,False
"Yates, Abraham, 1724-1796",2,2,1.0,True
"Walters, Alexander, b. 1858",2,2,1.0,True
"Downshire, Wills Hill, Marquis of, 1718-1793",2,1,0.5,True
"Popham, John, Sir, 1531?-1607",2,2,1.0,True
"Stephen, Saint, d. ca. 36",2,2,1.0,True
"New Theatre (New York, N.Y.)",2,2,1.0,False
Drayton Hall (S.C.),2,2,1.0,False
"Blair, John, 1732-1800",2,2,1.0,True
"Agassiz, Louis, 1807-1873",2,2,1.0,True
"Warwick, Robert Rich, Earl of, 1587-1658",2,1,0.5,True
"Thayer, Abbott Handerson, 1849-1921",2,2,1.0,True
"Morgan, John, 1735-1789",2,2,1.0,True
"Steele, Richard, Sir, 1672-1729",2,2,1.0,True
"Kelly, Michael J., 1857-1894",2,1,0.5,True
"Du Ponceau, Peter Stephen, 1760-1844",2,2,1.0,True
New York (N.Y.). Fire Dept,2,2,1.0,False
"Statler Hotel (St. Louis, Mo.)",2,2,1.0,False
"Washakie, ca. 1804-1900",2,2,1.0,True
New York (State). Legislature. Senate,2,2,1.0,False
"Connor, Roger, 1857-1937",2,2,1.0,True
"Conner, Roger, 1857-1931",2,2,1.0,True
"Duer, William Alexander, 1780-1858",2,2,1.0,True
Drury Lane Theatre,2,2,1.0,False
"St. Denis, Ruth, 1880-1968",2,2,1.0,True
"Sr. de, Vegas",2,2,1.0,True
"Pownall, Thomas, 1722-1805",2,2,1.0,True
"Alcott, Louisa May, 1832-1888",2,2,1.0,True
"Alden, John, 1599-1687",2,2,1.0,True
"Alden, Priscilla",2,2,1.0,True
"Molière, 1622-1673. Dom Juan",2,2,1.0,True
"Spring Grove Cemetery (Cincinnati, Ohio)",2,2,1.0,False
"Elizabeth, of France, Queen, Consort of Philip II, King of Spain, 1545-1568",2,2,1.0,True
"Wright, Orville, 1871-1948",2,2,1.0,True
"Ellery, William, 1727-1820",2,2,1.0,True
"Commodus, Emperor of Rome, 161-192",2,2,1.0,True
"Jâmi` al-Umawî al-Kabîr (Damascus, Syria)",2,2,1.0,False
"Coke, Edward, Sir, 1552-1634",2,2,1.0,True
"New York Times Building (New York, N.Y. : Park Row)",2,2,1.0,False
"Wright, Edward, 1558?-1615",2,2,1.0,True
"Cogswell, Ed, 1854-1888",2,2,1.0,True
"Bleecker, Anthony J., 1799-1884",2,2,1.0,True
"Mlle, Baretta",2,2,1.0,True
"Worth, William Jenkins, 1794-1849",2,2,1.0,True
"Cockburn, George, Sir, 1772-1853",2,2,1.0,True
"Presbrey, Eugene W. (Eugene Wiley), 1853-1931",2,1,0.5,False
"Jussieu, Antoine Laurent de, 1748-1836",2,2,1.0,True
"Modjeska, Helena, 1840-1909",2,2,1.0,True
"Thomashefsky, Bores, 1866-1939",2,2,1.0,True
"St. Nicholas Hotel (New York, N.Y.)",2,2,1.0,False
New York Naval Shipyard,2,2,1.0,False
"St. Michael's Episcopal Church (Charleston, S.C.)",2,2,1.0,False
"Dürer, Albrecht, 1471-1528",2,2,1.0,True
"St. Michael's Church (New York, N.Y.)",2,2,1.0,False
Eastman Kodak Company of New York,2,2,1.0,False
"Karsavina, Tamara",2,2,1.0,True
St. Louis-San Francisco Railway Company,2,2,1.0,False
"Karlova, Natalʹi͡a Fedorovna, 1893-1913",2,2,1.0,True
"Eddy, Thomas, 1758-1827",2,2,1.0,True
"Kane, Elisha Kent, 1820-1857",2,2,1.0,True
"St. Louis Cathedral (New Orleans, La.)",2,2,1.0,False
"St. Leger, Barry, 1737-1789",2,2,1.0,True
"Power, Tyrone, 1797-1841",2,2,1.0,True
"Montesquieu, Charles de Secondat, baron de, 1689-1755",2,2,1.0,True
"St. John's Church (Richmond, Va.)",2,2,1.0,False
"St. John's Chapel (New York, N.Y.) -- 1800-1899",2,2,1.0,False
New York Society Library,2,2,1.0,False
"Montaigne, Michel de, 1533-1592",2,1,0.5,True
"Edwards, Pierpont, 1750-1826",2,2,1.0,True
Mont-Saint-Michel (Abbey : France),2,1,0.5,False
New York Society Library -- 1800-1899,2,2,1.0,False
"Coleman, John, 1863-1922",2,2,1.0,True
"Colles, Christopher, 1738-1816",2,2,1.0,True
"Murray, James, 1721-1794",2,2,1.0,True
"Dawson, Nancy",2,2,1.0,True
"Symmes, John Cleves, 1742-1814",2,2,1.0,True
National Association of Colored Women's Clubs (U.S.),2,2,1.0,False
"Plunkett, Adeline, 1824-1910",2,2,1.0,True
"De Hart, John, 1728-1795",2,2,1.0,True
"Municipal Building (New York, N.Y.)",2,2,1.0,False
"Walters, Henry, 1848-1931",2,1,0.5,True
"Bizeul, Louis, 1785-1861",2,1,0.5,True
"Zeuxis, 5th cent. B.C.",2,2,1.0,True
"Picquet de la Motte, Toussaint-Guillaume, 1720-1791",2,2,1.0,True
"Stevens, Ebenezer, 1751-1823",2,2,1.0,True
"Teatro Mitre (Buenos Aires, Argentina)",2,2,1.0,False
Deacons,2,2,1.0,False
"Black Cross Navigation and Trading Company, Inc.",2,2,1.0,False
"Muhammad 'Alî Bâshâ, Governor of Egypt, 1769-1849",2,2,1.0,True
"Cumberland, William Augustus, Duke of, 1721-1765",2,2,1.0,True
Negro Theatre Project,2,2,1.0,False
"Decatur, Stephen, 1779-1820",2,2,1.0,True
"Neilson, John, 1745-1833",2,2,1.0,True
"Decourcelle, Pierre, 1856-1926. Collier de la reine. English",2,1,0.5,True
"Sumner, Charles, 1811-1874",2,2,1.0,True
"Mozart, Wolfgang Amadeus, 1756-1791",2,2,1.0,True
"De la Warr, Thomas West, Baron, 1577-1618",2,1,0.5,True
"Nadar, Félix, 1820-1910",2,2,1.0,True
"Dana, Charles A. (Charles Anderson), 1819-1897",2,2,1.0,False
"Tanner, Benj. T. (Benjamin Tucker), 1835-1923",2,2,1.0,False
"Mya Nan San Kyaw (Mandalay, Burma)",2,2,1.0,False
"Dallas, Alexander James, 1759-1817",2,1,0.5,True
"Kossuth, Lajos, 1802-1894",2,2,1.0,True
"Ward, Samuel, 1725-1776",2,2,1.0,True
"Tallmadge, James, 1778-1853",2,1,0.5,True
"Bethune, George W. (George Washington), 1805-1862",2,1,0.5,False
"Pinckney, Charles, 1757-1824",2,2,1.0,True
"Zukerman, Isidoro",2,2,1.0,True
"Syndicate Building (New York, N.Y.)",2,2,1.0,False
"Taylor, George, 1716-1781",2,2,1.0,True
"Zukerman, Clara",2,2,1.0,True
"Dauberval, 1742-1806",2,2,1.0,True
"Taglioni, Marie, 1804-1884 -- Portraits",2,2,1.0,True
"Zucchi, Virginia, 1849-1930",2,2,1.0,True
"Murâd, d. 1801",2,2,1.0,True
"Custis, George Washington Parke, 1781-1857",2,2,1.0,True
"Ward, C. Osborne (Cyrenus Osborne)",2,2,1.0,False
"Ségur, Louis-Philippe, comte de, 1753-1830",2,2,1.0,True
National Academy of Design (U.S.),2,2,1.0,False
Syracuse University,2,1,0.5,False
"Krahe, Peter Joseph, 1758-1840",2,2,1.0,True
"Story, Joseph, 1779-1845",2,2,1.0,True
"Morton, John, 1724-1777",2,2,1.0,True
"Didelot, Marie Rose Paul, d. 1803",2,2,1.0,True
"Stone, William L. (William Leete), 1792-1844",2,2,1.0,False
"Stone, Thomas, 1743-1787",2,2,1.0,True
"Dillon, Arthur, comte, 1750-1794",2,2,1.0,True
Dime Savings Bank of New York,2,2,1.0,False
"Cortés, Hernán, 1485-1547",2,2,1.0,True
"Temple, John, Sir, 1732-1798",2,2,1.0,False
"Khephren, King of Egypt, 2520-2494 B.C",2,2,1.0,True
"Morris-Jumel Mansion (New York, N.Y.)",2,2,1.0,False
"Sully, Thomas, 1783-1872",2,2,1.0,True
"Poor, Enoch, 1736-1780",2,2,1.0,True
"Still, William, 1821-1902",2,1,0.5,True
"Stiles, Ezra, 1727-1795",2,2,1.0,True
Cornwall (Conn.),2,2,1.0,False
"Dolent, Jean, 1835-1909",2,1,0.5,True
Dome of the Chain (Jerusalem),2,2,1.0,False
Aaron (Biblical priest),2,2,1.0,False
"Stewart, Charles, 1729-1800",2,1,0.5,True
"Morris, Mary Philipse, 1730-1825",2,2,1.0,True
Blackwell's Island Lunatic Asylum,2,2,1.0,False
"Kenton, Simon, 1755-1836",2,2,1.0,True
"Kōfukuji (Nara-shi, Japan)",2,2,1.0,False
"Culpeper, Thomas Culpeper, Baron, 1635-1689",2,2,1.0,True
"Sullivan, James, 1744-1808",2,2,1.0,True
"Crystal Palace (London, England)",2,2,1.0,False
"Crummell, Alexander, 1819-1898",2,2,1.0,True
"Poinsett, Joel Roberts, 1779-1851",2,2,1.0,True
"Cromwell, Richard, 1626-1712",2,1,0.5,True
Delta and Pine Land Company,2,2,1.0,False
"Kunze, John C. (John Christopher), 1744-1807",2,1,0.5,False
Stutterers,2,2,1.0,False
"King, Charles, 1789-1867",2,2,1.0,True
"King's Theatre (London, England)",2,2,1.0,False
Temple of Kumma (Sudan),2,2,1.0,False
"King's Chapel (Boston, Mass.)",2,2,1.0,False
"Desplaces, Henri",2,2,1.0,True
Stratford Hall (Va.),2,2,1.0,False
"Desterro, António Malheyro do, 1694-1773",2,2,1.0,True
"Stramer, Salomón",2,2,1.0,True
Detroit Urban League,2,2,1.0,False
Deutsche Staatsoper Berlin,2,2,1.0,False
"Craik, James, 1730-1814",2,2,1.0,True
"Bernard, of Clairvaux, Saint, 1090 or 91-1153",2,2,1.0,True
"Straker, d. Augustus",2,2,1.0,True
"Piccolomini, Ottavio, 1599-1656",2,2,1.0,True
Dickinson College,2,2,1.0,False
"Temple Emanu-El (New York, N.Y.)",2,2,1.0,False
"Bloor, A. J. (Alfred Janson), 1828-1917",2,1,0.5,False
"Fonvielle, W. de (Wilfrid), 1824-1914",2,2,1.0,False
American Female Guardian Society,2,2,1.0,False
"Wood, Fernando, 1812-1881",2,2,1.0,True
"Simmons, William J., 1849-1890",2,2,1.0,True
"City Hotel (New York, N.Y.)",2,2,1.0,False
"Fordyce, Arnold",2,2,1.0,True
Woman's American Baptist Home Mission Society,2,2,1.0,False
"Watkins, Bill (William Henry), 1858-1937",2,2,1.0,False
"Forrest, Thomas, 1747-1825",2,2,1.0,True
"Tolstoy, Leo, graf, 1828-1910",2,2,1.0,True
"Simart, Pierre-Charles, 1806-1857",2,1,0.5,True
"Johnson, Samuel, 1709-1784",2,2,1.0,True
"Forten, Charlotte L.",2,2,1.0,True
"Psamtik I, King of Egypt, d. 610 B.C.",2,2,1.0,True
Silas Green from New Orleans (active 1900s-1950s),2,1,0.5,False
"Johnson, John, Sir, 1742-1830",2,2,1.0,True
"Boerhaave, Herman, 1668-1738",2,2,1.0,True
"Lantara, Simon Mathurin, 1729-1778",2,1,0.5,True
"Ptolemy III Euergetes, King of Egypt, d. 221 B.C",2,2,1.0,True
"Northumberland, Hugh Percy, Duke of, 1742-1817",2,2,1.0,True
"Lardner, Lynford, 1715-1774",2,2,1.0,True
"Forrest, Uriah, ca. 1757-1805",2,2,1.0,True
"Jones, Allen, 1739-1807",2,1,0.5,True
"Fillon, Benjamin, 1819-1881",2,2,1.0,True
"Smith, Franklin W",2,2,1.0,True
"Lambert, Nora",2,1,0.5,True
"Bellows, Henry W. (Henry Whitney), 1814-1882",2,1,0.5,False
"First Methodist Episcopal Church (New York,  N.Y.)",2,2,1.0,False
"Smith, Abigail Adams, 1765-1813",2,2,1.0,True
Princeton Theological Seminary,2,2,1.0,False
"Fisler, Wes, 1841-1922",2,2,1.0,True
"Fitch, Jabez, 1737-1812",2,2,1.0,True
"Mercantile Library (New York, N.Y.)",2,2,1.0,False
"Priora, Egidio",2,2,1.0,True
"Fitzhugh, William, 1741-1809",2,2,1.0,True
"Merman, Ethel",2,2,1.0,True
"Sitting Bull, 1834?-1890",2,2,1.0,True
"Siptah, King of Egypt",2,2,1.0,True
"Fleming, William, 1736-1824",2,2,1.0,True
"Langdon, John, 1747-1793",2,1,0.5,True
"Pénaud, Alphonse,",2,2,1.0,True
"Wood, William B (William Burke), 1779-1861",2,2,1.0,False
America's Cup,2,2,1.0,False
"Foley, Curry, 1856-1898",2,2,1.0,True
"Bellomont, Richard Coote, Earl of, 1636-1701",2,2,1.0,True
"Church of the Disciples (New York, N.Y.)",2,2,1.0,False
Johns Hopkins University,2,2,1.0,False
"Fridman, Clara",2,2,1.0,True
"John, King of England, 1167-1216",2,2,1.0,True
"Ptolemy VIII Euergetes II, King of Egypt",2,2,1.0,True
"Trinity Church (Boston, Mass.)",2,1,0.5,False
"Fulton Market (New York, N.Y.)",2,2,1.0,False
"McCrea, Jane, 1753-1777",2,2,1.0,True
Christy Minstrels,2,2,1.0,False
Shannon (Frigate),2,1,0.5,False
"Medici, Cosimo de’, 1389-1464",2,2,1.0,True
"Belcher, Jonathan, 1682-1757",2,2,1.0,True
"Shakespeare, William, 1564-1616. Merchant of Venice",2,2,1.0,True
"Watson, Elkanah, 1758-1842",2,2,1.0,True
"Choiseul, Etienne-François, duc de, 1719-1785",2,2,1.0,True
"Chinese Consolidated Benevolent Association (San Francisco, Calif.)",2,1,0.5,False
"Galilei, Galileo, 1564-1642",2,2,1.0,True
"Truth, Sojourner, d. 1883",2,2,1.0,True
"Andrew, John A. (John Albion), 1818-1867",2,2,1.0,False
"Joffre, Joseph Jacques Césaire, 1852-1931",2,2,1.0,True
"Shaftesbury, Anthony Ashley Cooper, Earl of, 1621-1683",2,2,1.0,True
"Lewis, Meriwether, 1774-1809",2,2,1.0,True
"Christ Church (New York, N.Y. : Episcopal)",2,2,1.0,False
"Francis, Tench, 1730-1800",2,2,1.0,True
American Telegraph Company,2,2,1.0,False
American Type Founders Company -- Periodicals,2,2,1.0,False
"Petrarca, Francesco, 1304-1374",2,2,1.0,True
"McLaughlin, Barney, 1857-1921",2,2,1.0,True
"Franklin, Deborah Read Rogers, 1708-1774",2,2,1.0,True
"McLane, Louis, 1786-1857",2,2,1.0,True
"McLane, Allan, 1746-1829",2,1,0.5,True
"Franklin, William, 1731-1813",2,2,1.0,True
"Shippen, Joseph, 1732-1810",2,2,1.0,True
Johns Hopkins University. Peabody Institute,2,2,1.0,False
"Shindle, Billy, 1860-1936",2,2,1.0,True
"Wistar, Caspar, 1761-1818",2,2,1.0,True
"Frederick Augustus, Duke of York and Albany, 1763-1827",2,2,1.0,True
"Church of the Puritans (New York, N.Y.)",2,2,1.0,False
"Frederick Louis, Prince of Wales, 1707-1751",2,2,1.0,True
"Frederick William IV, King of Prussia, 1795-1861",2,2,1.0,True
"Boker, George H. (George Henry), 1823-1890",2,2,1.0,False
"Belknap, Jeremy, 1744-1798",2,2,1.0,True
"Frelinghuysen, Frederick, 1753-1804",2,2,1.0,True
"French Hospital (New York, N.Y.)",2,1,0.5,False
"Church of the Holy Trinity (New York, N.Y.)",2,2,1.0,False
"Fraser, Simon, 1729-1777",2,2,1.0,True
Judas Iscariot,2,2,1.0,False
Joshua (Biblical figure),2,2,1.0,False
Soldiers,2,2,1.0,False
"Alexander, the Great, 356-323 B.C",2,2,1.0,True
"Mission San Miguel (Santa Fe, N.M.)",2,2,1.0,False
"Prescott, William, 1726-1795",2,2,1.0,True
"Bennett, Charlie, 1854-1927",2,2,1.0,True
Farm foreclosures,2,1,0.5,False
"Farman, Henri, 1874-1958",2,2,1.0,True
Niblos Garden Theatres Garden Theatre,2,2,1.0,False
"Clement XIV, Pope, 1705-1774",2,2,1.0,True
"Allen, Richard, 1760-1831",2,2,1.0,True
"Farrell, Jack (John A.) 1857-1914",2,2,1.0,False
"Mission San Carlos Borromeo (Carmel, Calif.)",2,2,1.0,False
"Cobbett, William, 1763-1835",2,2,1.0,True
"Clement V, Pope, ca. 1260-1314",2,2,1.0,True
"Snyder, Pop, 1854-1924",2,2,1.0,True
Worcester State College,2,1,0.5,False
"Federal Hall (New York, N.Y. : 1703-1812)",2,2,1.0,False
Society of California Pioneers,2,1,0.5,False
"Tinker, Robert Hall, 1836-1924",2,2,1.0,False
New-York Institution for the Instruction of the Deaf and Dumb,2,2,1.0,False
New-York Historical Society,2,2,1.0,False
"Southey, Robert, 1774-1843",2,2,1.0,True
"Clinch, Charles P. (Charles Powell), 1797-1880",2,2,1.0,False
"Allard, Marie, 1738-1802",2,2,1.0,True
"Southampton, Henry Wriothesley, Earl of, 1573-1624",2,2,1.0,True
Eve (Biblical figure),2,2,1.0,False
"Work, Henry C. (Henry Clay), 1832-1884 -- Manuscripts -- Facsimiles",2,2,1.0,False
Cleveland Indians (Baseball team),2,2,1.0,False
"Lafarge Hotel (New York, N.Y.)",2,2,1.0,False
"Lafayette Theatre (New York, N.Y.)",2,2,1.0,False
"Exmouth, Edward Pellew, Viscount, 1757-1833",2,2,1.0,True
"Washington College (Lexington, Va.)",2,2,1.0,False
"Erskine, Thomas Erskine, Baron, 1750-1823",2,2,1.0,True
"Washington Square Reformed Dutch Church (New York, N.Y.)",2,1,0.5,False
"Jumel, Eliza Bowen, 1775?-1865",2,2,1.0,True
"Alexander, the Great, 356-323 B.C.",2,2,1.0,True
"Newton, Isaac, Sir, 1642-1727",2,2,1.0,True
New-York Institution for the Instruction of the Deaf and Dumb -- 1800-1899,2,2,1.0,False
"Smith, William, 1697-1769",2,1,0.5,True
"Clay, Joseph, 1741-1804",2,1,0.5,True
"Alexander, John White, 1856-1915",2,2,1.0,True
"Almack's Assembly Rooms (London, England)",2,2,1.0,False
"Clark, George Rogers, 1752-1818",2,2,1.0,True
"Washington, Lawrence, 1718-1752",2,2,1.0,True
"Jones, Noble Wimberly, 1723-1805",2,1,0.5,True
"Claudius, Emperor of Rome, 10 B.C.-54 A.D",2,2,1.0,True
"Tilghman, Tench, 1744-1786",2,2,1.0,True
"Sparks, Jared, 1789-1866",2,2,1.0,True
"Belmont, August, 1813-1890",2,2,1.0,True
"Ferris, William H., 1814 or 15-1887",2,2,1.0,True
"Smith, Richard, 1735-1803",2,2,1.0,True
"Ferguson, Patrick, 1744-1780",2,2,1.0,True
Galveston Artillery Company,2,2,1.0,False
"Ferguson, Adam, 1723-1816",2,1,0.5,True
"Lamb, Caroline, Lady, 1785-1828.",2,2,1.0,True
"Alston, Theodosia Burr, 1783-1813",2,2,1.0,True
"Federal Theatre Project (New York, N.Y.)",2,2,1.0,False
"Mission San Miguel Arcangel (San Miguel, Calif.)",2,2,1.0,False
Titanic (Steamship),2,2,1.0,False
"Emory, John, 1789-1835",2,2,1.0,True
"Smith, William, 1727-1803",2,2,1.0,True
"Lamb, John, 1735-1800",2,2,1.0,True
"Blind Tom, 1849-1908",2,2,1.0,True
"Clark, Edward, 1811-1882",2,2,1.0,True
"Price, Joseph Charles, 1854-1893",2,2,1.0,True
"Washington, George, 1732-1799 -- Statues -- New York (State) -- New York",2,2,1.0,False
"Titcomb, Cannonball (Ledell), 1866-1950",2,2,1.0,False
"Pilâtre de Rozier, Jean-François,",1,1,1.0,True
"Pilate, Pontius, 1st cent.",1,1,1.0,True
"Watkins, Carleton E., 1829-1916",1,1,1.0,True
"Pietro, da Cortona, 1596-1669",1,1,1.0,True
"Piero, di Cosimo, 1462-1521",1,1,1.0,True
"Wayside Inn (Sudbury, Mass.)",1,1,1.0,False
"Peabody, Nathaniel, 1741-1823",1,1,1.0,True
"Petel, Georg, 1601 or 2-1634",1,1,1.0,True
"Watts, John, 1749-1836",1,1,1.0,True
"Warick, Richard",1,1,1.0,True
Pausias,1,1,1.0,False
"Peter I, Emperor of Russia, 1672-1725",1,1,1.0,True
"Pinkerton, Robert A. (Robert Allan), 1848-1907",1,1,1.0,False
"Watson, Richard, 1737-1816",1,1,1.0,True
Philipsburg Manor,1,1,1.0,False
"Petar I Karadordevi´c, King of Serbia, 1844-1921",1,1,1.0,True
"Philip, the Apostle, Saint",1,1,1.0,True
"Wesley, John, 1703-1791",1,1,1.0,True
"Penn, Richard, 1706-1771",1,1,1.0,True
"Weissmann, Bernardo",1,1,1.0,True
"Pinchback, Pinckney Benton Stewart, 1837-1921",1,1,1.0,True
"Perugino, ca. 1450-1523",1,1,1.0,True
"Weissenwolff Durazzo, Ernestine Aloisia, contessa, 1732-1794",1,1,1.0,True
"Pilmore, Joseph, 1734?-1825",1,1,1.0,True
"Philipse, Adolphus, 1665-1750",1,1,1.0,True
"Welles, Gideon, 1802-1878",1,1,1.0,True
"Ward, Samuel, 1756-1832",1,1,1.0,True
"Peters, Hugh, 1598-1660",1,1,1.0,True
Pennsylvania Freedmens Relief Associations Relief Association,1,1,1.0,False
"People's Institute (New York, N.Y.)",1,1,1.0,False
"Pedro II, Emperor of Brazil, 1825-1891",1,1,1.0,True
"Pegoud, Adolphe Célestin, 1889-1915",1,1,1.0,True
"Picabia, Francis, 1879-1953",1,1,1.0,True
"Waterman, Fred, 1845-1899",1,1,1.0,True
"Pettitt, Henry, 1848-1893",1,1,1.0,True
"Pellico, Silvio, 1789-1854",1,1,1.0,True
"Phillips, William",1,1,1.0,True
"Wesleyan Female College (Macon, Ga.)",1,1,1.0,False
"Pennsylvania Hospital (Philadelphia, Pa.)",1,1,1.0,False
"Waterhouse, Benjamin, 1754-1846",1,1,1.0,False
"Physick, Philip Syng, 1768-1837",1,1,1.0,True
"Washington, Mary Ball, 1708-1789",1,1,1.0,True
Physician and patient,1,1,1.0,False
"Phelps, Anson G. (Anson Greene), 1781-1853",1,1,1.0,False
"Wells, H. G. (Herbert George), 1866-1946",1,1,1.0,False
"Phidias, ca. 500-ca. 430 B.C.",1,1,1.0,True
"Phoenix Bank (New York, N.Y.)",1,1,1.0,False
"Phips, William, Sir, 1651-1695",1,1,1.0,True
"Pencz, Georg, 1500?-1550",1,1,1.0,True
"Penni, Giovanni Francesco, ca. 1496-ca. 1528",1,1,1.0,True
"Warren, Samuel, 1807-1877",1,1,1.0,True
"Webbers, Philip",1,1,1.0,True
"Weiss, Florence",1,1,1.0,True
"Philipse, Frederick, 1626-1702",1,1,1.0,True
"Wellington, Arthur Wellesley, Duke of, 1769-1852",1,1,1.0,True
"Phillips, C. H. (Charles Henry), 1858-1951",1,1,1.0,False
"Pennington, James W. C",1,1,1.0,True
"Weber, Max, 1881-1961",1,1,1.0,True
"Perino, del Vaga, 1500 or 1501-1547",1,1,1.0,True
Pechanga Band of Mission Indians,1,1,1.0,False
"Warrington, Lewis, 1782-1851",1,1,1.0,True
"Perea, Manuela",1,1,1.0,True
"Percival, James Gates, 1795-1856",1,1,1.0,True
"Pearce, Charles Sprague, 1851-1914",1,1,1.0,True
Pennsylvania Academy of the Fine Arts,1,1,1.0,False
"Weingartner, Felix, 1863-1942",1,1,1.0,True
Pennsylvania College,1,1,1.0,False
"Phillips, Henry, 1801-1876",1,1,1.0,True
"Phillips, Samuel, 1715-1790",1,1,1.0,True
"Pearsall, Thomas",1,1,1.0,True
"Washington, Booker T., 1856-1915",1,1,1.0,True
"Woodward, C. W. (Charles Warren)",1,1,1.0,False
"Woodworth, Samuel, 1784-1842",1,1,1.0,True
"Wool, John Ellis, 1784-1869",1,1,1.0,True
Night,1,1,1.0,False
"Niclaes, Hendrik, 1502?-1580?",1,1,1.0,True
Nicias,1,1,1.0,False
"Nichols, Julius",1,1,1.0,True
"Nichols, James R. (James Robinson), 1819-1888",1,1,1.0,False
"Woolman, John, 1720-1772",1,1,1.0,True
"Nicholas I, Emperor of Russia, 1796-1855",1,1,1.0,True
"Niblo's Hotel (New York, N.Y.)",1,1,1.0,False
Niblo's Garden Theatre -- To 1899,1,1,1.0,False
"Worcester, Edward Somerset, Marquis of, 1601-1667",1,1,1.0,True
"Ney, Michel, duc d'Elchingen, 1769-1815",1,1,1.0,True
"Newton, John, 1725-1807",1,1,1.0,True
"Pinkney, William, 1764-1822",1,1,1.0,True
"New York State Capitol (Albany, N.Y.)",1,1,1.0,False
"Wyant, A. H. (Alexander Helwig), 1836-1892",1,1,1.0,False
"Wuthier, Ernestine",1,1,1.0,True
New York Stock Exchange -- 1800-1899,1,1,1.0,False
New York Stock Exchange -- 1870-1879,1,1,1.0,False
"New York Times Building (New York, N.Y. : 43rd Street)",1,1,1.0,False
New York University,1,1,1.0,False
"Newham, Rose",1,1,1.0,True
New York Yacht Club,1,1,1.0,False
New York Yearly Meeting of the Religious Society of Friends,1,1,1.0,False
"Wortendyke, C. A",1,1,1.0,True
"World Building (New York, N.Y.)",1,1,1.0,False
Newark Banking Company (N.J.),1,1,1.0,False
Newberry Library,1,1,1.0,False
"Newberry, J. S. (John Strong), 1822-1892",1,1,1.0,False
"Newcastle, Thomas Pelham-Holles, Duke of, 1693-1768",1,1,1.0,True
"Wren, Christopher, Sir, 1632-1723",1,1,1.0,True
"O'Callaghan, E. B. (Edmund Bailey), 1797-1880",1,1,1.0,False
"Winthrop, Thomas L. (Thomas Lindall), 1760-1841",1,1,1.0,False
"Nungesser, Charles, 1892-1927",1,1,1.0,True
"Noves, Laura de, 1308?-1348",1,1,1.0,True
"Wise, John, 1808-1879",1,1,1.0,True
"Noverre, Jean Georges, 1727-1810",1,1,1.0,True
"Wise, Sam, 1857-1910",1,1,1.0,True
"Nostrand, Garret",1,1,1.0,True
"Norton, Fletcher, 1716-1789",1,1,1.0,True
"Wolfe, Tom",1,1,1.0,True
Northfield Seminary for Young Ladies,1,1,1.0,False
"Northern Cemetery (Cairo, Egypt)",1,1,1.0,False
"North, William, 1755-1836",1,1,1.0,True
"North, Simeon, 1765-1852",1,1,1.0,True
"Wolgemut, Michael, 1434-1519",1,1,1.0,True
Nikkō Tōshōgū,1,1,1.0,False
"Nikola I, King of Montenegro, 1841-1921",1,1,1.0,True
"Niles, Doris",1,1,1.0,True
Nimrod (Biblical figure),1,1,1.0,False
"Nisbet, Charles, 1736-1804",1,1,1.0,True
"Nishi Honganji (Kyoto, Japan). Shitsunaibu",1,1,1.0,False
"Nixon, John, 1733-1808",1,1,1.0,True
"Woods, Granville, 1856-1910",1,1,1.0,True
"North Dutch Church (New York, N.Y.)",1,1,1.0,False
"Noah, M. M. (Mordecai Manuel)",1,1,1.0,False
"Noah, M. M. (Mordecai Manuel), 1785-1851",1,1,1.0,False
"Woodbury, Levi, 1789-1851",1,1,1.0,True
"Noguchi, Yoné, 1875-1947",1,1,1.0,True
"Norden, Frederik Ludvig, 1708-1742",1,1,1.0,True
"Wood, George B. (George Bacon), 1797-1879",1,1,1.0,False
Norfolk and Western Railway Company,1,1,1.0,False
"Wollrabe, Amalie",1,1,1.0,True
Noah (Biblical figure),1,1,1.0,False
"Nerval, Gérard de, 1808-1855",1,1,1.0,True
"Nerva, Emperor of Rome, ca. 30-98",1,1,1.0,True
"Nero, Emperor of Rome, 37-68",1,1,1.0,True
"Nerciat, Andréa de, 1739-1800",1,1,1.0,True
"Nelson, William, 1711-1772",1,1,1.0,True
"Young, Edward, 1683-1765",1,1,1.0,True
"Zambeccari, Francesco, 1752-1812",1,1,1.0,True
"Zambelli, Carlotta, 1875-1968",1,1,1.0,True
"Zampieri, Stefano, 18th cent.",1,1,1.0,True
"Zangwill, Israel, 1864-1926",1,1,1.0,True
"Zaslavski, Rudolf",1,1,1.0,True
"Zeppelin, Ferdinand, Graf von, 1838-1917",1,1,1.0,True
"Nectanebo I, King of Egypt",1,1,1.0,True
"Zimmermann, Johann Georg, 1728-1795",1,1,1.0,True
"Zinzendorf, Nicolaus Ludwig, Graf von, 1700-1760",1,1,1.0,True
"Wyllie, Robert Crichton, 1798-1865",1,1,1.0,True
"Mérante, Zina Richard, 1832-1890",1,1,1.0,True
"Nagoyajo (Nagoya-shi, Japan)",1,1,1.0,False
"Nagoyajō (Nagoya-shi, Japan)",1,1,1.0,False
"called L'aérien, Paul, Antoine J, ca. 1797-1871",1,1,1.0,True
"Napoleon III, Emperor of the French, 1808-1873",1,1,1.0,True
"Naryshkina-Vitte, V.",1,1,1.0,True
"Zylbercweig, Zalmen, 1894-1972",1,1,1.0,True
"Necker, Jacques, 1732-1804",1,1,1.0,True
"Nast, Thomas, 1840-1902",1,1,1.0,True
National Academies (U.S.),1,1,1.0,False
"Zuccaro, Taddeo, 1529-1566",1,1,1.0,True
National Association for the Advancement of Colored People,1,1,1.0,False
National Association of Colored Graduate Nurses,1,1,1.0,False
National Cash Register Company,1,1,1.0,False
"National Theatre (New York, N.Y.)",1,1,1.0,False
"Nattier, Jean-Marc, 1685-1766",1,1,1.0,True
"Nash, Francis, 1742-1777",1,1,1.0,True
"Wyllys, George, 1710-1796",1,1,1.0,True
New York Public Library. Branch Libraries,1,1,1.0,False
New York Public Library. 135th Street Branch,1,1,1.0,False
New York Public Library -- History,1,1,1.0,False
"Wythe, George",1,1,1.0,True
New York Nautical Institution and Shipmasters' Society,1,1,1.0,False
"Wägmann, Hans Heinrich, 1557-ca. 1628",1,1,1.0,True
Y.M.C.A.,1,1,1.0,False
New York Institution for the Blind -- 1800-1899,1,1,1.0,False
New York Giants (Baseball team),1,1,1.0,False
New York Free Circulating Library. Bond Street Branch,1,1,1.0,False
New York City Mission and Tract Society,1,1,1.0,False
New York City Hospital,1,1,1.0,False
New York Chamber of Commerce,1,1,1.0,False
New York Central Railroad Company,1,1,1.0,False
Young Men's Christian Association  (YMCA),1,1,1.0,False
"Netscher, Frans, 1864-1923",1,1,1.0,True
New England Conservatory of Music,1,1,1.0,False
"Yorke, Charles, 1722-1770",1,1,1.0,True
New England Hospital for Women and Children,1,1,1.0,False
"York, Tom, 1851-1936",1,1,1.0,True
New Haven Clock Company,1,1,1.0,False
"Yeats, W. B. (William Butler), 1865-1939",1,1,1.0,False
New York (N.Y.). Metropolitan Fire Dept.,1,1,1.0,False
"Yeates, Jasper, 1745-1817",1,1,1.0,True
New Jersey State Lunatic Asylum at Trenton,1,1,1.0,False
"New Regal Theater (Chicago, Ill.)",1,1,1.0,False
"Yaoya Oshichi, 1668-1683",1,1,1.0,True
New York,1,1,1.0,False
New York (N.Y.). Department of Public Parks,1,1,1.0,False
New York (N.Y.). Fire Department,1,1,1.0,False
"Yale, Elihu, 1649-1721",1,1,1.0,True
New Hoffman House (Hotel),1,1,1.0,False
"Park Bank (New York, N.Y.)",1,1,1.0,False
"White, Clarence H., 1871-1925",1,1,1.0,True
"White, Hugh Lawson, 1773-1840",1,1,1.0,True
"Parisot, Mlle, fl. 1795-1806.",1,1,1.0,True
"Parisot, Mlle, active 1795-1806",1,1,1.0,True
"White, Pearl, 1889-1938",1,1,1.0,True
"Parade, A. (Adolphe)",1,1,1.0,False
"Paracelsus, 1493-1541",1,1,1.0,True
"White, Sampson",1,1,1.0,True
"Panama-Pacific International Exposition (1915 : San Francisco, Calif.)",1,1,1.0,False
"Whitehead, William, 1715-1785",1,1,1.0,True
"Panafieu, Louis",1,1,1.0,True
Whitley family,1,1,1.0,False
"Whittaker, Johnson Chesnut, 1858-1931",1,1,1.0,True
"Palmo, Ferdinand, 1783 or 4-1869",1,1,1.0,True
"O'Hara, Kane, 1714?-1782",1,1,1.0,True
"Wilde, Richard Henry, 1789-1847",1,1,1.0,True
"Packard, Sophia B., 1824-1891",1,1,1.0,True
"Packer, Asa, 1805-1879",1,1,1.0,True
"Paderewski, Ignace Jan, 1860-1941",1,1,1.0,True
"Wilcocks, John",1,1,1.0,True
"Page, Mann, 1690 or 1-1730",1,1,1.0,True
"Wilcocks, Alexander, 1741-1801",1,1,1.0,True
"Wickliffe, Robert, 1814 or 15-1850",1,1,1.0,True
Paine College,1,1,1.0,False
Wilberforce University,1,1,1.0,False
"Wiggin, Timothy",1,1,1.0,True
"Palazzo ducale (Venice, Italy)",1,1,1.0,False
"Palfrey, William, 1741-1780",1,1,1.0,True
"Palmer, Erastus Dow, 1817-1904",1,1,1.0,True
"Palmer, Joseph",1,1,1.0,True
"Palmer, Joseph, 1791-1875",1,1,1.0,True
"Page, William, 1811-1885",1,1,1.0,True
"Paulding, John, 1758-1818",1,1,1.0,True
"West family (Sir Thomas West, 1555-1603)",1,1,1.0,False
"Paul, Antoine J., called L'aérien, ca. 1797-1871",1,1,1.0,True
"Paul Laurence Dunbar Apartments, Inc.",1,1,1.0,True
"Paul I, Emperor of Russia, 1754-1801",1,1,1.0,True
"Patten, John, 1750-1828",1,1,1.0,True
"Patin, Charles, 1633-1693",1,1,1.0,True
"West, Henry J",1,1,1.0,True
West-Indische Compagnie (Netherlands),1,1,1.0,False
Western Pacific Railway Company,1,1,1.0,False
"Pater, Walter, 1839-1894",1,1,1.0,True
Westinghouse Electric & Manufacturing Company,1,1,1.0,False
"Pastorius, Francis Daniel, 1651-1719",1,1,1.0,True
"Pastorius Jim, 1881-1941",1,1,1.0,True
"Partridge, George, 1740-1828",1,1,1.0,True
"Parke, Daniel, 1664 or 5-1710",1,1,1.0,True
"White, Canvass, 1790-1834",1,1,1.0,True
"White, Bouck, 1874-1951",1,1,1.0,True
White Star Line,1,1,1.0,False
"Whitcomb, Asa",1,1,1.0,True
"Parker, George T.",1,1,1.0,True
"Parker, Josiah, 1751-1810",1,1,1.0,True
"Parkhurst, C. H. (Charles Henry), 1842-1933",1,1,1.0,False
"Partridge, Alden, 1785-1854",1,1,1.0,True
"Parrish, C. H. (Charles Henry), 1859-1931",1,1,1.0,False
"Parrott, John, 1811-1884",1,1,1.0,True
"Parrott, Minnie",1,1,1.0,True
"Parsons, Theophilus, 1750-1813",1,1,1.0,True
"Wheeler, Nathaniel, 1820-1893",1,1,1.0,True
"Wheeler, Joseph, 1836-1906",1,1,1.0,True
"Parton, James, 1822-1891",1,1,1.0,True
"Whalley, Edward, d. 1675?",1,1,1.0,True
"Parmigianino, 1503-1540",1,1,1.0,True
"Willmann, Michael Lukas Leopold, 1630-1706",1,1,1.0,True
"Wilmot, John Eardley, Sir, 1709-1792",1,1,1.0,True
"Old Manse (Concord, Mass.)",1,1,1.0,False
"Old Executive Office Building (Washington, D.C.)",1,1,1.0,False
"Old Dutch Church of Sleepy Hollow (Sleepy Hollow, N.Y.)",1,1,1.0,False
"Wilson, Alexander, 1766-1813",1,1,1.0,True
"Old Bowery Theatre (New York, N.Y.)",1,1,1.0,False
"Olcott, Chauncey, 1858-1932",1,1,1.0,True
Ohio State University,1,1,1.0,False
Ohio (Ship of the line),1,1,1.0,False
"Wilson, Edith, 1896-1981",1,1,1.0,True
"Ogle, Charles, 1865-1940",1,1,1.0,True
Ogdensburgh and Lake Champlain Railroad Company,1,1,1.0,False
"Winchester, William Paulet, Marquis of, ca. 1483-1572",1,1,1.0,True
"Odell, Jonathan, 1737-1818",1,1,1.0,True
"Wilkes, Charles, 1798-1877",1,1,1.0,True
"O'Keeffe, John, 1747-1833",1,1,1.0,True
"O'Neil, James Edward, 1858-1915",1,1,1.0,True
"O'Neill, Eliza, 1791-1872",1,1,1.0,True
"O'Rourke, John, 1849-1911",1,1,1.0,True
"Winthrop, Robert C. (Robert Charles), 1809-1894",1,1,1.0,False
"Winthrop, John, 1606-1676",1,1,1.0,True
Oatman family,1,1,1.0,False
"Winckelmann, Johann Joachim, 1717-1768",1,1,1.0,True
Ocean Steamship Company of Savannah,1,1,1.0,False
"Winthrop, John, 1588-1649",1,1,1.0,True
"Winston, Joseph, 1746-1815",1,1,1.0,True
"Winslow, John, 1703-1774",1,1,1.0,True
"Winslow, Edward, 1595-1655",1,1,1.0,True
"Ochs, Adolph S. (Adolph Simon), 1858-1935",1,1,1.0,False
Octorara (Steamship),1,1,1.0,False
Odd Fellows Hall Association of the City of New-York,1,1,1.0,False
"Oatman, Olive Ann",1,1,1.0,True
"Orpen, William, Sir, 1878-1931",1,1,1.0,True
"Orphan Asylum Society (San Francisco, Calif.)",1,1,1.0,False
"Ort, Aert van, ca. 1470-ca. 1540",1,1,1.0,True
Orthodoxos Ekklesia tes Hellados,1,1,1.0,False
"Osceola, Seminole chief, 1804-1838",1,1,1.0,True
"Osgood, Samuel, 1784-1862",1,1,1.0,True
"William I, German Emperor, 1797-1888",1,1,1.0,True
"Old Reformed Dutch Church (Brooklyn, N.Y.)",1,1,1.0,False
"Otis Library (Norwich, Conn.)",1,1,1.0,False
William Cramp & Sons Ship and Engine Building Co.,1,1,1.0,False
"Willcomb, Wm., Capt., 1797-1852",1,1,1.0,True
"Otto, Louis-Guillaume, comte de Mosloy, 1754-1817",1,1,1.0,True
"Otto, Saint, Bp. of Bamberg, 1060 (ca.)-1139",1,1,1.0,False
"Otway, Thomas, 1652-1685",1,1,1.0,True
"Oyerbakh, Shemu'el ben David",1,1,1.0,True
"Oysher, Moishe",1,1,1.0,True
"Otho, Marcus Salvius, Emperor of Rome, 32-69",1,1,1.0,True
"Williams, Peter",1,1,1.0,True
"Oldmixon, Georgina, 1768-1835",1,1,1.0,True
"Williams, Jonathan, 1750-1815",1,1,1.0,True
"Williams, Helen Maria, 1762-1827",1,1,1.0,True
"Olmsted, Frederick Law, 1822-1903",1,1,1.0,True
"Williams, Fannie Barrier",1,1,1.0,True
"Williams, Bert, 1874-1922",1,1,1.0,True
"Orme, Robert, d. 1781",1,1,1.0,True
Onondaga (Monitor),1,1,1.0,False
"Opdyke, George, 1805-1880",1,1,1.0,True
Opéra de Marseille,1,1,1.0,False
"William I, Prince of Orange, 1533-1584",1,1,1.0,True
Opéra de Paris. Ballet,1,1,1.0,False
"William I, King of the Netherlands, 1772-1843",1,1,1.0,True
"Orlandi, Francesco, aereonauta",1,1,1.0,True
"Orléans, Philippe, duc d', 1640-1701",1,1,1.0,True
"William IV, Prince of Orange, 1711-1751",1,1,1.0,True
"Tour Saint-Jacques (Paris, France)",1,1,1.0,False
"Shuldham, Molyneux, 1717?-1798",1,1,1.0,True
"Torri, Isolina",1,1,1.0,True
"Torrey, John, Jr",1,1,1.0,True
"Sickles, Daniel Edgar, 1819-1914",1,1,1.0,True
"Torrey, John, 1796-1873",1,1,1.0,True
"Sidney, Algernon, 1622-1683",1,1,1.0,True
"Torrentius, Johannes Symoonisz., 1589-1644",1,1,1.0,True
"Reynolds, Joseph Jones, 1822-1899",1,1,1.0,True
"Signora, Santolini",1,1,1.0,True
"Silliman, Benjamin, 1779-1864",1,1,1.0,True
"Tornaghi, Zole",1,1,1.0,True
"Simcoe, John Graves, 1752-1806",1,1,1.0,True
"Toplady, Augustus, 1740-1778",1,1,1.0,True
"Toombs, Robert Augustus, 1810-1885",1,1,1.0,True
"Simms, Hilda, 1920-",1,1,1.0,True
"Simms, William Gilmore, 1806-1870",1,1,1.0,True
"Sidney, Philip, Sir, 1554-1586",1,1,1.0,True
"Shaw, Bernard, 1856-1950",1,1,1.0,True
"Trench, Herbert, 1865-1923",1,1,1.0,True
"Tredegar Iron Works (Richmond, Va.)",1,1,1.0,False
"Shayngold, Seydi",1,1,1.0,True
"Shayngold, Yozef",1,1,1.0,True
"Sheba, Queen of",1,1,1.0,True
"Shee, Martin Archer, 1769-1850",1,1,1.0,True
"Treadwell, John, 1745-1823",1,1,1.0,True
"Short, William, 1759-1849",1,1,1.0,True
"Sherman, John, 1823-1900",1,1,1.0,True
"Trask, Leonard, 1805-",1,1,1.0,True
Shimada-shi (Japan),1,1,1.0,False
"Townshend, Charles Townshend, Viscount, 1674-1738",1,1,1.0,True
"Townsend, James, d. 1787",1,1,1.0,True
"Toussaint Louverture, 1743?-1803",1,1,1.0,True
"Toussaint Louverture, 1743-1803",1,1,1.0,True
"Tourville, Anne-Hilarion de Cotentin, comte de, 1642-1701",1,1,1.0,True
Tournament of Roses,1,1,1.0,False
"Traymore Hotel (Atlantic City, N.J.)",1,1,1.0,False
"Smith, James W. (James Webster)",1,1,1.0,False
Toledo Blue Stockings (Baseball team),1,1,1.0,False
"Smith, James, ca. 1719-1806",1,1,1.0,True
"Smith, John Rubens, 1775-1849",1,1,1.0,True
"Titus, Emperor of Rome, 40-81",1,1,1.0,True
"Titian, ca. 1488-1576",1,1,1.0,True
"Smith, Joseph Mather, 1789-1866",1,1,1.0,True
"Smith, Samuel, 1752-1839",1,1,1.0,True
"Simpson, Hall, Miller & Co.",1,1,1.0,False
"Smith, William, 1728-1793",1,1,1.0,True
"Smith, William, 1728-1814",1,1,1.0,True
"Smyth, Alexander, 1765-1830",1,1,1.0,True
"Sneferu, King of Egypt",1,1,1.0,True
"Snider, Duke, 1926-",1,1,1.0,True
Society for the Propagation of the Gospel in Foreign Parts (Great Britain),1,1,1.0,False
"Socinus, Laelius, 1525-1562",1,1,1.0,True
Socrates,1,1,1.0,False
"Tissandier, Paul, b. 1881",1,1,1.0,True
"Smith, William Loughton, 1758-1812",1,1,1.0,True
"Simpson, Matthew, 1811-1884",1,1,1.0,True
"Sims, George Robert, 1847-1922. Harbor lights",1,1,1.0,True
"Sims, J. Marion (James Marion), 1813-1883",1,1,1.0,False
"Tooke, John Horne, 1736-1812",1,1,1.0,True
"Sinclair, Lily",1,1,1.0,True
Sing Sing Prison,1,1,1.0,False
"Tonyn, Patrick, 1725-1804",1,1,1.0,True
"Singer Building (New York, N.Y.)",1,1,1.0,False
"Tomlinson, Kellom",1,1,1.0,True
Sisters of Mercy,1,1,1.0,False
"Skenandoah, d. 1816",1,1,1.0,True
"Slater, Eva",1,1,1.0,True
"Sleepy Hollow Cemetery (Sleepy Hollow, N.Y.)",1,1,1.0,False
"Tomo-chi-chi, d. 1739",1,1,1.0,True
"Smallpox Hospital (New York, N.Y.)",1,1,1.0,False
"Smalls, Robert, 1839-1915",1,1,1.0,True
"Smith, E. Delafield (Edward Delafield), 1826-1878",1,1,1.0,False
"Smith, Edward John, 1850-1912",1,1,1.0,True
"Sister, Theresa Juliana",1,1,1.0,True
"Schönbrunn (Vienna, Austria)",1,1,1.0,False
"Scorel, Jan van, 1495-1562",1,1,1.0,True
United States Army's Entertainment Services Unit,1,1,1.0,False
United Service Organizations (U.S.),1,1,1.0,False
United Pentecostal Church,1,1,1.0,False
"Scott, Gustavus, 1753-1800",1,1,1.0,True
"United Nations Monetary and Financial Conference (1944 : Bretton Woods, N.H.)",1,1,1.0,False
"Scott, Walter, Sir, 1771-1832. Antiquary",1,1,1.0,True
"Shannon, Charles Hazelwood, 1863-1937",1,1,1.0,True
"Scott, Walter, Sir, 1771-1832. Guy Manning",1,1,1.0,True
United Mine Workers of America,1,1,1.0,False
"Scott, Walter, Sir, 1771-1832. Old mortality",1,1,1.0,True
Union Pacific Railway Company,1,1,1.0,False
"Scott, Walter, Sir, 1771-1832. Waverley",1,1,1.0,True
"Scribner, Charles, 1821-1871",1,1,1.0,True
Scuola grande della misericordia,1,1,1.0,False
"Seaman, Owen, Sir, 1861-1936",1,1,1.0,True
"Searle, James, 1730-1797",1,1,1.0,True
"Scott, Walter, Sir, 1771-1832. Black Dwarf",1,1,1.0,True
"Sawyer, Samuel Elwell",1,1,1.0,True
"Say, Lucy Way Sistare, 1801-1886",1,1,1.0,True
"Scanlan, Doc, 1881-1949",1,1,1.0,True
"United States. Army. Infantry Division, 92nd",1,1,1.0,True
"Scarpa, Antonio, 1752-1832",1,1,1.0,True
"United States. Army. Colored Infantry Regiment, 39th (1864-1865). Company G",1,1,1.0,False
"United States. Army. Colored Infantry Regiment, 116th (1864-1867) -- History",1,1,1.0,False
"United States. Army. Colored Infantry Regiment, 116th (1864-1867)",1,1,1.0,False
"Schwarz, Christoph, ca. 1548-1592",1,1,1.0,True
"Schieffelin, Jacob, 1757-1835",1,1,1.0,True
"Schiller, Friedrich, 1759-1805",1,1,1.0,True
"Schongauer, Martin, 15th cent.",1,1,1.0,True
School principals,1,1,1.0,False
"Schoolcraft, Henry Rowe, 1793-1864",1,1,1.0,False
"Schönfeld, Johann Heinrich, 1609-ca. 1682",1,1,1.0,True
"United States Customhouse (New Orleans, La.)",1,1,1.0,False
"Schuyler Mansion State Historic Site (Albany, N.Y.)",1,1,1.0,False
"Schuyler, Catherine, 1734-1803",1,1,1.0,True
"United States. Army. Cavalry Regiment, 8th",1,1,1.0,True
"Severo, Augusto,",1,1,1.0,True
"Turgot, Anne-Robert-Jacques, baron de l'Aulne, 1727-1781",1,1,1.0,True
"Sevin, Claude Albert, d. 1776",1,1,1.0,True
Tulane University,1,1,1.0,False
"Seward, Anna, 1742-1809",1,1,1.0,True
"Sewell, Henry Doyle, 1805 or 1806-1886",1,1,1.0,True
"Tuckerman, Henry T. (Henry Theodore), 1813-1871",1,1,1.0,False
"Seymour, Horatio, 1810-1886",1,1,1.0,True
"Seattle, Chief, 1790-1866",1,1,1.0,True
"Tucker, Josiah, 1712-1799",1,1,1.0,True
"Tsipkus-Rapel, Tili",1,1,1.0,True
"Shakespeare, William,",1,1,1.0,True
"Trumbull, Jonathan, 1740-1809",1,1,1.0,True
Trumbull Gallery,1,1,1.0,False
"Shakespeare, William, 1564-1616. As you like it",1,1,1.0,True
"Trollope, Frances Milton, 1780-1863",1,1,1.0,True
"Shakespeare, William, 1564-1616. Hamlet",1,1,1.0,True
"Shaler, Alexander, 1827-1911",1,1,1.0,True
"Shabbethai Tzevi, 1626-1676",1,1,1.0,True
"Secker, Thomas, 1693-1768",1,1,1.0,True
"Second Unitarian Church (New York, N.Y.)",1,1,1.0,False
"Seghers, Daniel, 1590-1661",1,1,1.0,True
"Semiramis, Queen, consort of Shamshi-Adad V, King of Assyria, 9th cent. B.C.",1,1,1.0,True
"U.S. Marine Hospital (Staten Island, New York, N.Y.)",1,1,1.0,False
"Seneca, Lucius Annaeus, ca. 4 B.C.-65 A.D.",1,1,1.0,True
"Senefelder, Alois, 1771-1834",1,1,1.0,True
"U.S. Branch Bank (New York, N.Y.)",1,1,1.0,False
"Seti II, King of Egypt",1,1,1.0,True
"Sensenderfer, Count (John Phillips Jenkins), 1847-1903",1,1,1.0,False
"Sergeant, John, 1779-1852",1,1,1.0,True
"Tweed Courthouse (New York, N.Y.)",1,1,1.0,False
"Sergeant, Jonathan Dickinson",1,1,1.0,True
"Serlin, Oscar, 1901-",1,1,1.0,True
"Serral, Dolores",1,1,1.0,True
"Servandoni, Jean-Nicolas, 1695-1766",1,1,1.0,True
"Tutankhamen, King of Egypt",1,1,1.0,True
"Turner, J. M. W. (Joseph Mallord William), 1775-1851",1,1,1.0,False
"Sennett, Mack, 1880-1960",1,1,1.0,True
"Stockton, Richard",1,0,0.0,True
"Stokes, Belle",1,1,1.0,True
"Stone, Thomas",1,1,1.0,True
"Storace, Anna Selina, 1765-1817",1,1,1.0,True
"Temple of Thutmose III (Deir al-Bahri Site, Egypt)",1,1,1.0,False
Temple of Jerusalem (Jerusalem),1,1,1.0,False
"Temple of Horus (Idfū, Egypt)",1,1,1.0,False
"Stramer, Clara",1,1,1.0,True
"Sokolov, Leonid",1,1,1.0,True
"Street, Charles E.",1,1,1.0,True
"Stricklett, Elmer, 1876-1964",1,1,1.0,True
"Stuart, Alexander H. H. (Alexander Hugh Holmes), 1807-1891",1,1,1.0,False
"Tebeau, Patsy, 1864-1918",1,1,1.0,True
Student Nonviolent Coordinating Committee (U.S.),1,1,1.0,False
"Sturges, Jonathan, 1816-1892",1,1,1.0,True
"Stuyvesant, Peter Gerard, 1778-1847",1,1,1.0,True
"Suffolk, Thomas Howard, Earl of, 1561-1626",1,1,1.0,True
"Stratford de Redcliffe, Stratford Canning, Viscount, 1786-1880",1,1,1.0,True
"Steele, John, 1758-1827",1,1,1.0,True
"Steenwyck, Hendrik van, ca. 1550-1603",1,1,1.0,True
"Stein, Karl, Freiherr vom und zum, 1757-1831",1,1,1.0,True
"Thacher, Peter, 1716-1785",1,1,1.0,True
"Steiner, Lewis H. (Lewis Henry), 1827-1892",1,1,1.0,False
"Stella, Jacques, 1596-1657",1,1,1.0,True
"Stephens, James, 1825-1901",1,1,1.0,True
"Testa, Pietro, 1611-1650",1,1,1.0,True
"Stockton, Mrs. Richard",1,1,1.0,True
"Stevens, Alfred, 1817-1875",1,1,1.0,True
"Terry, John S.",1,1,1.0,True
"Terry, Daniel, 1782-1829",1,1,1.0,True
"Stevens, John, 1749-1838",1,1,1.0,True
"Ternant, Jean Baptiste, chevalier de, 1750-1816",1,1,1.0,True
"Tennyson, Alfred Tennyson, Baron, 1809-1892",1,1,1.0,True
"Stewart, John, 1749-1822",1,1,1.0,True
"Stille, Charles J. (Charles Janeway), 1819-1899",1,1,1.0,False
"Stimmer, Tobias, 1539-1584",1,1,1.0,True
"Stevens, Alexander H. (Alexander Hodgdon), 1789-1869",1,1,1.0,False
"Sèves, Octave Joseph Anthelme, 1787-1860",1,1,1.0,True
"Séjour, Victor, 1817-1874",1,1,1.0,True
"Taylor, John, 1808-1887",1,1,1.0,True
"Taylor, John",1,1,1.0,True
"Taft, William H. (William Howard), 1857-1930",1,1,1.0,False
"Taglioni, Amalia Galster, 1801-1881",1,1,1.0,True
"Taylor, Jeremy, 1613-1667",1,1,1.0,True
"Tayler, John, 1742-1829",1,1,1.0,True
"Sullivan, Denny (Dennis J.), 1858-1925",1,1,1.0,False
"Taglioni, Salvatore, 1789-1868",1,1,1.0,True
"Tailer, Billy",1,1,1.0,True
"Tasso, Torquato, 1544-1595",1,1,1.0,True
"Tallmadge, Benjamin, 1754-1835",1,1,1.0,True
"Talma, François Joseph, 1763-1826",1,1,1.0,True
"Talon, Jean Baptiste",1,1,1.0,True
"Tammany Society, or Columbian Order (N.Y.)",1,1,1.0,False
"Taney, Roger Brooke, 1777-1864",1,1,1.0,True
"Tampa Bay Hotel (Tampa, Fla.)",1,1,1.0,False
"Taunton Lunatic Hospital (Taunton, Mass.)",1,1,1.0,False
"Sumiyoshi Taisha (Osaka, Japan)",1,1,1.0,False
"Sumter, Thomas",1,1,1.0,True
"Teatro Politeama (Buenos Aires, Argentina)",1,1,1.0,False
Surrey Theatre,1,1,1.0,False
"Teatro Ombú (Buenos Aires, Argentina)",1,1,1.0,False
Teatro La Fenice,1,1,1.0,False
"Svirsky, Thamara de",1,1,1.0,True
"Swan Point Cemetery (Providence, R.I.)",1,1,1.0,False
"Taylor, Major, 1878-1932",1,1,1.0,True
"Teatro Albeniz (Buenos Aires, Argentina)",1,1,1.0,False
"Teach, Edward, d. 1718",1,1,1.0,True
"Swinburne, Algernon Charles, 1837-1909",1,1,1.0,True
"Sydenham, Thomas, 1624-1689",1,1,1.0,True
"Sylva, Carmen",1,1,1.0,True
"Tazewell, Littleton Waller, 1774-1860",1,1,1.0,True
"Taylor, Moses, 1806-1882",1,1,1.0,True
"Symons, Arthur, 1865-1945",1,1,1.0,True
"Symphony Hall (Boston, Mass.)",1,1,1.0,False
"Sweasy, Charlie, 1847-1908",1,1,1.0,True
"Spaulding, Henry F",1,1,1.0,True
"Speaker, Tris",1,1,1.0,True
"Spelman Seminary (Atlanta, Ga.)",1,1,1.0,False
"Spencer, George John Spencer, Earl, 1758-1834",1,1,1.0,True
"Spiller, Isabele Taliferro, 1888-1977",1,1,1.0,True
"Spiller, William, 1876-1945",1,1,1.0,True
"Spilman, John, Sir -- Poetry",1,1,1.0,True
"Tilghman, James, 1716-1793",1,1,1.0,True
"Staël, Madame de (Anne-Louise-Germaine), 1766-1817",1,1,1.0,False
"Spontini, Gaspare, 1774-1851",1,1,1.0,True
"Tilden, Samuel J. (Samuel Jones), 1814-1886",1,1,1.0,False
"Sprague, Charles, 1791-1875",1,1,1.0,True
"Sprague, Charlie, 1864-1912",1,1,1.0,True
"Tiffany, Charles Lewis, 1812-1902",1,1,1.0,True
"Sprague, William Buell, 1795-1876",1,1,1.0,True
"Spranger, Bartholomeus, 1546-1611",1,1,1.0,True
Spring Hill College,1,1,1.0,False
Tiffany and Company,1,1,1.0,False
"Spinola, Ambrogio, 1569-1630",1,1,1.0,True
"Tirpitz, Alfred von, 1849-1930",1,1,1.0,True
"Soldiers' Monument Association (Aurora, Ill.)",1,1,1.0,False
"Solon, ca. 630-ca. 560 B.C",1,1,1.0,True
"Somerset, Edward Seymour, Duke of, 1506?-1552",1,1,1.0,True
Sons of Liberty,1,1,1.0,False
"Sontag, Henriette, 1806-1854",1,1,1.0,True
Sophocles,1,1,1.0,False
"Soulouque, Faustin, ca. 1788-1867",1,1,1.0,True
Spanish-American War Veterans,1,1,1.0,False
"Sousa, John Philip, 1854-1932",1,1,1.0,True
"Tintoretto, Marietta, ca. 1554-ca. 1590",1,1,1.0,True
"Tintoretto, 1518-1594",1,1,1.0,True
"Tinelli, Tiberio, 1586-1638",1,1,1.0,True
"Tim Jordan, 1879-1949",1,1,1.0,True
Spain,1,1,1.0,False
"Tilly, Jean T'Serclaes, domte de, 1559-1632",1,1,1.0,True
Tillamook Rock Light Station,1,1,1.0,False
"Tilghman, William, 1756-1827",1,1,1.0,True
Sousa Band,1,1,1.0,False
"St. Paul's Church (Richmond, Va.)",1,1,1.0,False
"St. Tel, Annie",1,1,1.0,True
"Thomas, Philip F. (Philip Francis), 1810-1890",1,1,1.0,False
"St. Thomas’ Church (New York, N.Y.)",1,1,1.0,False
"Stamp Act Congress (1765 : New York, N.Y.)",1,1,1.0,False
Standard Oil Company of New Jersey,1,1,1.0,False
"Thomas, Isaiah, 1749-1831",1,1,1.0,True
"Thomas, Augustus, 1857-1934",1,1,1.0,True
"Spring, Gardiner, 1785-1873",1,1,1.0,True
"Thibaw, King of Burma, fl. 1875-1885",1,1,1.0,True
Theophrastus,1,1,1.0,False
The Musical Spillers (Musical group),1,1,1.0,False
"Stanislaw II August, King of Poland, 1732-1798",1,1,1.0,True
"Thayer, Alexander Wheelock, 1817-1897",1,1,1.0,True
"Start, Joe, 1842-1927",1,1,1.0,True
"Thaxter, Celia, 1835-1894",1,1,1.0,True
Staten Island Ferry,1,1,1.0,False
"Tharpe, Rosetta, 1915-1973",1,1,1.0,True
"Stanhope, Philip Dormer, b. 1752",1,1,1.0,True
"Sproat, James, 1722-1793",1,1,1.0,True
"Squier, E. G. (Ephraim George), 1821-1888",1,1,1.0,False
"Tiernan, Mike, 1867-1918",1,1,1.0,True
"Tian Tan (Beijing, China)",1,1,1.0,False
"St. Francis Xavier Church (New York, N.Y.)",1,1,1.0,False
"St. Gervais (Church : Paris, France)",1,1,1.0,False
"St. Hedwigs-Kathedrale (Berlin, Germany)",1,1,1.0,False
"Théâtre lyrique (Paris, France)",1,1,1.0,False
"Thomas, T. Gaillard (Theodore Gaillard), 1832-1903",1,1,1.0,False
"Théâtre de la Gaîté (Paris, France)",1,1,1.0,False
"St. John, George Washington, 1841-1922",1,1,1.0,True
"St. Joseph's Church (Greenwich Village, New York, N.Y.)",1,1,1.0,False
"St. Louis, Iron Mountain, and Southern Railway Company",1,1,1.0,False
"Thutmose II, King of Egypt",1,1,1.0,True
"Thurneysen, Johann Jakob",1,1,1.0,True
"St. Mark's United Methodist Church (New York, N.Y.)",1,1,1.0,False
"Thomson, James, 1700-1748",1,1,1.0,True
"St. Paul Building (New York, N.Y.)",1,1,1.0,False
"Théâtre des variétés (Paris, France)",1,1,1.0,False
R. Hoe & Company,1,1,1.0,False
Volunteers of America,1,1,1.0,False
"Rachel, 1821?-1858",1,1,1.0,True
"Volinin, Aleksandr Emel'ianovich, 1882-1955",1,1,1.0,True
"Racine, Jean, 1639-1699",1,1,1.0,True
"Radcliff, Jacob, 1764-1844",1,1,1.0,True
"Radcliff, John, 1848-1911",1,1,1.0,True
Radcliffe College,1,1,1.0,False
"Sawbridge, John, 1732?-1795",1,1,1.0,False
"Viviani, René, 1863-1925",1,1,1.0,True
"Raimondi, Marcantonio, ca. 1480-ca. 1534",1,1,1.0,True
"Rainer, Archduke of Austria, 1827-1913",1,1,1.0,True
"Vischer, Peter, d. 1529",1,1,1.0,True
"Virginia Union University (Richmond, Va.)",1,1,1.0,False
"Virginia School for the Education of the Deaf and the Blind (Staunton, Va.)",1,1,1.0,False
Virginia Military Institute,1,1,1.0,False
Virginia (Ironclad),1,1,1.0,False
"Radcliffe, John, 1650-1714",1,1,1.0,True
"Puligo, Domenico, 1492-1527",1,1,1.0,True
"Pulitzer, Joseph, 1847-1911",1,1,1.0,True
"Pullman, George Mortimer, 1831-1897",1,1,1.0,True
"Putnam, Israel W. (Israel Warburton), 1786-1868",1,1,1.0,False
"Waite, Arthur Edward, 1857-1942",1,1,1.0,True
"Wagoner, Henry O.",1,1,1.0,True
"Wagner, Richard, 1813-1883",1,1,1.0,True
"Pym, John, 1584-1643",1,1,1.0,True
"Vorsterman, Lucas Emil, 1595-1675",1,1,1.0,True
"Wadsworth, Edward, 1889-1949",1,1,1.0,True
Wade family,1,1,1.0,False
"Waddell, Hugh, 1734?-1773",1,1,1.0,True
"Queen, consort of William IV, King of Great Britain, Adelaide, 1792-1849 -- Portraits",1,1,1.0,True
"Véronèse, Camille, 1735-1768",1,1,1.0,True
"Quellinus, Artus, 1609-1668",1,1,1.0,True
"Vries, David Pietersz. de, fl. 1593-1655",1,1,1.0,True
"Vouet, Simon, 1590-1649",1,1,1.0,True
Quintus Pedius,1,1,1.0,False
"Wadsworth, James S. (James Samuel), 1807-1864",1,1,1.0,False
"Reed, Esther, 1747-1780",1,1,1.0,True
"Verplanck, Gulian",1,1,1.0,True
"Veronica, Saint, 1st cent",1,1,1.0,True
"Reese, Pee Wee, 1918-1999",1,1,1.0,True
"Reeve, John, 1799-1838",1,1,1.0,True
"Regnault, Henri, 1843-1871",1,1,1.0,True
"Veronese, 1528-1588",1,1,1.0,True
"Vernon, Edward, 1684-1757",1,1,1.0,True
"Ramsay, Martha Laurens, 1759-1811",1,1,1.0,True
"Vernier, Emile Louis, 1829-1887",1,1,1.0,True
"Reni, Guido, 1575-1642",1,1,1.0,True
"Renouf, Emile, 1845-1894",1,1,1.0,True
Vermont Central Railroad,1,1,1.0,False
"Renwood, Minnie",1,1,1.0,True
"Repnin, Nikolai Vasil'evich, kniaz', 1734-1801",1,1,1.0,True
Verduijn family,1,1,1.0,False
"Velázquez, Diego, 1599-1660",1,1,1.0,True
"Retzsch, Moritz, 1779-1857",1,1,1.0,True
Reliance (Yacht),1,1,1.0,False
"Vinton, Bill, 1865-1893",1,1,1.0,True
"Vincent, Miss",1,1,1.0,True
Vilner trupe,1,1,1.0,False
"Ramses VII, King of Egypt",1,1,1.0,True
"Ramses XI, King of Egypt",1,1,1.0,True
"Randolph, Beverley",1,1,1.0,True
"Randolph, John, 1727 or 8-1784",1,1,1.0,True
"Villard, Henry, 1835-1900",1,1,1.0,True
"Red Jacket, (Seneca chief), ca. 1756-1830",1,1,1.0,False
"Rapelje, George, b. 1771",1,1,1.0,True
"Vestris, Armand, 1788?-1825",1,1,1.0,True
"Rathburn, William Perry, 1822-1884",1,1,1.0,True
"Ravel, Gabriel, 1810-1882",1,1,1.0,True
"Raynal, abbé (Guillaume-Thomas-François), 1713-1796",1,1,1.0,False
"Reach, Al, 1840-1928",1,1,1.0,True
"Vespasian, Emperor of Rome, 9-79",1,1,1.0,True
"Reason, Charles Lewis, 1818-1893",1,1,1.0,True
"Rechtzeit, Jack",1,1,1.0,True
Rapelje family,1,1,1.0,False
"Polin, Adèle",1,1,1.0,True
"Polygnotus, 5th cent. B.C.",1,1,1.0,True
"Pontard, Pierre, 1749-1832",1,1,1.0,True
"Pontiac, Ottawa Chief, d. 1769",1,1,1.0,True
"Pontius, Paulus, 1603-1658",1,1,1.0,True
"Pontormo, Jacopo da, 1494-1556",1,1,1.0,True
"Poorman, Tom, 1857-1905",1,1,1.0,True
"Pope, Alexander, 1688-1744",1,1,1.0,True
"Wakefield, Thomas, 1836-1901 -- Travel -- Africa, Eastern -- Maps",1,1,1.0,True
"Porson, Richard, 1759-1808",1,1,1.0,True
"Porter, Andrew, 1743-1813",1,1,1.0,True
"Porter, William Trotter, 1809-1858",1,1,1.0,True
"Walsh, Ed, 1881-1959",1,1,1.0,True
"Potter Building (New York, N.Y.)",1,1,1.0,False
"Potter, Cora Urquhart, 1857-1936",1,1,1.0,True
"Pound, Ezra, 1885-1972",1,1,1.0,True
"Walpole, Horace, 1717-1797",1,1,1.0,True
"Powel, Samuel, 1738-1793",1,1,1.0,True
"Pope, John, 1822-1892",1,1,1.0,True
"Pintard, John, 1759-1844",1,1,1.0,True
"Piozzi, Hester Lynch, 1741-1821",1,1,1.0,True
"Pissarro, Camille, 1830-1903",1,1,1.0,True
"Ward, Samuel Ringgold, b. 1817",1,1,1.0,True
"Ward, Monte, 1860-1925",1,1,1.0,True
"Ward, John, 1860-1925",1,1,1.0,True
"Pius VI, Pope, 1717-1799",1,1,1.0,True
"Planché, J. R. (James Robinson), 1796-1880",1,1,1.0,False
"Polidoro, da Caravaggio, ca. 1495-ca. 1543",1,1,1.0,True
"Platt, Jonas, 1769-1834",1,1,1.0,True
Plenty,1,1,1.0,False
"Plumsted, William, 1708-1765",1,1,1.0,True
War casualities,1,1,1.0,False
"Pocock, George, Sir, 1706-1792",1,1,1.0,True
"Walton, William",1,1,1.0,True
"Poelenburgh, Cornelis van, 1594 or 1595-1667",1,1,1.0,True
"Pohick Church (Lorton, Va.)",1,1,1.0,False
"Poitevin, Eugene",1,1,1.0,True
Plato,1,1,1.0,False
"Pringle, Robert, 1702-1776",1,1,1.0,True
"Protogenes, fl. 300 B.C.",1,1,1.0,True
"Wallace, John B. (John Bradford), 1778-1837",1,1,1.0,False
"Proud, Robert, 1728-1813",1,1,1.0,True
Providence Grays (Baseball team),1,1,1.0,False
"Provoost, Samuel, 1742-1815",1,1,1.0,True
"Walker, John, 1744-1809",1,1,1.0,True
"Walker, John Brisben, 1847-1931",1,1,1.0,True
"Waln, Nicholas, 1742-1813",1,1,1.0,True
"Walker, Francis, 1764-1806",1,1,1.0,True
"Walker, C. J., Madam, 1867-1919",1,1,1.0,True
"Walker, Aida Overton, 1880-1914",1,1,1.0,True
"Ptolemy IV Philopator, King of Egypt, ca. 238 B.C.-ca. 205 B.C.",1,1,1.0,True
"Ptolemy IX Soter II, King of Egypt, d. 81 B.C",1,1,1.0,True
"Ptolemy VI Philometor, King of Egypt",1,1,1.0,True
"Waldo, Daniel, 1763-1845",1,1,1.0,True
"Wakeman, J. B. (Jesup B.)",1,1,1.0,False
"Ptolemy XI Alexander II, d. 80 B.C",1,1,1.0,True
"Prévost, abbé, 1697-1763",1,1,1.0,True
"Powers, Hiram, 1805-1873",1,1,1.0,True
"Powers, Hiram, 1805-1873. Greek slave",1,1,1.0,True
"Pratt, Tom, 1844-1908",1,1,1.0,True
"Praxiteles, 4th cent. B.C.",1,1,1.0,True
"Wallis, Samuel, 1728-1795",1,1,1.0,True
"Wallenstein, Albrecht Wenzel Eusebius von, Herzog von Friedland, 1583-1634",1,1,1.0,True
"Prescott House (New York, N.Y.)",1,1,1.0,False
"Prescott, Richard, 1725-1788",1,1,1.0,True
"Prince Hall Temple and Home Association, inc. (N.Y.)",1,1,1.0,False
"Prescott, William Hickling, 1796-1859",1,1,1.0,True
President (Frigate),1,1,1.0,False
"Prevost, George, Sir, 1767-1816",1,1,1.0,True
"Price, Richard, 1723-1791",1,1,1.0,True
"Priestley, Joseph, 1733-1804",1,1,1.0,True
"Primaticcio, Francesco, 1504-1570",1,1,1.0,True
"Primrose, George",1,1,1.0,True
Wallack's Theatre,1,1,1.0,False
"Wallace, Walter",1,1,1.0,True
"Prescott, Robert, 1725-1816",1,1,1.0,True
Rutgers College,1,1,1.0,False
"Rutgers Female Institute (New York, N.Y.)",1,1,1.0,False
United States. President (1909-1913 : Taft),1,1,1.0,False
"Sabadini, Bernardo",1,1,1.0,True
United States. Navy. Seabees,1,1,1.0,False
United States. Navy. Atlantic Fleet,1,1,1.0,False
"Sadeler, Ægidius, 1568-1629",1,1,1.0,True
United States. National Youth Administration,1,1,1.0,False
"Revels, Hiram Rhoades, 1827?-1901",1,1,1.0,True
"Sage, Russell, 1816-1906",1,1,1.0,True
"Saharet, b. 1879",1,1,1.0,True
Sailors' Snug Harbor (Institution),1,1,1.0,False
United States. Government Printing Office,1,1,1.0,False
"Saint-Simon, Claude-Anne, Marquis de, 1740-1819",1,1,1.0,True
"Saint-Simon, Henri, comte de, 1760-1825",1,1,1.0,True
United States. Congress,1,1,1.0,False
"Salisbury, Robert Cecil, Earl of, 1563-1612",1,1,1.0,True
"Sallé, Marie, d. 1756",1,1,1.0,True
"Sadler's Wells Theatre (London, England)",1,1,1.0,False
"Rouclere, Harry, 1866-1942",1,1,1.0,True
"Rousset, Adelaide",1,1,1.0,True
University of Washington,1,1,1.0,False
"Rousset, Clementine",1,1,1.0,True
University of South Carolina,1,1,1.0,False
"Rousset, Jean, fl. 1825-1830",1,1,1.0,True
"Rouvière, Philibert",1,1,1.0,True
"Rowe, Jack, 1856-1911",1,1,1.0,True
"Rustici, Giovanni Francesco, 1474-1554",1,1,1.0,True
Royal Military Asylum,1,1,1.0,False
"Rozier, Jean, 1789-1861",1,1,1.0,True
"Rucker, Nap, 1884-1970",1,1,1.0,True
"Rudolf, Crown Prince of Austria, 1858-1889",1,1,1.0,True
"University of California, Berkeley",1,1,1.0,False
United States. White House Office,1,1,1.0,False
"Rush, Christopher, 1777-1873",1,1,1.0,True
"Ruskin, John, 1819-1900",1,1,1.0,True
"Russell, Lillian, 1861-1922",1,1,1.0,True
University of Minnesota,1,1,1.0,False
"United States. Army. New York Infantry Regiment, 69th (1861-1865)",1,1,1.0,False
"Santa Inés Mission (Solvang, Calif.)",1,1,1.0,False
"Santa Maria Maggiore (Church : Rome, Italy)",1,1,1.0,False
"Santa Maria del Fiore (Cathedral : Florence, Italy)",1,1,1.0,False
Santa María (Ship),1,1,1.0,False
"Saqui, Marguerite Antoinette Lalanne, 1786-1866",1,1,1.0,True
"Saratoga Racecourse (Saratoga Springs, N.Y.)",1,1,1.0,False
"Sargent, Lucius M. (Lucius Manlius), 1786-1867",1,1,1.0,False
"Salon Garibaldi (Buenos Aires, Argentina)",1,1,1.0,False
"Sarto, Andrea del, 1486-1530",1,1,1.0,True
"United States. Army. New York Infantry Regiment, 13th (1861-1863)",1,1,1.0,False
"Savery, Roelant, 1576-1639",1,1,1.0,True
"United States. Army. New York Artillery Regiment, 2nd (1861-1865)",1,1,1.0,False
"Savoia, Vittorio Emanuele di, 1937-",1,1,1.0,True
"United States. Army. Massachusetts Infantry Regiment, 2nd (1861-1864)",1,1,1.0,False
Savoy Ballroom,1,1,1.0,False
"United States. Army. Massachusetts Heavy Artillery Regiment, 1st (1862-1865)",1,1,1.0,False
"Savoy Hotel (New York, N.Y.)",1,1,1.0,False
"Sargent, Thomas Frazer, 1776-1833",1,1,1.0,True
"Salsbury, Nathan, 1846-1902",1,1,1.0,True
"Salviati, Francesco, 1510-1563",1,1,1.0,True
"Samengo, Paolo, active 1820-1840",1,1,1.0,True
"Samengo, Paolo, fl. 1820-1840",1,1,1.0,True
"Sampson, William, 1764-1836",1,1,1.0,True
San Antonio de Pádua (Mission),1,1,1.0,False
San Diego Mission,1,1,1.0,False
United States. Articles of Confederation,1,1,1.0,False
"Sanlaville, Marie",1,1,1.0,True
"United States. Army. Volunteer Cavalry, 1st",1,1,1.0,True
"San Lorenzo fuori le mura (Church : Rome, Italy)",1,1,1.0,False
"United States. Army. Pennsylvania Infantry Regiment, 114th (1862-1865)",1,1,1.0,False
"Sandrart, Susanna Maria von, 1658-1716",1,1,1.0,True
"United States. Army. New York Infantry Regiment, 73rd (1861-1865)",1,1,1.0,False
"Sangalli, Rita, 1849-1909",1,1,1.0,True
"Sangallo, Giuliano da, 1445?-1516?",1,1,1.0,True
"Sanger, Margaret, 1879-1966",1,1,1.0,True
Sankeien,1,1,1.0,False
"San Lorenzo (Church : Florence, Italy)",1,1,1.0,False
"Varick, James, ca. 1750-1827",1,1,1.0,True
"Rinnoji (Nikko-shi, Japan)",1,1,1.0,False
Ripon College,1,1,1.0,False
"Vanderbilt, Cornelius, 1794-1877",1,1,1.0,True
"Ritter, Lew, 1875-1952",1,1,1.0,True
"Van Wyck, Robert Anderson, 1849-1918",1,1,1.0,True
"Robertson, Archibald, ca. 1745-1813",1,1,1.0,True
"Van Rensselaer, Solomon Van Vechten, 1774-1852",1,1,1.0,True
"Rosso Fiorentino, 1494-1540",1,1,1.0,True
"Robinson, Mary, 1758-1800",1,1,1.0,True
"Rochford, William Henry Nassau de Zuylestein, Earl of, 1717-1781",1,1,1.0,True
"Van Nest, Abraham, 1777-1864",1,1,1.0,True
"Van Ness, John Peter, 1770-1846",1,1,1.0,True
Rockford Forest Citys (Baseball team),1,1,1.0,False
"Van Ness, Cornelius P. (Cornelius Peter), 1782-1852",1,1,1.0,False
"Rodgers, John, 1727-1811",1,1,1.0,True
"Rodgers, John, 1773-1838",1,1,1.0,True
"Rodgers, John, 1812-1882",1,1,1.0,True
"Robinson, Beverly, 1722-1792",1,1,1.0,True
"Velde, Willem van de, 1633-1707",1,1,1.0,True
"Veen, Otto van, 1556-1629",1,1,1.0,True
"Revillagigedo, Juan Vicente Güémez Pacheco de Padilla Horcasitas y Aguayo, conde de, 1740-1799",1,1,1.0,True
"Reynaud, Charles Emile, 1844-1918",1,1,1.0,True
"Vays, Marsela",1,1,1.0,True
"Rice, Tom, 1808-1860",1,1,1.0,True
"Richard I, King of England, 1157-1199",1,1,1.0,True
"Richard III, King of England, 1452-1485",1,1,1.0,True
"Rigolboche, active 19th century",1,1,1.0,True
"Richelieu, Armand Jean du Plessis, duc de, 1585-1642",1,1,1.0,True
Vatican. Guardia svizzera pontificia,1,1,1.0,False
"Richings, Peter, 1798-1871",1,1,1.0,True
Vatican Palace (Vatican City),1,1,1.0,False
Vases,1,1,1.0,False
"Vasari, Giorgio, 1511-1574",1,1,1.0,True
"Richmond, Ludovic Stuart, Duke of, 1574-1624",1,1,1.0,True
"Ridley, Nicholas, 1500?-1555",1,1,1.0,True
"Rigl, Emily",1,1,1.0,True
"Richardson, Danny, 1863-1926",1,1,1.0,True
"Roos, Theodor, 1638-1687",1,1,1.0,True
"Roosevelt Hospital (New York, N.Y.)",1,1,1.0,False
"Valencia, Tortola, 1882-1955",1,1,1.0,True
"Roosevelt, Eleanor, 1884-1962",1,1,1.0,True
"Vacquerie, Auguste, 1819-1895",1,1,1.0,True
"Roosevelt, Franklin D. (Franklin Delano), 1882-1945",1,1,1.0,False
"Root, Elihu, 1845-1937",1,1,1.0,True
"Root, Jesse, 1737-1822",1,1,1.0,True
"Rodgers, Richard, 1902-1979. King and I",1,1,1.0,True
"Rosati, Carolina Galetti, 1826-1905",1,1,1.0,True
"Roscoe, William, 1753-1831",1,1,1.0,True
"Rosencrans, William S.",1,1,1.0,True
"Ross, Robert, 1766-1814",1,1,1.0,True
"Rossi, Margherita, active 1778-1796",1,1,1.0,True
"Rossi, Properzia de’, d. 1530",1,1,1.0,True
"Rossini, Gioacchino, 1792-1868",1,1,1.0,True
"Rossiter, Thomas Prichard, 1818-1871",1,1,1.0,True
Università di Padova,1,1,1.0,False
"Ropiquet, Louise",1,1,1.0,True
"Rodgers, Richard, 1902-1979. Too many girls",1,1,1.0,True
Van Dine family,1,1,1.0,False
"Van Cortlandt, Pierre, 1721-1814",1,1,1.0,True
"Van Cortlandt, Philip, 1749-1831",1,1,1.0,True
"Roebling, Washington Augustus, 1837-1926",1,1,1.0,True
"Rogers, Fraley, 1850-1881",1,1,1.0,True
"Van Cortlandt House (New York, N.Y.)",1,1,1.0,False
"Rogers, Robert, 1727-1800",1,1,1.0,True
"Roos, Johann Heinrich, 1631-1685",1,1,1.0,True
"Rollins, George B.",1,1,1.0,True
"Van Buren, W. H. (William Holme), 1819-1883",1,1,1.0,False
Valerius Maximus,1,1,1.0,False
"Rome, Watertown & Ogdensburg Railroad Company",1,1,1.0,False
"Valentine, d. T. (David Thomas), 1801-1869",1,1,1.0,False
"Romney, George, 1734-1802",1,1,1.0,True
"Romulus, King of Rome",1,1,1.0,True
"Ronzi-Vestris, Caroline",1,1,1.0,True
Rookwood Pottery (Firm),1,1,1.0,False
"Roget, Peter Mark, 1779-1869",1,1,1.0,True
"Condorcet, Jean-Antoine-Nicolas de Caritat, marquis de, 1743-1794",1,1,1.0,True
"Condorcet, Marie Jean Antoine Nicolas Caritat de, Marquis",1,1,1.0,True
"Condé, Louis Joseph de Bourbon, prince de, 1736-1818",1,1,1.0,True
Confederate States of America,1,1,1.0,False
Confederate States of America. Army. Hampton Legion. Company A,1,1,1.0,False
"Congress Hall (Philadelphia, Pa.)",1,1,1.0,False
"Congreve, William,",1,1,1.0,True
"Congreve, William, 1670-1729",1,1,1.0,True
"Conneau, Jean Louis Camille, 1880-",1,1,1.0,True
Connecticut. Governor’s Foot Guard,1,1,1.0,False
Continental Insurance Company,1,1,1.0,False
"Lachambre, Henri, 1846-1904",1,1,1.0,True
"Coogan, Jackie",1,1,1.0,True
"Cooke, Aileen Anita",1,1,1.0,True
"Coolidge, Joseph, 1773-1840",1,1,1.0,True
"Cooper, James Fenimore, 1789-1851. Spy",1,1,1.0,True
"Cooper, Thomas Abthorpe, 1776-1849",1,1,1.0,True
"Copernicus, Nicolaus, 1473-1543",1,1,1.0,True
"Corcoran, Tommy (Thomas William), 1869-1960",1,1,1.0,False
"Corday, Charlotte, 1768-1793",1,1,1.0,True
Corn Exchange Bank Trust Company,1,1,1.0,False
"Coronado, Francisco Vásquez de, 1510-1554",1,1,1.0,True
"Correggio, 1489?-1534",1,1,1.0,True
"Cortot, Alfred, 1877-1962",1,1,1.0,True
Conversation chairs,1,1,1.0,False
"Colburn, Zerah, 1804-1840",1,1,1.0,True
"Colden, Cadwallader D. (Cadwallader David), 1769-1834",1,1,1.0,False
"Cole, Bob, 1868-1911",1,1,1.0,True
"Cole, James",1,1,1.0,True
"Cole, Thomas, 1801-1848",1,1,1.0,True
"Coleman, William, 1766-1829",1,1,1.0,True
"Coleridge, Samuel Taylor, 1772-1834",1,1,1.0,True
"Coles, Jordan",1,1,1.0,True
"Colfax, Schuyler, 1823-1885",1,1,1.0,True
College of Mount Saint Vincent,1,1,1.0,False
"Collier, George, Sir, 1738-1795",1,1,1.0,True
"Collin, Richard, b. 1627",1,1,1.0,True
Concord School of Philosophy,1,1,1.0,False
"Colman, George, 1732-1794",1,1,1.0,True
"Colombe, Thérèse-Théodore, 1754-1837",1,1,1.0,True
Colored Methodist Episcopal Church,1,1,1.0,False
"Colt, Elizabeth H.",1,1,1.0,True
Colt’s Patent Fire Arms Manufacturing Co.,1,1,1.0,False
"Columbia College (New York, N.Y.) -- Buildings -- 1800-1899",1,1,1.0,False
Columbia University,1,1,1.0,False
Columbia-Philadelphia Railroad,1,1,1.0,False
Columbus Solons (baseball teams),1,1,1.0,False
"Comstock, Anthony, 1844-1915",1,1,1.0,True
"Comte, Auguste, 1798-1857",1,1,1.0,True
"Comus, the god of laughter",1,1,1.0,True
"Colman's Literary rooms (New York, N.Y.)",1,1,1.0,False
"Custine, Adam Philippe, comte de, 1740-1793",1,1,1.0,True
"Custis, Daniel Parke, 1711-1757",1,1,1.0,True
"Cutler, Benjamin C. (Benjamin Clarke), 1798-1863",1,1,1.0,False
"Cuvier, Georges, baron, 1739-1832",1,1,1.0,True
"Cyrus, King of Persia, d. 529 B.C.",1,1,1.0,True
"Cézanne, Paul, 1839-1906",1,1,1.0,True
"Da Ponte, Lorenzo, 1749-1838",1,1,1.0,True
"Dale, Richard, 1756-1826",1,1,1.0,True
"Dallin, Cyrus E. (Cyrus Edwin), 1861-1944",1,1,1.0,False
"Dalrymple, Abner (Abner Frank), 1857-1939",1,1,1.0,False
"Dalton, Tristram, 1738-1817",1,1,1.0,True
"Daly, Charles P. (Charles Patrick), 1816-1899",1,1,1.0,False
"Costa, Davide",1,1,1.0,True
"Dampier, William -- journeys -- Maps -- Early works to 1800",1,1,1.0,True
"Dana, Richard Henry, 1787-1879",1,1,1.0,True
Dandridge family,1,1,1.0,False
Daniel (Biblical figure),1,1,1.0,False
"Daniel, Peter V. (Peter Vivian), 1784-1860",1,1,1.0,False
"Dannan, Emanuel, 1844-1852",1,1,1.0,True
"Danse, Josephine",1,1,1.0,True
"Dante Alighieri, 1265-1321",1,1,1.0,True
"Darley, Felix Octavius Carr, 1822-1888",1,1,1.0,True
"Darnley, Henry Stuart, Lord, 1545-1567",1,1,1.0,True
"Dartmouth, George Legge, Earl of, 1755-1810",1,1,1.0,True
"Dartmouth, William, Earl of",1,1,1.0,True
"Damas, Léon-Gontran, 1912-1978",1,1,1.0,True
Cotton Club,1,1,1.0,False
"Cotton, John, 1584-1652",1,1,1.0,True
"Couché, François-Louis, 1782-1849",1,1,1.0,True
"Courbet, Gustave, 1819-1877",1,1,1.0,True
"Coué, Emile, 1857-1926",1,1,1.0,True
"Cowley, Henry Richard Charles Wellesley, Earl, 1804-1884",1,1,1.0,True
"Cowper, William, 1731-1800",1,1,1.0,True
"Coxwell, Henry Tracey, 1819-1900",1,1,1.0,True
"Cranach, Lucas, 1472-1553",1,1,1.0,True
"Cranmer, Thomas, 1489-1556",1,1,1.0,True
"Crawford, Thomas, 1813 or 14-1857",1,1,1.0,True
"Cresap, Michael, 1742-1775",1,1,1.0,True
"Cushman, Charlotte, 1816-1876",1,1,1.0,True
"Crolius, Clarkson, 1773-1843",1,1,1.0,True
"Cromwell, John W. (John Wesley), b. 1846",1,1,1.0,False
"Culpeper, Thomas, Sir, 1626-1697",1,1,1.0,True
"Cumberland, Richard, 1631-1718",1,1,1.0,True
"Cummings, Thomas Seir, 1804-1894",1,1,1.0,True
"Curran, Charles C. (Charles Courtney), 1861-1942",1,1,1.0,False
"Curran, John Philpot, 1750-1817",1,1,1.0,True
"Curtin, Andrew Gregg, 1815-1894",1,1,1.0,True
"Curtis, George William, 1824-1892",1,1,1.0,True
"Curzon, Alfred de, 1820-1895",1,1,1.0,True
"Cushing, Jonathan Peter, 1793-1835",1,1,1.0,True
"Cushing, William, 1732-1810",1,1,1.0,True
"Crittenden, John J. (John Jordan), 1787-1863",1,1,1.0,False
"Chase, William Merritt, 1849-1916",1,1,1.0,True
"Chaumont, Jacques-Donatien Leray de, 1725-1803",1,1,1.0,True
"Chauncy, Charles, 1705-1787",1,1,1.0,True
"Chenard, Simon, 1758-1832",1,1,1.0,True
"Chenavard, Paul Marc Joseph, 1807-1895",1,1,1.0,True
Chester Cathedral,1,1,1.0,False
"Chesterfield, Philip Dormer Stanhope, Earl of, 1694-1773",1,1,1.0,True
"Chesterton, G. K. (Gilbert Keith), 1874-1936",1,1,1.0,False
Chicago Bar Association,1,1,1.0,False
Chicago Little Theatre,1,1,1.0,False
Chicago Public Library,1,1,1.0,False
Chicago Urban League,1,1,1.0,False
"Cogswell, Joseph Green, 1786-1871",1,1,1.0,True
"Chicago, Rock Island and Pacific Railway Company",1,1,1.0,False
"Chiesa della Madonna dell'Orto (Venice, Italy)",1,1,1.0,False
"Children's Aid Society (New York, N.Y.)",1,1,1.0,False
"Childs, George William, 1829-1894",1,1,1.0,True
"Chillingworth, William, 1602-1644",1,1,1.0,True
"Chittenden, S. B. (Simeon Baldwin), 1814-1889",1,1,1.0,False
"Chittenden, Thomas, 1730-1797",1,1,1.0,True
"Chivers, G. M. S. -- Portraits",1,1,1.0,True
Chouteau family,1,1,1.0,False
"Christ Church (Philadelphia, Pa.)",1,1,1.0,False
Christ Church (University of Oxford),1,1,1.0,False
"Christopher, Saint",1,1,1.0,True
"Chicago, Milwaukee, and St. Paul Railway Company",1,1,1.0,False
"Catalani, Angelica, 1780-1849",1,1,1.0,True
"Cathedral of St. John the Divine (New York, N.Y.)",1,1,1.0,False
"Catherine, of Siena, Saint, 1347-1380",1,1,1.0,True
Cathédrale de Chartres,1,1,1.0,False
Catholic Church -- Antiquities,1,1,1.0,False
Catholic Church. Pope (1775-1799 : Pius VI),1,1,1.0,False
Catholic Summer School of America,1,1,1.0,False
"Catiline, ca. 108-62 B.C.",1,1,1.0,True
"Caverley, Thomas, -1745?",1,1,1.0,True
"Cavour, Camillo Benso, conte di, 1810-1861",1,1,1.0,True
"Cecchetti, Enrico, 1850-1928",1,1,1.0,True
"Cecilie, Crown Princess of the German Empire and of Prussia, 1886-1954",1,1,1.0,True
"Chase, Salmon P. (Salmon Portland), 1808-1873",1,1,1.0,False
"Cesari, Giuseppe, 1568-1640",1,1,1.0,True
"Champe, John, 1752-1798",1,1,1.0,True
"Champsaur, Félicien, 1859-1934",1,1,1.0,True
"Chanin, Henry I.",1,1,1.0,True
"Chanin, Irwin S. (Irwin Salmon), 1891-",1,1,1.0,False
"Charles I, Emperor of Austria, 1887-1922",1,1,1.0,True
"Charles IV, King of Spain, 1748-1819",1,1,1.0,True
"Charles IX, King of France, 1550-1574",1,1,1.0,True
"Charles V, Holy Roman Emperor, 1500-1558",1,1,1.0,True
"Charles, Duke of Burgundy, 1433-1477",1,1,1.0,True
"Charles, Jacques Alexandre César,",1,1,1.0,True
"Chase, Jeremiah Townley, 1748-1828",1,1,1.0,True
"Ceracchi, Giuseppe, 1751-1801",1,1,1.0,True
"Cixi, Empress dowager of China, 1835-1908",1,1,1.0,True
Claiborne family,1,1,1.0,False
"Clapp, John (John Edgar), 1851-1904",1,1,1.0,False
"Clarendon, Edward Hyde, Earl of, 1609-1674",1,1,1.0,True
"Clark, Abraham",1,0,0.0,True
"Clark, Galen, 1814-1910",1,1,1.0,True
"Clarke, Alured, Sir, 1744 or 5-1832",1,1,1.0,True
"Clarkson, Matthew, 1733-1800",1,1,1.0,True
"Clemenceau, Georges, 1841-1929",1,1,1.0,True
"Clemens, Samuel Langhorne, 1835-1910",1,1,1.0,True
"Clerc, Nicolas-Gabriel, 1726-1798. Histoire physique, morale, civile et politique de la Russie",1,1,1.0,True
"Clermont, Marie-Anne de Bourbon-Condé, mademoiselle de, 1697-1741",1,1,1.0,True
"Christy, Edwin Pearce, 1815-1862",1,1,1.0,True
"Cliffton, William, 1772-1799",1,1,1.0,True
"Clinton, DeWitt, 1805-1833",1,1,1.0,True
"Clisson, Olivier de, 1336-1407",1,1,1.0,True
"Cliveden (Philadelphia, Pa.)",1,1,1.0,False
"Clough, Arthur Hugh, 1819-1861",1,1,1.0,True
"Cluett, Peabody & Co.",1,1,1.0,True
"Cobb, David, 1748-1830",1,1,1.0,True
"Cobb, Ty, 1886-1961",1,1,1.0,True
"Cobden, Richard, 1804-1865",1,1,1.0,True
"Coburn, Alvin Langdon, 1882-1966",1,1,1.0,True
"Cocteau, Jean, d1889-1963",1,1,1.0,True
"Coffin, Levi, 1798-1877",1,1,1.0,True
Cleveland Blues (Baseball team),1,1,1.0,False
"Chulalongkorn, King of Siam, 1853-1910",1,1,1.0,True
Church of England,1,1,1.0,False
"Church of the Ascension (New York, N.Y.)",1,1,1.0,False
"Church of the Covenant (New York, N.Y.)",1,1,1.0,False
"Church of the Divine Unity (New York, N.Y.)",1,1,1.0,False
"Church of the Nativity (New York, N.Y.)",1,1,1.0,False
"Church of the Transfiguration (New York, N.Y.)",1,1,1.0,False
"Church, Benjamin, 1734-1778",1,1,1.0,False
Churches,1,1,1.0,False
"Château de Chantilly (Chantilly, France)",1,1,1.0,False
Château de Ramezay,1,1,1.0,False
"Chéron, Elisabeth Sophie, 1648-1711",1,1,1.0,True
Civilian Conservation Corps (U.S.),1,1,1.0,False
Cimabue,1,1,1.0,False
Cincinnati Chamber of Commerce,1,1,1.0,False
Cincinnati Music Hall,1,1,1.0,False
Cincinnati Red Stockings (Baseball team),1,1,1.0,False
Cincinnati Reds (Baseball team),1,1,1.0,False
"Cine Teatro Standard (Buenos Aires, Argentina)",1,1,1.0,False
"Circle in the Square (Organization : New York, N.Y.)",1,1,1.0,False
"Cisco, John J.",1,1,1.0,True
"City Hall (Brooklyn, New York, N.Y.)",1,1,1.0,False
"City Hall (New York, N.Y.) Rotunda",1,1,1.0,False
"City Investing Building (New York, N.Y.)",1,1,1.0,False
City University of New York. City College,1,1,1.0,False
"Cicero, Marcus Tullius",1,1,1.0,True
"Elizabeth, I, Queen of England, 1533-1603",1,1,1.0,True
"Elizabeth, Queen, consort of Henry VII, King of England, 1465-1503",1,1,1.0,True
Elks (Fraternal order),1,1,1.0,False
"Ellet, E. F. (Elizabeth Fries), 1818-1877",1,1,1.0,False
"Elliott, Charles Loring, 1812-1868",1,1,1.0,True
"Elliott, E. B. (Ezekiel Brown), 1823-1888",1,1,1.0,False
"Elliott, Jesse d. (Jesse Duncan), 1782-1845",1,1,1.0,False
"Ellsworth, E. E. (Elmer Ephraim), 1837-1861",1,1,1.0,False
"Elsheimer, Adam, 1578-1610",1,1,1.0,True
Ely family,1,1,1.0,False
"Emarot, Célestine, 1824-1892",1,1,1.0,True
"Daubigny, Charles François, 1817-1878",1,1,1.0,True
"Emma Willard School (Troy, N.Y.)",1,1,1.0,False
"Emmet, Thomas Addis, 1764-1827",1,1,1.0,True
Engravers,1,1,1.0,False
"Eno, Amos.",1,1,1.0,True
"Epstein, Jacob, Sir, 1880-1959",1,1,1.0,True
"Equiano, Olaudah, b. 1745",1,1,1.0,True
Equitable Life Insurance Company,1,1,1.0,False
"Erskine, William, Sir, 1728-1795",1,1,1.0,True
Essex County National Bank (N.J.),1,1,1.0,False
Estey Organ Company,1,1,1.0,False
Eton College,1,1,1.0,False
"Eugene, of Savoy, Prince of Savoy, 1663-1736",1,1,1.0,True
"Emerson, Robert Bulkeley, 1807 - 1859",1,1,1.0,True
"Dyckman, Isaac",1,1,1.0,True
"Díaz, Porfirio, 1830-1915",1,1,1.0,True
"Dürer, Albrecht, the elder, 1427-1502",1,1,1.0,True
"East Potomac Park (Washington, D.C.)",1,1,1.0,False
"East River Savings Bank Building (New York, N.Y.)",1,1,1.0,False
"Eaton, John Henry, 1790-1856",1,1,1.0,True
"Eddy, Jennie",1,1,1.0,True
"Eddy, Mary Baker, 1821-1910",1,1,1.0,True
"Edison, Thomas A. (Thomas Alva), 1847-1931",1,1,1.0,False
"Edward Augustus, Duke of Kent, 1767-1820",1,1,1.0,True
Edward H. Ludlow & Co.,1,1,1.0,False
"Edward I, King of England, 1239-1307",1,1,1.0,True
"Elizabeth Farnese, consort of Philip V, King of Spain, 1692-1766",1,1,1.0,True
Edward Ridley & Sons,1,1,1.0,False
"Edwards, Edwin, 1823-1879",1,1,1.0,True
"Edwards, Monroe, 1808-1847",1,1,1.0,True
"Effingham, Kenneth Alexander Howard, Earl, 1767-1845",1,1,1.0,True
"Eglise de la Madeleine (Paris, France)",1,1,1.0,False
"Egremont, Charles Wyndham, Earl of, 1710-1763",1,1,1.0,True
"Ehrenstrahl, David Klöcker, 1628-1698",1,1,1.0,True
"Ehrle, Franz, 1845-1934",1,1,1.0,True
Elbe (Steamship),1,1,1.0,False
"Elbert, Samuel",1,1,1.0,True
"Eliot, George, 1819-1880",1,1,1.0,True
"Eliot, John, 1604-1690",1,1,1.0,True
"Edward III, King of England, 1312-1377",1,1,1.0,True
"Fenton, Roger, 1819-1869",1,1,1.0,True
"Fenzl, Johann, 1806-1873",1,1,1.0,True
"Ferber, Ferdinand, 1862-1909",1,1,1.0,True
"Ferdinand I, Czar of Bulgaria, 1861-1948",1,1,1.0,True
"Ferdinand I, Holy Roman Emperor, 1503-1564",1,1,1.0,True
"Ferdinand II, Archduke of Austria, 1529-1595",1,1,1.0,True
"Fergusson, John Duncan, 1874-1961",1,1,1.0,True
"Ferrand, Pierre",1,1,1.0,True
"Ferraris, Amalia, 1830-1904",1,1,1.0,True
"Ferrucci, Andrea, 1465-1526",1,1,1.0,True
"Fersen, Hans Axel von, greve, 1755-1810",1,1,1.0,True
"Fessenden, William Pitt, 1806-1869",1,1,1.0,True
"Evarts, William Maxwell, 1818-1901",1,1,1.0,True
"Field, Stephen J. (Stephen Johnson), 1816-1899",1,1,1.0,False
"Fioretti, Angelina, active 1861-1873",1,1,1.0,True
"First Congregational Church in New-York (New York, N.Y.)",1,1,1.0,False
"First Methodist Church (New York, N.Y.)",1,1,1.0,False
"Fish, Hamilton, 1808-1893",1,1,1.0,True
"Fish, Preserved, 1766-1846",1,1,1.0,True
"Fisher, Joshua Francis, 1807-1873",1,1,1.0,True
"Fisk, James Liberty, 1835-1902",1,1,1.0,True
"Fisk, Wilbur, 1792-1839",1,1,1.0,True
Fitchburg and Worcester Railroad Company,1,1,1.0,False
"Fitzpatrick, Richard, 1747-1813",1,1,1.0,True
Five Nations,1,1,1.0,False
"Feynman, Z. (Zigmunt), 1862-1919",1,1,1.0,False
"Eveleigh, Nicholas",1,1,1.0,True
"Everett House (New York, N.Y.)",1,1,1.0,False
"Ewing, Buck, 1859-1906",1,1,1.0,True
"Ewing, John, 1732-1802",1,1,1.0,True
"Eyck, Hubert van, 1366-1426",1,1,1.0,True
"Eyck, Jan van, 1390-1440",1,1,1.0,True
"Eyre, James, Sir, 1734-1799",1,1,1.0,True
Fair Haven and Westville Railroad Co.,1,1,1.0,False
"Fairbank, Calvin, 1816-1898",1,1,1.0,True
"Fairbanks, Douglas, 1883-1939",1,1,1.0,True
"Fairmount Water Works (Philadelphia, Pa.)",1,1,1.0,False
Fall River Line,1,1,1.0,False
"Fennell, James, 1766-1816",1,1,1.0,True
"Fanning, Edmund, 1739-1818",1,1,1.0,True
"Fantin-Latour, Henri, 1836-1904",1,1,1.0,True
"Farragut, David Glasgow, 1801-1870",1,1,1.0,True
"Farrell, Duke (Charles Andrew) 1866-1925",1,1,1.0,False
Farîdûn,1,1,1.0,False
"Fay, Theodore S. (Theodore Sedgwick), 1807-1898",1,1,1.0,False
"Febiger, Christian, 1746-1796",1,1,1.0,True
"Federal Hall (New York, N.Y.)",1,1,1.0,False
"Federico, Da Montefeltro, Duke of Urbino, 1422-1482",1,1,1.0,True
"Fee, John Gregg, 1816-1901",1,1,1.0,True
"Felton, C. C. (Cornelius Conway), 1807-1862",1,1,1.0,False
Fenian Brotherhood,1,1,1.0,False
"Faneuil, Peter, 1700-1743",1,1,1.0,True
"Defoe, Daniel, 1661?-1731",1,1,1.0,True
Dehart family,1,1,1.0,False
"Delacroix, Eugène, 1798-1863",1,1,1.0,True
"Delafield, Julia Floyd",1,1,1.0,True
Delaware and Hudson Railroad Corporation,1,1,1.0,False
"Delaware, Lackawanna and Western Railroad Company",1,1,1.0,False
"Della Bella, Stefano, 1610-1664",1,1,1.0,True
"Della Rovere, Francesco Maria, duca d'Urbino, 1548-1631",1,1,1.0,True
"Delâtre, Auguste, 1822-1907",1,1,1.0,True
"Democritus, ca. 460-ca. 370 B.C.",1,1,1.0,True
Demon,1,1,1.0,False
Demosthenes,1,1,1.0,False
"Dyckman House (New York, N.Y.)",1,1,1.0,False
"Dennie, Joseph, 1768-1812",1,1,1.0,True
"Denon, Vivant, 1747-1825",1,1,1.0,True
"Denys, Jacob, 1644-1708",1,1,1.0,True
"Desjardins, Pauline",1,1,1.0,True
"Desorme, Emilio -- Portraits",1,1,1.0,True
"Despréaux, Jean Étienne, 1748-1820 -- Portraits",1,1,1.0,True
"Detmold, W. (William), 1808-1894",1,1,1.0,False
Detroit Museum of Art,1,1,1.0,False
Diana (Roman deity),1,1,1.0,False
"Dickinson, Daniel S. (Daniel Stevens), 1800-1866",1,1,1.0,False
"Dickinson, Jonathan, 1688-1747",1,1,1.0,True
"Didelot, Charles Louis, 1767-1837",1,1,1.0,True
"Denman, Thomas, 1733-1815",1,1,1.0,True
Daughters of the American Revolution,1,1,1.0,False
"Dauty, François Edouard, 1808-1871",1,1,1.0,True
"Davenport, John, 1597-1670",1,1,1.0,True
"David Garrick (English, 1717-1779)",1,1,1.0,False
"David, Jacques Louis, 1748-1825",1,1,1.0,True
"Davies, Samuel, 1723-1761",1,1,1.0,True
"Davies, W. H. (William Henry), 1871-1940",1,1,1.0,False
"Davis, Benjamin O., 1880-1970",1,1,1.0,True
"Davis, John, 1774-1854",1,1,1.0,True
"Davis, Noah, 1818-1902",1,1,1.0,True
"Dawson, Henry B. (Henry Barton), 1821-1889",1,1,1.0,False
"Dawson, Nancy, approximately 1730-1767 -- Portraits",1,1,1.0,True
"Dee, Ruby",1,1,1.0,True
"De Baptiste, Richard, 1831-1901",1,1,1.0,True
"De Carlton, Grace",1,1,1.0,True
"De Haas, John Philip, ca. 1735-1786",1,1,1.0,True
"De Morgan, William Frend, 1839-1917",1,1,1.0,True
"De Peyster, Abraham, 1658-1728",1,1,1.0,True
"De Peyster, Johnston Livingston, 1846-1903",1,1,1.0,True
"De Wolfe, Elsie, 1865-1950",1,1,1.0,True
"DeWitt, Thomas, 1791-1874",1,1,1.0,True
"Dearly, Max",1,1,1.0,True
"Debret, Jean Baptiste, 1768-1848",1,1,1.0,True
"Decatur, Stephen, 1752-1808",1,1,1.0,True
"Decius, Gaius Messius Quintus Trajanus, Emperor of Rome, 201-251",1,1,1.0,True
Day,1,1,1.0,False
"Drexel, Morgan & Co",1,1,1.0,True
"Dry Dock Savings Institution, New York",1,1,1.0,True
"Dryden, John, 1631-1700",1,1,1.0,True
"Du Bellay, Joachim, 1525 (ca.)-1560",1,1,1.0,False
"Du Pont, Samuel Francis, 1803-1865",1,1,1.0,True
"Dubinon, Manuela, active 1834",1,1,1.0,True
"Dubinon, Manuela, fl. 1834",1,1,1.0,True
"Dulac, Edmund, 1882-1953",1,1,1.0,True
"Dulany, Daniel, 1685-1753",1,1,1.0,True
"Dulany, Daniel, 1722-1797",1,1,1.0,True
"Dundonald, Thomas Cochrane, Earl of, 1775-1860",1,1,1.0,True
"Dupont, Alexis, Mme, 1807-1877",1,1,1.0,True
"Didelot, Marie Rose Paul, -1803.",1,1,1.0,True
"Dupuy de Lôme, M. (Stanislas Charles Henri Laurent),",1,1,1.0,False
"Dupuytren, Guillaume, 1777-1835",1,1,1.0,True
"Duquesne, Abraham, 1610-1688",1,1,1.0,True
"Duquesnoy, François, ca. 1594-1643",1,1,1.0,True
"Durang, Charles -- Portraits",1,1,1.0,True
"Duruof, Jules, 1841-1899",1,1,1.0,True
"Duvall, Gabriel, 1752-1844",1,1,1.0,True
"Duvernay, Pauline Yolande Marie Louise, 1813-1894",1,1,1.0,True
"Duvernay, Pauline Yolande Marie Louise, 1813-1894 -- Pictorial works",1,1,1.0,True
"Duyckinck, Evert A. (Evert Augustus), 1816-1878",1,1,1.0,False
"Duyckinck, Evert, 1764?-1833",1,1,1.0,True
"Dwight D. Eisenhower Executive Office Building (Washington, D.C.)",1,1,1.0,False
"Dupuis-Delcourt, 1802-1864",1,1,1.0,True
"Didier, Jules, b. 1831",1,1,1.0,True
"Dietterlin, Wendel, 1550?-1599?",1,1,1.0,True
"Dilworth, Thomas, d. 1780",1,1,1.0,True
"Diocletian, Emperor of Rome, 245-313",1,1,1.0,True
"Diogenes, d. ca. 323 B.C.",1,1,1.0,True
"Disraeli, Benjamin, Earl of Beaconsfield, 1804-1881",1,1,1.0,True
"Disraeli, Isaac, 1766-1848",1,1,1.0,True
District of Columbia National Guard,1,1,1.0,False
"Dix, John A. (John Adams), 1798-1879",1,1,1.0,False
"Doane, George Washington, 1799-1859",1,1,1.0,True
"Dobbs, Arthur, 1689-1765",1,1,1.0,True
"Dodge, William E. (William Earl), 1805-1883",1,1,1.0,False
"Drayton, John, 1767-1822",1,1,1.0,True
"Domitian, Emperor of Rome, 51-96",1,1,1.0,True
"Donato, d. 1865",1,1,1.0,True
"Donelson, Andrew Jackson, 1799-1871",1,1,1.0,True
"Donovan, Patsy (Patrick Joseph), 1865-1953",1,1,1.0,False
"Dorner, Johann Jakob, the elder",1,1,1.0,True
Dorset Garden Theatre,1,1,1.0,False
"Doubleday, Frank Nelson, 1862-1934",1,1,1.0,True
"Douglas, Stephen Arnold, 1813-1861",1,1,1.0,True
"Douglas, William, 1742-1777",1,1,1.0,True
"Dowse, Thomas, b. 1833",1,1,1.0,True
"Draper, John William, 1811-1882",1,1,1.0,True
"Draper, William, Sir, 1721-1787",1,1,1.0,True
"Domestic Sewing Machine Co. (New York, N.Y.)",1,1,1.0,False
"Aurangzeb, Emperor of Hindustan, 1618-1707",1,1,1.0,True
"Auretti, Anne",1,1,1.0,True
"Auriol, Francesca",1,1,1.0,True
Austria. Kriegsmarine,1,1,1.0,False
Austria. Landwehr,1,1,1.0,False
Austro-Hungarian Monarchy. Heer,1,1,1.0,False
"Azeglio, Massimo d', 1798-1866 -- Portraits",1,1,1.0,True
Bache 18..-1867,1,1,1.0,False
"Bache, A. d. (Alexander Dallas), 1806-1867",1,1,1.0,False
"Bache, Richard, 1737-1811",1,1,1.0,True
"Bache, Sarah Franklin, 1743-1808",1,1,1.0,True
"Castillo del Morro (Havana, Cuba)",1,1,1.0,False
"Baker, Ella, 1903-1986",1,1,1.0,True
"Balcarres, Alexander Lindsay, Earl of, 1752-1825",1,1,1.0,True
"Baldwin, Ivy, d. 1953",1,1,1.0,True
"Baltimore, Frederick Calvert, Baron, 1731-1771",1,1,1.0,True
"Balzac, Honoré de, 1799-1850",1,1,1.0,True
"Bandinelli, Baccio, 1493-1560",1,1,1.0,True
Bank for Savings in the City of New York,1,1,1.0,False
Bank of England,1,1,1.0,False
"Bank of Newport (Newport, N.Y.)",1,1,1.0,False
Bank of Pennsylvania,1,1,1.0,False
Bank of the United States (1791-1811),1,1,1.0,False
"Barber, Francis, 1750-1783",1,1,1.0,True
"Bacote, Samuel William",1,1,1.0,True
"Armstrong, John, 1709-1779",1,1,1.0,True
"Arnold, Jonathan, 1741-1793",1,1,1.0,True
"Arnold, Margaret Shippen, 1760-1804",1,1,1.0,True
"Arnold, Peleg",1,1,1.0,True
Art Institute of Chicago,1,1,1.0,False
Artemis (Greek deity),1,1,1.0,False
Artist colonies,1,1,1.0,False
"Arundel, Thomas Howard, Earl of, 1585-1646",1,1,1.0,True
"Asch, Sholem, 1880-1957",1,1,1.0,True
"Asgill, Charles, Sir, 1760?-1823",1,1,1.0,True
"Ashburton, Alexander Baring, Baron, 1774-1848",1,1,1.0,True
"Asquith, H. H. (Herbert Henry), 1852-1928",1,1,1.0,False
"Augustine, Saint, Bishop of Hippo",1,1,1.0,True
"Astruc, Zacharie, 1833-1907",1,1,1.0,True
"Atherton, Faxon Dean",1,1,1.0,True
"Atlantic Garden (New York, N.Y.)",1,1,1.0,False
Atlantic and Pacific Railroad Company,1,1,1.0,False
"Atlee, William Augustus, 1735-1793",1,1,1.0,True
"Aubdubon, John James, 1785-1851",1,1,1.0,True
"Aubigné, Agrippa d', 1552-1630",1,1,1.0,True
Auburn Prison,1,1,1.0,False
"Auchmuty, Samuel, 1722-1777",1,1,1.0,True
"Auckland, William Eden, Baron, 1744-1814",1,1,1.0,True
"Audubon, John James, 1785-1851",1,1,1.0,True
"Augusta, Princess of Wales, 1719-1772",1,1,1.0,True
Astrolabe (Frigate),1,1,1.0,False
"Bayard, Pierre Terrail, Seigneur de, ca. 1473-1524",1,1,1.0,True
"Baybars I, Sultan of Egypt and Syria, 1223?-1277",1,1,1.0,True
"Bayes, Nora, 1880-1928",1,1,1.0,True
"Beach, Lillie",1,1,1.0,True
"Beach, Moses Yale, 1800-1868",1,1,1.0,True
"Beals, Tommy, 1850-1915",1,1,1.0,True
"Beattie, Fountain Fox",1,1,1.0,True
"Beattie, James, 1735-1803",1,1,1.0,True
"Beatty, John, 1749-1826",1,1,1.0,True
"Beaujeu, Daniel Hyacinthe de, 1711-1755",1,1,1.0,True
"Beaupré, active approximately 1740",1,1,1.0,True
"Beavers, Louise, 1902-1962",1,1,1.0,True
"Barbour, James, 1775-1842",1,1,1.0,True
"Beckford, William, 1709-1770",1,1,1.0,True
"Beckwith, George, Sir, 1753-1823",1,1,1.0,True
"Bedford, John Russell, Duke of, 1710-1771",1,1,1.0,True
"Beehive House (Salt Lake City, Utah)",1,1,1.0,False
"Beerbohm, Max, Sir, 1872-1956",1,1,1.0,True
"Beham, Barthel, 1502-1540",1,1,1.0,True
"Beham, Hans Sebald, 1500-1550",1,1,1.0,True
"Belasco, David, 1853-1931",1,1,1.0,True
"Belknap, J.",1,1,1.0,True
"Bell, George G., 1874-1941",1,1,1.0,True
"Bell, John, 1797-1869",1,1,1.0,True
Bellevue Hospital,1,1,1.0,False
"Bechtel, George, 1848-?",1,1,1.0,True
"Bard, John, 1716-1799",1,1,1.0,True
"Barkley, Sam (Samuel E.), 1858-1912",1,1,1.0,False
"Barnes, Ross (Roscoe Charles), 1850-1915",1,1,1.0,False
"Barney, Joshua, 1759-1818",1,1,1.0,True
Barnum and Bailey,1,1,1.0,False
"Barnum's American Museum -- Fire, 1865",1,1,1.0,False
"Barnwell, Robert, 1761-1814",1,1,1.0,True
"Barrati, Filippo",1,1,1.0,True
"Barrie, J. M. (James Matthew), 1860-1937",1,1,1.0,False
"Barrington, William Wildman Barrington, Viscount, 1717-1793",1,1,1.0,True
"Barthel, Melchior, 1625-1672",1,1,1.0,True
Bartholomaeus Bohemus,1,1,1.0,False
"Bax, Clifford, 1886-1962",1,1,1.0,True
"Barton, Benjamin Smith, 1766-1815",1,1,1.0,True
"Barton, Edmund M. (Edmund Mills), 1838-1918",1,1,1.0,False
"Bartram, John, 1699-1777",1,1,1.0,True
"Bartram, William, 1739-1823",1,1,1.0,True
"Bascom, L. H.",1,1,1.0,True
"Basil, Saint, Bishop of Caesarea, ca. 329-379",1,1,1.0,True
Basilica di S. Giovanni in Laterano,1,1,1.0,False
"Bassano, Jacopo, ca. 1518-1592",1,1,1.0,True
"Batch, Emil, 1880-1926",1,1,1.0,True
Bathsheba (Biblical figure),1,1,1.0,False
"Battin, Joe (Joseph V.), 1851-1937",1,1,1.0,False
"Baudelaire, Charles, 1821-1867. Fleurs du mal",1,1,1.0,True
"Bartholomew, Apostle, Saint",1,1,1.0,True
Aesop,1,1,1.0,False
African Civilization Society (U.S.),1,1,1.0,False
"Ahmad Shâh Durrânî, Amir of Afghanistan, ca. 1723-1772",1,1,1.0,True
"Ahmosi, Princess, d. 16th cent. B.C.",1,1,1.0,True
"Akhenaton, King of Egypt",1,1,1.0,True
"Albany Rural Cemetery (Albany, N.Y.)",1,1,1.0,False
Albany and West Stockbridge Rail-Road Company,1,1,1.0,False
"Albee, John, 1833-1915",1,1,1.0,True
"Alberti, Leon Battista, 1404-1472",1,1,1.0,True
Albertina Rasch Dancers,1,1,1.0,False
"Albini, Herbert, 1860-1922",1,1,1.0,True
"Alboni, Marietta, 1823-1894",1,1,1.0,True
Armenian Church,1,1,1.0,False
"Aachen, Hans von, 1552-1615",1,1,1.0,True
"Alcott, Abba May, 1800-1877",1,1,1.0,True
"Aldegrever, Heinrich, b. 1502",1,1,1.0,True
"Alden, Roger, 1754-1836",1,1,1.0,True
"Aldrich, Louis, 1843-1901",1,1,1.0,True
"Aldridge, Ira Frederick, d. 1867",1,1,1.0,True
"Alembert, Jean Le Rond d', 1717-1783",1,1,1.0,True
"Alexander VI, Pope, 1431-1503",1,1,1.0,True
"Alexander VII, Pope, 1599-1667",1,1,1.0,True
"Alexander, Archibald, 1772-1851",1,1,1.0,True
"Alexander, Grover Cleveland, 1887-1950",1,1,1.0,True
"Ali Bey, 1728-1773",1,1,1.0,True
"Albrecht Kasimir, Duke of Saxe-Teschen, 1738-1822",1,1,1.0,True
"Abercromby, James, 1706-1781",1,1,1.0,True
"Abert, J. J., (Col.)",1,1,1.0,False
Abraham (Biblical patriarch),1,1,1.0,False
"Absecon Lighthouse (Atlantic City, N.J.)",1,1,1.0,False
"Abyssinian Baptist Church (New York, N.Y.)",1,1,1.0,False
Ackermann and Co.,1,1,1.0,False
"Ackland, Harriet",1,1,1.0,True
"Acland, John Dyke, 1746-1778",1,1,1.0,True
"Acropolis (Athens, Greece)",1,1,1.0,False
"Actors Monument (New York, N.Y.)",1,1,1.0,False
"Adair, Robert, ca. 1716-1790",1,1,1.0,True
"Adams, Charles Francis, 1807-1886",1,1,1.0,True
Aeronautical Society of Great Britain,1,1,1.0,False
"Albrecht, Archduke of Austria, 1817-1895",1,1,1.0,True
"Yohe, May, 1869-1938",1,1,1.0,True
Yaddo (Artist’s colony),1,1,1.0,False
"Adolph, Grand Duke of Luxembourg, 1817-1905",1,1,1.0,True
"Škréta, Karel, 1610-1674",1,1,1.0,True
A. Quantin (Firm),1,1,1.0,False
"Addison, Joseph, 1672-1719",1,1,1.0,True
"Addy, Bob (Robert Edward), 1845-1910",1,1,1.0,False
"Ader, Clément,",1,1,1.0,True
"Adet, Pierre-Auguste, 1763-1832",1,1,1.0,True
Abbaye de Cîteaux,1,1,1.0,False
"Adrain, Robert, 1775-1843",1,1,1.0,True
"Adams, Louisa Catherine, 1775-1852",1,1,1.0,True
"An-Ski, S., 1863-1920",1,1,1.0,True
"An-Ski, S., 1863-1920. Dibek",1,1,1.0,True
Ancient Order of United Workmen,1,1,1.0,False
"Anderson, Robert, 1805-1871",1,1,1.0,True
Andover Theological Seminary,1,1,1.0,False
"André, John",1,1,1.0,True
"Angelico, Fra, ca. 1400-1455",1,1,1.0,True
"Anguissola, Sofonisba, ca. 1532 or 3-1625",1,1,1.0,True
Anna Felicitas Neuberger,1,1,1.0,False
Anne,1,1,1.0,False
"Anne of Bohemia and Hungary (Hungarian, 1503-1547)",1,1,1.0,False
"Anne, Queen, consort of Louis XIII, King of France, 1601-1666",1,1,1.0,True
"Allan, Maud",1,1,1.0,True
"Anson, Adrian C. (Adrian Constantine), 1852-1922",1,1,1.0,False
"Anson, George Anson, Baron, 1697-1762",1,1,1.0,True
"Anthony, of Egypt, Saint, ca. 250-355 or 6",1,1,1.0,True
"Antoninus Pius, Emperor of Rome, 86-161",1,1,1.0,True
Apelles,1,1,1.0,False
Apollo (Deity),1,1,1.0,False
"Arban, Francesco",1,1,1.0,True
"Ariosto, Lodovico, 1474-1533",1,1,1.0,True
"Ariosto, Lodovico, 1474-1533. Orlando furioso",1,1,1.0,True
Aristotle,1,1,1.0,False
"Arlington House, the Robert E. Lee Memorial (Va.)",1,1,1.0,False
"Arlington, Henry Bennet, Earl of, 1618-1685",1,1,1.0,True
"Anquetil-Duperron, M. (Abraham-Hyacinthe), 1731-1805",1,1,1.0,False
"Allen, Lotta",1,1,1.0,True
"Allen, Stephen, 1767-1852",1,1,1.0,True
"Allen, Stephen, 1810-1888",1,1,1.0,True
"Allen, Thomas, 1743-1810",1,1,1.0,True
"Allison, Doug, 1845-1916",1,1,1.0,True
"Allston, Washington, 1779-1843",1,1,1.0,True
Alpena (Side-wheel steamer),1,1,1.0,False
"Alperman, Whitney, 1879-1942",1,1,1.0,True
"Alston, Walter, 1911-1984",1,1,1.0,True
"Altdorfer, Albrecht, ca. 1480-1538",1,1,1.0,True
"Amberger, Christoph, d. 1561 or 2",1,1,1.0,True
"Ambrose, Saint, Bishop of Milan, d.397",1,1,1.0,True
"Amélia, Empress, consort of Pedro I, Emperor of Brazil, 1812-1873",1,1,1.0,True
American Bowling Congress,1,1,1.0,False
American Fur Company,1,1,1.0,False
"American Hotel (New York, N.Y.)",1,1,1.0,False
"American Museum (New York, N.Y. : 1790- )",1,1,1.0,False
"American Museum (New York, N.Y. : 1810- )",1,1,1.0,False
American Museum of Natural History,1,1,1.0,False
American Negro Labor Congress,1,1,1.0,False
Amherst College (Baseball team),1,1,1.0,False
"Amling, Karl Gustave, 1651-1702",1,1,1.0,True
Amnesia,1,1,1.0,False
Amos (Biblical prophet),1,1,1.0,False
Amsterdamse Schouwburg,1,1,1.0,False
"Amenemhet II, King of Egypt, 1929-1895 B.C",1,1,1.0,True
"Buckingham, George Villiers, Duke of, 1592-1628",1,1,1.0,True
"Buckingham, Joseph T. (Joseph Tinker), 1779-1861",1,1,1.0,False
Buckler family,1,1,1.0,False
"Buckskin Charlie, Ute Chief",1,1,1.0,True
"Buhot, Jean, b. 1893",1,1,1.0,True
"Bull, Ole, 1810-1880",1,1,1.0,True
"Bullard, Oliver Crosby, 1822-1890",1,1,1.0,True
"Buloff, Joseph",1,1,1.0,True
"Bunker, Chang, 1811-1874",1,1,1.0,True
"Bunker, Eng, 1811-1874",1,1,1.0,True
"Burch, Al, 1883-1926",1,1,1.0,True
"Bellew, Kyrle, 1855-1911. Charlotte Corday",1,1,1.0,True
"Burd, Edward Shippen, 1779-1848",1,1,1.0,True
"Burdell, Harvey, d. 1857",1,1,1.0,True
Burdge family,1,1,1.0,False
"Burgkmair, Hans, 1473-1531",1,1,1.0,True
"Burgoyne, John, 1739-1785",1,1,1.0,True
"Burke, Thomas, 1887-1945",1,1,1.0,True
"Burns' Coffee House (New York, N.Y.)",1,1,1.0,False
"Burnside, Ambrose Everett, 1824-1881",1,1,1.0,True
"Burstein, Pesach",1,1,1.0,True
"Burton, Robert",1,1,1.0,True
"Burty, Philippe, 1837-1880",1,1,1.0,True
"Bush, James Smith, 1825-1889",1,1,1.0,True
"Burckhardt, John Lewis, 1784-1817",1,1,1.0,True
"Brooke, Robert, 1761?-1800",1,1,1.0,True
"Brooklyn Borough Hall (New York, N.Y.)",1,1,1.0,False
Brooklyn Bridegrooms (Baseball team),1,1,1.0,False
Brooklyn Institute of Arts and Sciences,1,1,1.0,False
Brooks Brothers (Firm),1,1,1.0,False
"Brooks, Walter H. (Walter Henderson), b. 1851",1,1,1.0,False
"Brouwer, Adriaen, 1605 or 6-1638",1,1,1.0,True
"Brown, Aaron V. (Aaron Venable), 1795-1859",1,1,1.0,False
"Brown, Hallie Q. (Hallie Quinn), d. 1949",1,1,1.0,False
"Brown, Henry Kirke, 1814-1886",1,1,1.0,True
"Brown, J",1,1,1.0,True
"Brown, James S. (James Salisbury), 1802-1879",1,1,1.0,False
"Buchanan, George, 1506-1582",1,1,1.0,True
"Brown, John, 1757-1837",1,1,1.0,True
"Browne, William Washington, 1849-1897",1,1,1.0,True
"Brownlee, W. C. (William Craig), 1784-1860",1,1,1.0,False
"Bruce, Blanche Kelso, 1841-1898",1,1,1.0,True
"Brue, Urbain, 1813-1885",1,1,1.0,True
"Bruegel, Pieter, 1564-1638",1,1,1.0,True
"Brugnoli, Amalia, fl. 1820-1840",1,1,1.0,True
"Brush, Edwin H.",1,1,1.0,True
"Brush, George de Forest, 1855-1941",1,1,1.0,True
"Bryan, Andrew, 1716-1812",1,1,1.0,True
"Bryan, William Jennings, 1860-1925",1,1,1.0,True
"Buchan, David Stewart Erskine, Earl of, 1742-1829",1,1,1.0,True
"Brown, John, 1715-1766",1,1,1.0,True
"Caradori-Allan, Maria, 1800-1865",1,1,1.0,True
"Caravaggio, Michelangelo Merisi da, 1573-1610",1,1,1.0,True
"Carey, Gustave, approximately 1818-1881",1,1,1.0,True
"Carl Wilhelm Ferdinand, Duke of Brunswick and Lüneburg, 1735-1806",1,1,1.0,True
"Carlyle House (Alexandria, Va.)",1,1,1.0,False
"Carlyle, Crissie",1,1,1.0,True
"Carlyle, John, 1720-1780",1,1,1.0,True
"Carlyle, Thomas, 1795-1881",1,1,1.0,True
"Carmichael, William, d. 1795",1,1,1.0,True
"Carney, William H., 1840-1908",1,1,1.0,True
"Carol I, King of Romania, 1839-1914",1,1,1.0,True
"Caroline, Queen, consort of George IV, King of Great Britain, 1768-1821",1,1,1.0,True
"Butler, John, 1728-1796",1,1,1.0,True
"Carpenter, Samuel, 1649-1714",1,1,1.0,True
"Carracci, Anibale, 1560-1609",1,1,1.0,True
"Carroll, Charles",1,1,1.0,True
"Carroll, Daniel, 1730-1796",1,1,1.0,True
"Carroll, Daniel, 1756-1829",1,1,1.0,True
"Carroll, Lewis, 1832-1898",1,1,1.0,True
Carter's Grove (Va.),1,1,1.0,False
"Carver, Jonathan",1,1,1.0,True
"Casement, John Stephen, 1829-1909",1,1,1.0,True
"Casey, Doc, 1870-1936",1,1,1.0,True
"Cassidy, John, 1857-1891",1,1,1.0,True
Castillo de San Juan de Ulúa (Mexico),1,1,1.0,False
"Carpenter, Edward, 1844-1929",1,1,1.0,True
"Butterfield, Daniel, 1831-1901",1,1,1.0,True
"Byles, Mather, 1735-1814",1,1,1.0,True
"Byrd, William, 1674-1744",1,1,1.0,True
"Béraldi, Henri, 1849-1931",1,1,1.0,True
"Cabot, John, d. 1498?",1,1,1.0,True
"Calcar, Jan Stephan van, 1499-1546?",1,1,1.0,True
California State Prison at San Quentin,1,1,1.0,False
"Caligula, Emperor of Rome, 12-41",1,1,1.0,True
"Callot, Jacques, 1592-1635",1,1,1.0,True
"Calonne, Charles Alexandre de, 1734-1802",1,1,1.0,True
"Calvert, Leonard, 1606?-1647",1,1,1.0,True
"Cambreleng, Churchill Caldom, 1786-1862",1,1,1.0,False
Capuchins,1,1,1.0,False
"Camp Gordon (Dekalb County, Ga.)",1,1,1.0,False
"Campanella, Roy, 1921-1993",1,1,1.0,True
"Campanini, Barberina, 1721-1799",1,1,1.0,True
"Campbell Thomas, 1763-1854",1,1,1.0,True
"Campbell, Jabez Pitt, bp., 1815-1891",1,1,1.0,True
"Campbell, R. J. (Reginald John), 1867-1956",1,1,1.0,False
"Camprubí, Mariano, active 1834-1862",1,1,1.0,True
Canadian Pacific Railway Company,1,1,1.0,False
"Canaro, Rafael",1,1,1.0,True
Canonicus (Monitor),1,1,1.0,False
"Canot, Theodore, 1804-1860",1,1,1.0,True
"Capelle, Eduard von, 1855-1931",1,1,1.0,True
"Camille, Mlle, fl. 1842-1846",1,1,1.0,True
"Birney, James Gillespie, 1792-1857",1,1,1.0,True
"Biron, Armand de Gontaut, baron de, 1524-1592",1,1,1.0,True
"Biron, Armand-Louis de Gontaut, duc de, 1747-1793",1,1,1.0,True
"Bismarck, Otto, Fürst von, 1815-1898",1,1,1.0,True
"Blackwell, Robert, 1748-1831",1,1,1.0,True
"Blaine, James Gillespie, 1830-1893",1,1,1.0,True
"Blake, Robert, d. 1643",1,1,1.0,True
"Blanchet, Thomas, 1614-1689",1,1,1.0,True
Bleecker family,1,1,1.0,False
"Bleecker, Ann Eliza, 1752-1783",1,1,1.0,True
"Bleecker, Elizabeth De Hart, 1781-1864",1,1,1.0,True
"Blenker, Louis, 1812-1863",1,1,1.0,True
"Brooke, Francis Greville, Earl, 1719-1773",1,1,1.0,True
"Block, Benjamin von, 1631-1690",1,1,1.0,True
"Bloemaert, Abraham, 1564-1651",1,1,1.0,True
"Bloomfield, Robert, 1766-1823",1,1,1.0,True
Bloomingdale Asylum for the Insane,1,1,1.0,False
"Blum, Samuel, b. 1882",1,1,1.0,True
"Bocksberger, Hans, 16th cent.",1,1,1.0,True
"Boethius, d. 524",1,1,1.0,True
"Bogdanova, Nadezhda Konstantinovna, 1836-1897",1,1,1.0,True
"Bolingbroke, Henry St. John, Viscount, 1678-1751",1,1,1.0,True
"Bolling, John, 1676-1729",1,1,1.0,True
Bolʹshoĭ teatr Rossii,1,1,1.0,False
"Bombelli, Sebastiano, 1635-1719",1,1,1.0,True
"Blennerhassett, Harman, 1765-1831",1,1,1.0,True
"Bellini, Giovanni, d. 1516",1,1,1.0,True
"Ben-Ami, Jacob",1,1,1.0,True
"Benedetto, Sig",1,1,1.0,True
"Benedict, the Moor, Saint, 1526-1589",1,1,1.0,True
"Benjamin, Park, 1809-1864",1,1,1.0,True
"Bennett, Arnold, 1867-1931",1,1,1.0,True
"Bennett, James Gordon, 1795-1872",1,1,1.0,True
"Bennett, James Gordon, 1841-1918",1,1,1.0,True
"Bentham, Jeremy, 1748-1832",1,1,1.0,True
"Bentivoglio, Guido, 1577-1644",1,1,1.0,True
"Berenice III, Queen of Egypt, d. 80 B.C.",1,1,1.0,True
"Bergen, Bill A., 1878-1943",1,1,1.0,True
"Birdsall, Dave (David Soloman), 1838-1896",1,1,1.0,False
"Bernini, Gian Lorenzo, 1598-1680",1,1,1.0,True
"Bernis, François-Joachim de Pierre de, 1715-1794",1,1,1.0,True
"Berry, Tom, 1842-1915",1,1,1.0,True
"Berryer, Pierre-Antoine, 1790-1868",1,1,1.0,True
Bertauts,1,1,1.0,False
"Bethmann Hollweg, Theobald von, 1856-1921",1,1,1.0,True
"Bewick, Thomas, 1753-1828",1,1,1.0,True
"Bible House (New York, N.Y.)",1,1,1.0,False
"Bigelow, John, 1817-1911",1,1,1.0,True
"Billington, Elizabeth, 1768-1818",1,1,1.0,True
"Binck, Jacob, 1500-1569",1,1,1.0,True
"Binney, Horace, 1809-1870",1,1,1.0,True
"Berlin, Irving, 1888-1989",1,1,1.0,True
"Bowne, Walter, 1770-1846",1,1,1.0,True
"Boyle, Robert, 1627-1691",1,1,1.0,True
"Boyton, Paul, 1848-1924",1,1,1.0,True
"Bracco, Roberto, 1861-1943",1,1,1.0,True
"Bradford, William, 1588-1657",1,1,1.0,True
"Bradford, William, 1663-1752",1,1,1.0,True
"Bradford, William, 1755-1795",1,1,1.0,True
"Bradish, Luther, 1783-1863",1,1,1.0,True
"Brady, James T. (James Topham), 1815-1869",1,1,1.0,False
"Brady, Mathew B., 1823 (ca.)-1896",1,1,1.0,False
"Bragg, Braxton, 1817-1876",1,1,1.0,True
"Brainard, Asa, 1841-1888",1,1,1.0,True
"Bond, Phineas, 1749-1815",1,1,1.0,True
"Brangwyn, Frank, Sir, 1867-1956",1,1,1.0,True
"Brawley, E. M. (Edward Macknight), b. 1851",1,1,1.0,False
"Brearly, David (1745-1790)",1,1,1.0,False
"Breckinridge, John C. (John Cabell), 1821-1875",1,1,1.0,False
"Breckinridge, Robert J. (Robert Jefferson), 1800-1871",1,1,1.0,False
"Bretin, Luigi",1,1,1.0,True
"Bréguet, Louis, 1880-1955",1,1,1.0,True
"Bright, John, 1811-1889",1,1,1.0,True
"Brindejonc des Moulinais, Marcel Georges, 1893-1916",1,1,1.0,True
"Bristed, Charles Astor, 1820-1874",1,1,1.0,True
"Broadway Theatre (New York, N.Y.)",1,1,1.0,False
"Broderick, David C. (David Colbreth), 1820-1859",1,1,1.0,False
"Bramante, Donato, 1444?-1514",1,1,1.0,True
"Bonfanti, Maria, 1847-1921",1,1,1.0,True
"Bonner, Edmund, 1500?-1569",1,1,1.0,True
Booker T. Washington (Ship),1,1,1.0,False
Booth's Theatre -- To 1899,1,1,1.0,False
"Booth, Edwin, 1833-1893",1,1,1.0,True
"Booth, Junius Brutus, 1796-1852",1,1,1.0,True
"Bordes, Mlle",1,1,1.0,True
"Boris III, Czar of Bulgaria, 1894-1943",1,1,1.0,True
"Borri, Carolina Pochini, 1836-1901",1,1,1.0,True
"Borri, Pasquale, 1820-1884",1,1,1.0,True
Boston Academy of Music,1,1,1.0,False
Boston and Colorado Smelting Company,1,1,1.0,False
Bowery Theatre -- To 1899,1,1,1.0,False
"Both, Jan, 1618?-1652",1,1,1.0,True
"Bothmer, Karl, Freiherr von, b. 1880",1,1,1.0,True
"Botta, Carlo, 1766-1837",1,1,1.0,True
"Bougainville, Jean-Pierre de, 1722-1763",1,1,1.0,True
"Bouguereau, William Adolphe, 1825-1905",1,1,1.0,True
"Boulay-Paty, Evariste",1,1,1.0,True
Boundary markers,1,1,1.0,False
"Bourbon, House of",1,1,1.0,False
"Bourne, Benjamin, 1755-1808",1,1,1.0,True
"Bours, John, 1734-1815",1,1,1.0,True
Bowdoin College,1,1,1.0,False
Bowery Theatre,1,1,1.0,False
"Boston, Concord, and Montreal Railroad",1,1,1.0,False
"Leggett, Samuel",1,1,1.0,True
"Legrain, Victorine, fl. 1850-1870",1,1,1.0,True
"Lehane, Mike, b. 1865",1,1,1.0,True
"Leicester, Robert Dudley, Earl of, 1532?-1588",1,1,1.0,True
"Leisler, Jacob, d. 1691",1,1,1.0,True
"Leland, Charles Godfrey, 1824-1903",1,1,1.0,True
"Lemke, Johann Philip, 1631-1711",1,1,1.0,True
"Lenbach, Franz von, 1836-1904",1,1,1.0,True
"Lennox, comte de",1,1,1.0,True
"Lenormand, H.-R. (Henri-René), 1882-1951",1,1,1.0,False
"Leo X, Pope, 1475-1521",1,1,1.0,True
"Flack, John",1,1,1.0,True
"Leroux, Pauline, 1809-1891",1,1,1.0,True
"Leslie, Frank, 1821-1880",1,1,1.0,True
"Leutze, Emanuel, 1816-1868",1,1,1.0,True
"Leutze, Emanuel, 1816-1868. Washington crossing the Delaware",1,1,1.0,True
"Levy, Helene",1,1,1.0,True
Lewis and Clark Centennial Exposition,1,1,1.0,False
"Lewis, Fielding, 1725-1781 or 2",1,1,1.0,True
"Lewis, M. G. (Matthew Gregory), 1775-1818",1,1,1.0,False
"Lewis, Nelly Custis, 1779-1852",1,1,1.0,True
"Lewis, Phil, 1884-1959",1,1,1.0,True
"Lewis, Wyndham, 1882-1957",1,1,1.0,True
"Ley-Piscator, Maria, 1905-",1,1,1.0,True
"Leonardo, da Vinci, 1452-1519",1,1,1.0,True
"Laudon, Gideon Ernst, Freiherr von, 1717-1790",1,1,1.0,True
"Laudonnière, René Goulaine de",1,1,1.0,True
Laundry,1,1,1.0,False
"Launer, Marinette Boissière, d. 1853",1,1,1.0,True
"Laurant, Eugene",1,1,1.0,True
"Laurence, Saint, of Rome, d. 258",1,1,1.0,True
"Laurens, Jules-Joseph-Augustin, 1825-1901",1,1,1.0,True
"Lauritzen, P. J. (Peter J.)",1,1,1.0,False
"Laval, François de, 1623-1708",1,1,1.0,True
"Law, Elizabeth Parke Custis, 1776-1832",1,1,1.0,True
"Lawrence, James, 1781-1813",1,1,1.0,True
"Lawrence, William Beach, 1800-1881",1,1,1.0,True
"Legaré, Hugh Swinton, 1797-1843",1,1,1.0,True
"Le Blon, Michel, d. 1656",1,1,1.0,True
"Le Blond, Mons., fl. 1812-1822",1,1,1.0,True
"Le Comte, Marguerite",1,1,1.0,True
"Le Gallienne, Eva, 1899-1991",1,1,1.0,True
"Le Picq, Charles, 1749-1806",1,1,1.0,True
"LeConte, John L. (John Lawrence), 1825-1883",1,1,1.0,False
"Lear, Tobias, 1762-1816",1,1,1.0,True
"Lee, Benjamin F. (Benjamin Franklin), 1841-1926",1,1,1.0,False
"Lee, Charles, 1758-1815",1,1,1.0,True
"Lee, Fitzhugh, 1835-1905",1,1,1.0,True
"Lee, Gideon, 1778-1841",1,1,1.0,True
"Lee, Richard Bland, 1761-1827",1,1,1.0,True
"Layard, Austen Henry, Sir, 1817-1894",1,1,1.0,True
"Lucas, van Leyden, 1494-1533",1,1,1.0,True
Lucretia,1,1,1.0,False
"Lucy, Saint, d. 304",1,1,1.0,True
"Lully, Jean-Baptiste, 1632-1687",1,1,1.0,True
"Lumley, Harry, 1880-1938",1,1,1.0,True
"Lunardi, Vincent, 1759-1806",1,1,1.0,True
Lutheran Church in the United States,1,1,1.0,False
"Lux, Lillian",1,1,1.0,True
"Lynde, Benjamin, 1700-1781",1,1,1.0,True
"Lyndhurst, John Singleton Copley, Baron, 1772-1863",1,1,1.0,True
"Lynedoch, Thomas Graham, Baron, 1748-1843",1,1,1.0,True
"Lévis, François Gaston, Duc de, 1720-1787",1,1,1.0,True
"Leyva, Virginia Maria de, 1575-1650",1,1,1.0,True
"Mabille, Auguste",1,1,1.0,True
"MacDonald, Flora, 1722-1790",1,1,1.0,True
"MacNeven, William James, 1763-1841",1,1,1.0,True
"MacPherson, John, 1754-1775",1,1,1.0,True
"Macartney, George Macartney, Earl, 1737-1806",1,1,1.0,True
"Macaulay, Thomas Babington Macaulay, Baron, 1800-1859",1,1,1.0,True
"Macclesfield, Thomas Parker, Earl of, 1666?-1732",1,1,1.0,True
"Mack, Connie, 1862-1956",1,1,1.0,True
"Mackenzie, Compton, Sir, 1893-1972",1,1,1.0,True
"Macwhorter, Alexander, 1734-1807",1,1,1.0,True
Macy's (Firm),1,1,1.0,False
"Madison Avenue Reformed Church (New York, N.Y.)",1,1,1.0,False
"M'Leod, Alexander, 1774-1833",1,1,1.0,True
"Libby, Steve, 1853-1935",1,1,1.0,True
"Liberman, Sam",1,1,1.0,True
"Lilienthal, Otto,",1,1,1.0,True
"Limerick, Thomas Dongan, Earl of, 1634-1715",1,1,1.0,True
"Linden Hall (Lititz, Pa.)",1,1,1.0,False
"Linn, William, 1752-1808",1,1,1.0,True
"Lippo Memmi, fl. 1317-1347",1,1,1.0,True
"Lispenard, Leonard",1,1,1.0,True
"Liszt, Franz, 1811-1886 -- Manuscripts",1,1,1.0,True
"Livingston, Edward, Mrs., 1781 or 2-1860",1,1,1.0,True
"Lloyd George, David, 1863-1945",1,1,1.0,True
"Locke, Richard Adams, 1800-1871",1,1,1.0,True
"Lowell, John, 1743-1802",1,1,1.0,True
"Logan, William, 1718-1776",1,1,1.0,True
"Loggia della Signoria (Florence, Italy)",1,1,1.0,False
"Loguen, Jermain Wesley",1,1,1.0,True
"Lombard, Lambert, 1506-1566",1,1,1.0,True
"Long, Walter, 1879-1952",1,1,1.0,True
"Longpré, Paul de, 1855-1911",1,1,1.0,True
"Lord, Samuel, 1788-1871",1,1,1.0,True
"Lorentz, M. (Bernard), 1775-1865",1,1,1.0,False
"Lorrain, Claude, 1600-1682",1,1,1.0,True
"Louis XVIII, King of France, 1755-1824",1,1,1.0,True
"Louis, Dauphin of France, 1661-1711",1,1,1.0,True
"Love, E. K. (Emanuel King), 1850-1900",1,1,1.0,False
"Logan, John Alexander, 1826-1886",1,1,1.0,True
"Key, Willem, ca. 1515-1568",1,1,1.0,True
"Khafre, King of Ancient Egypt, 4th dynasty",1,1,1.0,True
"Khnumhotep III, King of Egypt",1,1,1.0,True
Khor l︠i︡ubiteleĭ dukhovoĭ muzyki -- History,1,1,1.0,False
"Kilian, Bartholomäus, 1630-1696",1,1,1.0,True
"Kilian, Lucas, 1579-1637",1,1,1.0,True
"Kilpatrick, Judson, 1836-1881",1,1,1.0,True
"King's College (Fredericton, N.B.)",1,1,1.0,False
"King, Giovannina",1,1,1.0,True
"King, Horace, 1807-1885",1,1,1.0,True
"King, Preston, 1806-1865",1,1,1.0,True
"King, William R. (William Rufus), 1786-1853",1,1,1.0,False
"Lauder, Harry, Sir, 1870-1950",1,1,1.0,True
"Kinloch, Francis, 1755-1826",1,1,1.0,True
"Kip, William Ingraham, 1811-1893",1,1,1.0,True
"Kircher, Athanasius,1602-1680",1,1,1.0,True
"Kitano Jinja (Kyoto, Japan)",1,1,1.0,False
"Kiyomizudera (Kyoto, Japan)",1,1,1.0,False
"Knaus, Ludwig, 1829-1910",1,1,1.0,True
"Kneller, Godfrey, Sir, 1646-1723",1,1,1.0,True
"Kneller, John Zachary, 1644-1702",1,1,1.0,True
Knights of Pythias,1,1,1.0,False
"Knowles, James Sheridan, 1784-1862",1,1,1.0,True
"Knowlton, Thomas, 1740-1776",1,1,1.0,True
"Knox, John, ca. 1514-1572",1,1,1.0,True
"Kingston, Robert",1,1,1.0,True
Judith (Biblical figure),1,1,1.0,False
Judith (Jewish heroine),1,1,1.0,False
"Julia, Mlle",1,1,1.0,True
"Jullien, Pierre",1,1,1.0,True
"Juárez, Benito, 1806-1872",1,1,1.0,True
"Jâmi` `Amr ibn al-`Âs (Cairo, Egypt)",1,1,1.0,False
K K K,1,1,1.0,False
"Kadison, Luba",1,1,1.0,True
"Kaiser, Alois, 1840-1908",1,1,1.0,True
"Kames, Henry Home, Lord, 1696-1782",1,1,1.0,True
"Karamzin, Nikolaĭ Mikhaĭlovich, 1766-1826",1,1,1.0,True
"Katz, Jevel",1,1,1.0,True
"Key, Francis Scott, 1779-1843",1,1,1.0,True
"Kean, John, 1756-1795",1,1,1.0,True
"Kearsley, John, 1684-1772",1,1,1.0,True
"Keene, Charles, 1823-1891",1,1,1.0,True
"Keith, William, 1839-1911",1,1,1.0,True
Keith-Albee's New York Hippodrome -- To 1899,1,1,1.0,False
"Kellar, Harry, 1849-1922",1,1,1.0,True
"Kelley, Florence, 1859-1932",1,1,1.0,True
"Kellogg, Clara Louise, 1842-1916",1,1,1.0,True
"Kemble, Fanny, 1809-1893",1,1,1.0,True
"Kempenfelt, Richard",1,1,1.0,True
"Kennedy, John A., 1803-1873",1,1,1.0,True
Kenyon College,1,1,1.0,False
"Kaygusuz Abdal, 15th cent.",1,1,1.0,True
"La Rochefoucauld-Liancourt, François-Alexandre-Frédéric, duc de, 1747-1827",1,1,1.0,True
"La Salle, Robert Cavelier, sieur de, 1643-1687",1,1,1.0,True
"La Trémoille, Louis II de, 1460-1525",1,1,1.0,True
"LaBadie, Florence, 1888-1917",1,1,1.0,True
"Laborde, Léon, marquis de, 1807-1869",1,1,1.0,True
"Laboulaye, Edouard, 1811-1883",1,1,1.0,True
"Abeel, John Nelson, 1769-1812",1,1,1.0,True
"Laer, Pieter van, ca. 1592-1642",1,1,1.0,True
"Lafayette, George Washington Louis Gilbert du Motier, marquis de, 1779-1849",1,1,1.0,True
"Lafond, Alexandre, 1815-1901",1,1,1.0,True
"Laidlie, Archibald, 1727-1779",1,1,1.0,True
"Lairesse, Gerard de, 1640-1711",1,1,1.0,True
"Knyphausen, Wilhelm, Baron von",1,1,1.0,True
"Lambeth Palace (London, England)",1,1,1.0,False
"Lane, Isaac, 1834-1937",1,1,1.0,True
"Lanfranco, Giovanni, 1582-1647",1,1,1.0,True
"Lang, Andrew, 1844-1912",1,1,1.0,True
"Langdon, Woodbury",1,1,1.0,True
"Langston, John Mercer, 1829-1897",1,1,1.0,True
"Larrey, d. J. |q (Dominique Jean), baron, 1766-1842",1,1,1.0,False
"Latham, Juice, 1852-1914",1,1,1.0,True
"Lathrop, Rose Hawthorne, 1851-1926",1,1,1.0,True
"Latimer, Hugh, 1485?-1555",1,1,1.0,True
"Latrobe, Benjamin Henry, 1764-1820",1,1,1.0,True
"Laud, William, 1573-1645",1,1,1.0,True
"Lajoie, Napoleon, 1875-1959",1,1,1.0,True
"Koker, Anna Maria de, ca. 1650-1698",1,1,1.0,True
Kola River (Russia),1,1,1.0,False
"Kon, Henech",1,1,1.0,True
"Koss, Eugenija -- Portraits",1,1,1.0,True
"Kotzebue, August von, 1761-1819",1,1,1.0,True
"Koussevitzky, Serge, 1874-1951",1,1,1.0,True
"Ko´sciuszko, Tadeusz, 1746-1817",1,1,1.0,True
"Kraft, Adam, ca. 1460-1508",1,1,1.0,True
"Krebs, Arthur,",1,1,1.0,True
"Kressyn, Miriam",1,1,1.0,True
"Kristina, Queen of Sweden, 1626-1689",1,1,1.0,True
"Kruger, Paul, 1825-1904",1,1,1.0,True
"La Pérouse, Jean-François de Galaup, comte de, 1741-1788",1,1,1.0,True
Ku Klux Klan (1915- ),1,1,1.0,False
Ku Klux Klan (19th cent.),1,1,1.0,False
"Kuhn, Adam, 1741-1817",1,1,1.0,True
"Kulmbach, Hans von, ca. 1480-1522",1,1,1.0,True
Kunstkamera (Imperatorskaia akademiia nauk),1,1,1.0,False
"Kuypers, Gerardus, 1722-1798",1,1,1.0,True
Kölner Dom,1,1,1.0,False
Königsberg (Cruiser),1,1,1.0,False
L'Assiette au beurre,1,1,1.0,False
"La Bruyère, Jean de, 1645-1696",1,1,1.0,True
"La Fontaine, Jean de, 1621-1695",1,1,1.0,True
"La Grange Terrace (New York, N.Y.)",1,1,1.0,False
"Kshesinskai͡a, Matilʹda Feliksovna, 1872-1971",1,1,1.0,True
Mission San Juan Capistrano,1,1,1.0,False
"Mission San Luis Obispo de Tolosa (San Luis Obispo, Calif.)",1,1,1.0,False
"Mitchel, O. M. (Ormsby MacKnight), 1809-1862",1,1,1.0,False
"Mitchell, Alexander, 1817-1887",1,1,1.0,True
"Mitchell, Stephen Mix, 1743-1835",1,1,1.0,True
"Mlle, Esther",1,1,1.0,True
"Mlle, Florentine",1,1,1.0,True
"Mme, Dupont, Alexis, 1807-1877",1,1,1.0,True
"Mme, Scio",1,1,1.0,True
"Moline, M. (Pierre Louis), ca. 1740-1821",1,1,1.0,False
"Monluc, Blaise, Seigneur de, 1500?-1577",1,1,1.0,True
"Madison, Dolley, 1768-1849",1,1,1.0,True
"Mons, Hoguet-Vestris",1,1,1.0,True
"Mons, Millot, active approximately 1805-1817",1,1,1.0,True
"Montaubry, Blanche",1,1,1.0,True
"Montessu, Pauline Paul, 1805-1877",1,1,1.0,True
"Montezuma II, Emperor of Mexico, ca. 1480-1520",1,1,1.0,True
"Montfort, Simon de,",1,1,1.0,False
"Montgolfier, Jacques-Etienne, 1745-1799",1,1,1.0,True
"Montgolfier, Joseph-Michel, 1740-1810",1,1,1.0,True
"Montgomerie, Archibald, 1726-1796",1,1,1.0,True
"Monti, Regina -- Portraits",1,1,1.0,True
Montpelier (Va. : Dwelling),1,1,1.0,False
"Montrésor, John, 1736-1799",1,1,1.0,True
"Monplaisir, Ippolito Giorgio, 1821-1877",1,1,1.0,True
Methodist Connexion in the United States,1,1,1.0,False
"Metropolitan Fair (1864 : New York, N.Y.)",1,1,1.0,False
"Metropolitan Hall (New York, N.Y.)",1,1,1.0,False
"Metsys, Quentin, 1465 or 6-1530",1,1,1.0,True
"Meurent, Victorine",1,1,1.0,True
"Meyer, Conrad, 1618-1689",1,1,1.0,True
"Meyer, Dietrich, I, 1572-1658",1,1,1.0,True
"Michaux, François André, 1770-1855",1,1,1.0,True
"Michelangelo Buonarroti, 1475-1564",1,1,1.0,True
"Michelet, Jules, 1798-1874",1,1,1.0,True
"Middle Dutch Church (New York, N.Y.)",1,1,1.0,False
"Mide, Adolfo, 1894-",1,1,1.0,True
"Mission San Jose (Alameda County, Calif.)",1,1,1.0,False
Migdal David (Museum : Jerusalem),1,1,1.0,False
"Miles, Pliny, 1818-1865",1,1,1.0,True
"Miles, Samuel, 1740-1805",1,1,1.0,True
"Mill, John Stuart, 1806-1873",1,1,1.0,True
"Milledoler, Philip, 1775-1852",1,1,1.0,True
"Miller, Samuel, 1769-1850",1,1,1.0,True
"Millet, Francis Davis, 1846-1912",1,1,1.0,True
"Milmore, Martin, 1844-1883",1,1,1.0,True
"Milnor, James, 1773-1845",1,1,1.0,True
"Minturn, Robert Bowne, 1805-1866",1,1,1.0,True
Mission La Purisima Concepcion (Calif.),1,1,1.0,False
"Mission San Francisco Solano (Sonoma, Calif.)",1,1,1.0,False
"Miereveld, Michiel van, 1567-1641",1,1,1.0,True
Mount Lowe Railway,1,1,1.0,False
"Mount Olivet Baptist Church (New York, N.Y.)",1,1,1.0,False
"Mozzi, Mlle.",1,1,1.0,True
"Mr, Delpini, (Carlo Antonio), -1828",1,1,1.0,False
"Muhammad, Prophet, d. 632",1,1,1.0,True
"Muller, Charles Louis Lucien, 1815-1892",1,1,1.0,True
"Munson, Eneas, 1734-1826",1,1,1.0,True
Murals,1,1,1.0,False
"Murillo, Bartolomé Esteban, 1617-1682",1,1,1.0,True
"Murnane, T. H. (Timothy Hayes), 1852-1917",1,1,1.0,False
"Murnau, F. W. (Friedrich Wilhelm), 1888-1931",1,1,1.0,False
"Murray, Harriet W.",1,1,1.0,True
"Moore, Alfred, 1755-1810",1,1,1.0,True
"Murray, John",1,1,1.0,True
"Murray, Lindley, 1745-1826",1,1,1.0,True
"Murray, Mary Lindley",1,1,1.0,True
Museo nazionale di Castel Sant’Angelo,1,1,1.0,False
Musée Grévin,1,1,1.0,False
"Musgrave, Thomas Moore, 1775-1854",1,1,1.0,True
"Mustafa II, Sultan of the Turks, 1664-1703",1,1,1.0,True
Mutual Assurance Company of the City of New-York,1,1,1.0,False
Mutual Life Insurance Company of New York,1,1,1.0,False
"Muʼayyad, Sultan of Egypt and Syria, d. 1488",1,1,1.0,True
"Mytens, Daniel, 1590-1648",1,1,1.0,True
"Mérante, Louis, 1828-1887",1,1,1.0,True
"Murray, James, 1732-1782",1,1,1.0,True
"Moore, Andrew, 1752-1821",1,1,1.0,True
"Moore, George Henry, 1823-1892",1,1,1.0,True
"Moore, John, 1729-1802",1,1,1.0,True
Moorish Science Temple of America,1,1,1.0,False
"Moran, John, 1831-1903",1,1,1.0,True
"Mordkin, Mikhail, 1881-1944",1,1,1.0,True
"Moreau, Jean Victor Marie, 1763-1813",1,1,1.0,True
"Morgagni, Giambattista, 1682-1771",1,1,1.0,True
"Morgan, Anne Tracy, 1873-1952",1,1,1.0,True
"Morgan, Edwin D. (Edwin Denison), 1811-1883",1,1,1.0,False
"Morgan, J. Pierpont (John Pierpont), 1837-1913",1,1,1.0,False
"Morgenthau, Henry, 1856-1946",1,1,1.0,True
"Motte, Rebecca Brewton, 1737-1815",1,1,1.0,True
"Morlacchi, Giuseppina, 1836-1886",1,1,1.0,True
"Morris, Cadwalader, 1741-1795",1,1,1.0,True
"Morris, E. C., 1855-",1,1,1.0,True
"Morris, Lewis G. (Lewis Gouverneur), 1808-1900",1,1,1.0,False
"Morris, Mary White, 1749-1827",1,1,1.0,True
"Morris, Samuel, 1734-1812",1,1,1.0,True
"Morse, S. R",1,1,1.0,True
"Morton, Samuel George, 1799-1851",1,1,1.0,True
"Moses, Robert, 1888-1981",1,1,1.0,True
"Motley, John Lothrop, 1814-1877",1,1,1.0,True
"Mott, Valentine, 1785-1865",1,1,1.0,True
"Motte, Isaac, 1738-1795",1,1,1.0,True
Morlacchi Ballet Troupe.,1,1,1.0,False
"Marie Louise, Empress, consort of Napoleon I, Emperor of the French, 1791-1847",1,1,1.0,True
"Marie de Medicis, Queen, Consort of Henry IV, King of France, 1573-1642",1,1,1.0,True
"Mariette, Auguste, 1821-1881",1,1,1.0,True
"Mariners' Church (New York, N.Y.)",1,1,1.0,False
"Marion, Francis",1,1,1.0,True
"Markham, William, 1635-1704",1,1,1.0,True
"Marquand, Frederick, 1798-1882",1,1,1.0,True
"Marquet, Delphine, 1824-1878",1,1,1.0,True
"Marshall, Charles H. (Charles Henry), 1823-1872",1,1,1.0,False
"Marshall, Christopher, 1709-1797",1,1,1.0,False
"Marshall, John Rutgers, 1743-1789",1,1,1.0,False
"Martin,",1,1,1.0,True
"Metcalf, Willard Leroy, 1858-1925",1,1,1.0,True
"Martin, Homer Dodge, 1836-1897",1,1,1.0,True
"Martini, Simone, 1283-1344",1,1,1.0,True
"Maréchal, Ambrose, 1764-1828",1,1,1.0,True
"Masefield, John, 1878-1967",1,1,1.0,True
Masjid al-.Harâm,1,1,1.0,False
"Mason, M. C. B. (Madison Charles Butler), 1859-1915",1,1,1.0,False
Massachusetts Agricultural College,1,1,1.0,False
Massachusetts. Militia,1,1,1.0,False
"Massasoit, 1580-1661",1,1,1.0,True
"Massey, Eyre, Lord Clarina, 1719-1804",1,1,1.0,True
Mathaf al-Misrî,1,1,1.0,False
"Mather, Increase, 1639-1723",1,1,1.0,True
"Martin, Alexander, 1740-1807",1,1,1.0,True
"Maecenas, Gaius Cilnius, ca. 70 B.C.-8 B.C.",1,1,1.0,True
"Maeterlinck, Maurice, 1862-1949",1,1,1.0,True
"Magalhães, Fernão de, d. 1521",1,1,1.0,True
"Magny, Claude-Marc, 1676-1727",1,1,1.0,True
Mahfûzât Baladîyat al-Iskandarîyah,1,1,1.0,False
"Mahler, Gustav, 1860-1911",1,1,1.0,True
"Mahmud II, Sultan of the Turks, 1784-1839",1,1,1.0,True
"Maisonneuve, Paul de Chomedey de, 1612-1676",1,1,1.0,True
"Majilton, Charles, 1849-1931",1,1,1.0,True
"Malibran, Maria, 1808-1836",1,1,1.0,True
"Malone, Fergy, 1842-1905",1,1,1.0,True
"Maloney, Billy, 1878-1960",1,1,1.0,True
"Maria Theresa, of Austria, Infanta of Spain, 1567-1597",1,1,1.0,True
"Manhattan Athletic Club (New York, N.Y.)",1,1,1.0,False
Manhattan Life Insurance Company,1,1,1.0,False
"Mantegna, Andrea, 1431-1506",1,1,1.0,True
"Manuel, Niklaus, 1484?-1530",1,1,1.0,True
"Maratti, Carlo, 1625-1713",1,1,1.0,True
"Marcel, Lucille, 1887-1921",1,1,1.0,True
"Marchand, Jean-Baptiste, 1863-1934 -- Travel -- Maps",1,1,1.0,True
"Marcus Aurelius, Emperor of Rome, 121-180",1,1,1.0,True
"Marcy, William L. (William Learned), 1786-1857",1,1,1.0,False
"Maretzek, Max, 1821-1897",1,1,1.0,True
"Margat, Jean, 1786-1854",1,1,1.0,True
"Maria II, Queen of Portugal, 1819-1853",1,1,1.0,True
"Mander, Carel van, 1548-1606",1,1,1.0,True
"McKay, Claude, 1890-1948",1,1,1.0,True
"McMullin, John F., 1848-1881",1,1,1.0,True
"McPherson, James Birdseye, 1828-1864",1,1,1.0,True
"Meade, George Gordon, 1815-1872",1,1,1.0,True
"Medici, Francesco de', 1614-1634",1,1,1.0,True
"Medina Viganó, Marìa",1,1,1.0,True
"Mehmed VI, Sultan of the Turks, 1861-1926",1,1,1.0,True
"Mehmet V, Sultan of the Turks, 1844-1918",1,1,1.0,True
"Meigs, Return Jonathan, 1740-1823",1,1,1.0,True
Melanthus,1,1,1.0,False
"Melbourne, William Lamb, Viscount, 1779-1848",1,1,1.0,True
"Melchers, Gari, 1860-1932",1,1,1.0,True
"Mather, Margaret, 1859-1898",1,1,1.0,True
"Mengelberg, Willem, 1871-1951",1,1,1.0,True
"Menkaure, King of Egypt, 26th cent. B.C.",1,1,1.0,True
"Mercantile Library (New York, N.Y.) -- 1800-1899",1,1,1.0,False
"Meredith, George, 1828-1909",1,1,1.0,True
"Meredith, Samuel, 1741-1817",1,1,1.0,True
"Merian, Matthaeus, 1593-1650",1,1,1.0,True
"Merian, Matthaeus, 1621-1687",1,1,1.0,True
Merrimack (Frigate),1,1,1.0,False
"Merry, Robert, 1755-1798",1,1,1.0,True
"Mersy, Adelaide, fl. 1828-1840",1,1,1.0,True
"Mesrovíc, Ivan, 1883-1962",1,1,1.0,True
"Metastasio, Pietro, 1698-1782",1,1,1.0,True
"Mendelssohn-Bartholdy, Felix, 1809-1847 -- Manuscripts",1,1,1.0,True
"Mathews, Charles James, 1803-1878",1,1,1.0,True
"Mathews, J. M. (James McFarlane), 1785-1870",1,1,1.0,False
"Mathewson, Christy, 1880-1925",1,1,1.0,True
"Matisse, Henri, 1869-1954",1,1,1.0,True
"Matzeliger, Jan Ernst, d. 1889",1,1,1.0,True
"Mauri, Rosita, 1856-1923",1,1,1.0,True
"Mauve, Anton, 1838-1888",1,1,1.0,True
"Maximilian II, Holy Roman Emperor, 1527-1576",1,1,1.0,True
Mayflower (Ship),1,1,1.0,False
"Mayhew, Jonathan, 1720-1766",1,1,1.0,True
"Mayr, Johann Ulrich, 1630-1704",1,1,1.0,True
"Mayr, Susanna, ca.1600-1674",1,1,1.0,True
"McIntire, Harry, 1879-1949",1,1,1.0,True
"McCall, Archibald, 1727-1799",1,1,1.0,True
"McClellan, Bill, 1856-1929",1,1,1.0,True
"McClenachan, Blair, d. 1812",1,1,1.0,True
"McCormick, Harry, 1855-1889",1,1,1.0,True
"McCoy, Bessie, 1888-1931",1,1,1.0,True
"McCoy, Nellie",1,1,1.0,True
McDonald family,1,1,1.0,False
"McDowell, Joseph, 1756-1801",1,1,1.0,True
"McEvers, James",1,1,1.0,True
"McGeary, Mike, b. 1851",1,1,1.0,True
McGill University,1,1,1.0,False
"McGraw, John Joseph, 1873-1934",1,1,1.0,True
"McBride, Dick, 1845-1916",1,1,1.0,True
"Grand Union Hotel (New York, N.Y.)",1,1,1.0,False
"Granville-Barker, Harley, 1877-1946",1,1,1.0,True
"Grassot, Fanny, 1811-1893",1,1,1.0,True
"Grattan, Henry, 1746-1820",1,1,1.0,True
"Graves, Thomas Graves, Baron, 1725-1802",1,1,1.0,True
Great Britain. Army (Corporate Name) -- Equipment (Topic),1,1,1.0,False
"Great Britain. Army. West India Regiment, 1st",1,1,1.0,True
Great Britain. Parliament. House of Commons,1,1,1.0,False
"Great Exhibition (1851 : London, England)",1,1,1.0,False
"Green, Ashbel, 1762-1848",1,1,1.0,True
"Green, Charles, 1785-1870",1,1,1.0,True
"Judd, Orange, 1822-1892",1,1,1.0,True
"Greene, George Sears, 1801-1899",1,1,1.0,True
"Greener, Richard Theodore, 1844-1922",1,1,1.0,True
"Greenough, Horatio, 1805-1852",1,1,1.0,True
"Greenwood, Grace, 1823-1904",1,1,1.0,True
Gregory family,1,1,1.0,False
"Gregory, James M. (James Monroe), 1849-1915",1,1,1.0,False
"Gregory, John, 1724-1773",1,1,1.0,True
"Grenville, George, 1712-1770",1,1,1.0,True
"Grenville, William Wyndham Grenville, Baron, 1759-1834",1,1,1.0,True
"Grey, Charles Grey, Earl, 1764-1845",1,1,1.0,True
"Griffin, Edward Dorr, 1770-1837",1,1,1.0,True
"Griffitts, Samuel Powel, 1759-1826",1,1,1.0,True
Greenbrier County (W. Va.),1,1,1.0,False
"Gobert, Mons",1,1,1.0,True
"Goddard, William, 1740-1817",1,1,1.0,True
"Godowsky, Leopold, 1870-1938",1,1,1.0,True
"Goethe, Johann Wolfgang von, 1749-1832",1,1,1.0,True
"Goethe, Johann Wolfgang von, 1749-1832. Faust",1,1,1.0,True
"Goffe, William, 1605?-1679?",1,1,1.0,True
"Goldsmith, Oliver, 1730?-1773",1,1,1.0,True
"Goltzius, Hubert, 1526-1583",1,1,1.0,True
"Goncharova, Natali︠i︡a Sergeevna, 1881-1962",1,1,1.0,True
"Gonzalès, Eva, 1849-1883",1,1,1.0,True
"Gooch, William, d. 1655",1,1,1.0,True
"Good, John Mason, 1764-1827",1,1,1.0,True
Grand Théâtre de Bordeaux,1,1,1.0,False
"Gordon, Adam, Lord, ca. 1726-1801",1,1,1.0,True
"Gore, Christopher, 1758-1827",1,1,1.0,True
"Goremykin, Mikhail Ivanovich, 1879-",1,1,1.0,True
Gosport Shipyard (U.S.),1,1,1.0,False
"Gossaert, Jan, ca. 1478-ca. 1532",1,1,1.0,True
"Gottschalk, Louis Moreau, 1829-1869",1,1,1.0,True
"Gould, George Jay, 1864-1923",1,1,1.0,True
"Goy, Virginie",1,1,1.0,True
"Goya, Francisco, 1746-1828",1,1,1.0,True
"Grace, William Russell, 1832-1904",1,1,1.0,True
"Graham, William A. (William Alexander), 1804-1875",1,1,1.0,False
"Granby, John Manners, Marquis of, 1721-1770",1,1,1.0,True
"Goodhue, Benjamin, 1748-1814",1,1,1.0,True
Half Moon (Ship),1,1,1.0,False
"Hall, George (George William), 1849-1923",1,1,1.0,False
"Hall, John, 1729-1797",1,1,1.0,False
"Halleck, Fitz-Greene, 1790-1867",1,1,1.0,True
"Halls of Justice (New York, N.Y.)",1,1,1.0,False
"Halévy, Ludovic, 1834-1908",1,1,1.0,True
"Hamilton, Andrew, ca. 1676-1741",1,1,1.0,True
"Hamilton, Emma, Lady, 1761?-1815",1,1,1.0,True
"Hamlin, Hannibal, 1809-1891",1,1,1.0,True
"Hammond, George, 1763-1853",1,1,1.0,True
"Hampden, John",1,1,1.0,True
Hampton Institute,1,1,1.0,False
"Grimes, Leonard A., 1815-1874",1,1,1.0,True
"Hardwicke, Philip Yorke, Earl of, 1690-1764",1,1,1.0,True
"Hardy, Thomas Masterman, Sir, 1769-1839",1,1,1.0,True
"Hardy, Thomas, 1840-1928",1,1,1.0,True
"Hargreaves, Alice Pleasance Liddell, 1852-1934",1,1,1.0,True
"Harper, Fletcher, 1806-1877",1,1,1.0,True
"Harper, Frances Ellen Watkins, 1825-1911",1,1,1.0,True
"Harper, James, 1795-1869",1,1,1.0,True
"Harper, John, 1797-1875",1,1,1.0,True
"Harper, Joseph Wesley, 1801-1870",1,1,1.0,True
"Harrigan, Edward, 1844-1911",1,1,1.0,True
"Harris, Chas. K. (Charles Kassell), 1864-1930",1,1,1.0,False
"Harris, Frank, 1855-1931",1,1,1.0,True
"Hancock, Winfield Scott, 1824-1886",1,1,1.0,True
"Grimké, Archibald Henry, 1849-1930",1,1,1.0,True
"Grinnell, Henry, 1799-1874",1,1,1.0,True
"Griscom, John, 1774-1852",1,1,1.0,True
"Grisi, Giulia, 1811-1869",1,1,1.0,True
"Griswold, Rufus W. (Rufus Wilmot), 1815-1857",1,1,1.0,False
"Gross, Samuel d. (Samuel David), 1805-1884",1,1,1.0,False
"Grupello, Gabriel, 1644-1730",1,1,1.0,True
"Grünewald, Matthias, 16th cent.",1,1,1.0,True
"Guercino, 1591-1666",1,1,1.0,True
"Guerra y Noriega, José de la, 1779-1858",1,1,1.0,True
"Guichard, Joseph, 1806-1880",1,1,1.0,True
"Guilbert, Yvette, 1865-1944",1,1,1.0,True
"Hale, Nathan, 1755-1776",1,1,1.0,True
"Gusman, Rosina",1,1,1.0,True
"Gyger, Hans Konrad, 1599-1674",1,1,1.0,True
"Gérard, Conrad Alexandre, 1729-1790",1,1,1.0,True
"Habersham, James, 1715-1775",1,1,1.0,True
"Habersham, John, 1754-1799",1,1,1.0,True
"Habersham, Joseph, 1751-1815",1,1,1.0,True
"Habsburg, Frederick, 1856-1936",1,1,1.0,True
"Hackett, James Henry, 1800-1871",1,1,1.0,True
"Haddon Hall (Atlantic City, N.J.)",1,1,1.0,False
Hagar (Biblical figure),1,1,1.0,False
Haiti. Sovereign (1849-1858 : Faustin I),1,1,1.0,False
"Haldimand, Frederick, Sir, 1718-1791",1,1,1.0,True
"Gundelach, Matthäus, ca. 1566-1653",1,1,1.0,True
"Franklin, Jane Griffin, Lady, 1792-1875",1,1,1.0,True
"Franklin, John, Sir, 1786-1847",1,1,1.0,True
"Franz Joseph I, Emperor of Austria, 1830-1916",1,1,1.0,True
"Franz Joseph I, Prince of Liechtenstein, 1726-1781",1,1,1.0,True
"Fraser, Simon, 1734-1810",1,1,1.0,True
"Frayman, Lui",1,1,1.0,True
"Frederick I, King of Bohemia, 1596-1632",1,1,1.0,True
"Free Academy (New York, N.Y.)",1,1,1.0,False
Freemasons,1,1,1.0,False
"French, Daniel Chester, 1850-1931",1,1,1.0,True
"French, John Denton Pinkstone, Earl of Ypres, 1852-1925",1,1,1.0,True
"Freneau, Philip Morin, 1752-1832",1,1,1.0,True
"Glynn, John, 1722-1779",1,1,1.0,True
"Fridman, Klara",1,1,1.0,True
"Frobisher, Martin, Sir, ca. 1535-1594",1,1,1.0,True
"Froment-Meurice, F.-D. (François Désiré), 1802-1855",1,1,1.0,False
"Fry, Roger Eliot, 1866-1934",1,1,1.0,True
"Fuller, Margaret, 1810-1850",1,1,1.0,True
"Fulton Ferry (New York, N.Y.)",1,1,1.0,False
Fulton Opera House,1,1,1.0,False
Furman University,1,1,1.0,False
"Futakawa-son, Japan",1,1,1.0,True
"Fénelon, François de Salignac de La Mothe-, 1651-1715",1,1,1.0,True
Gabriella Carola Patina,1,1,1.0,False
"Gaddi, Agnolo, d. 1396",1,1,1.0,True
"Frey, William, 1839-1888",1,1,1.0,True
"Flamarens, Emmanuel Louis Grossoles de",1,1,1.0,True
"Flaubert, Gustave, 1821-1880",1,1,1.0,True
"Flemal, Bertholet, 1614-1675",1,1,1.0,True
"Floris, Frans, 1519 or 20-1570",1,1,1.0,True
"Foch, Ferdinand, 1851-1929",1,1,1.0,True
"Foch, Maréchal",1,1,1.0,True
"Fokina, Vera Petrovna, 1886-1958",1,1,1.0,True
Folies-Bergère.,1,1,1.0,False
"Fonck, René, 1894-1953",1,1,1.0,True
"Font, Francisco, active 1834",1,1,1.0,True
"Font, Francisco, fl. 1834",1,1,1.0,True
"Foote, Samuel, 1720-1777",1,1,1.0,True
"Franklin, Benjamin, 1706-1790 -- Illustrations",1,1,1.0,True
"Forrest, Edwin, 1806-1872",1,1,1.0,True
"Forsyth, John, 1780-1841",1,1,1.0,True
Fort Pitt (Pa.),1,1,1.0,False
"Fortune, Timothy Thomas, 1856-1928",1,1,1.0,True
"Foster, Abiel, 1735-1806",1,1,1.0,True
"Foster, Elmer, 1861-1946",1,1,1.0,True
"Foster, Rube, 1879-1930",1,1,1.0,True
"Fox, Dottie",1,1,1.0,True
"Fox, George, 1624-1691",1,1,1.0,True
"France, Anatole, 1844-1924",1,1,1.0,True
"Franck, César, 1822-1890",1,1,1.0,True
Franklin & Jenkins,1,1,1.0,False
"Ford, Glenn, 1916-2006",1,1,1.0,True
"Gentileschi, Orazio, 1563-1638?",1,1,1.0,True
"George I, King of the Hellenes, 1845-1913",1,1,1.0,True
"George, Prince, consort of Anne, Queen of Great Britain, 1653-1708",1,1,1.0,True
"George, Saint, d. 303",1,1,1.0,True
"Germain, Karl",1,1,1.0,True
German Jefferson Guard of New York,1,1,1.0,False
"Geronimo, 1829-1909",1,1,1.0,True
"Gerry, Elbridge, 1791-1883",1,1,1.0,False
"Gibbon, Edward, 1737-1794",1,1,1.0,True
"Gibbs, Mifflin Wistar",1,1,1.0,True
"Gilligan, Barney, 1856-1934",1,1,1.0,True
"Gilliland, E. T.",1,1,1.0,True
"Gaddi, Gaddo, ca. 1260-ca. 1333",1,1,1.0,True
"Gilpin, Henry d. (Henry Dilworth), 1801-1860",1,1,1.0,False
"Giorgione, 1477-1511",1,1,1.0,True
"Giotto, 1266?-1337",1,1,1.0,True
"Giovanni, da Udine, d. 1366",1,1,1.0,True
"Girard, Stephen, 1750-1831",1,1,1.0,True
Girl Scouts of the United States of America,1,1,1.0,False
"Gist, Christopher, d. 1759",1,1,1.0,True
"Giustiniani, Vincenzo, marchese di Bassano, 1564-1637?",1,1,1.0,True
"Gleason, Bill (William G.), 1858-1932",1,1,1.0,False
"Globe Theatre (New York, N.Y.)",1,1,1.0,False
"Gloria Dei Church (Philadelphia, Pa.)",1,1,1.0,False
Glycera,1,1,1.0,False
"Gilman, John Taylor, 1753-1828",1,1,1.0,True
"Gage, Lyman J. (Lyman Judson), 1836-1927",1,1,1.0,False
"Gaine, Hugh, 1726 or 7-1807",1,1,1.0,True
"Gaines, Edmund Pendleton, 1777-1849",1,1,1.0,True
"Galba, Servius Sulpicius, Emperor of Rome, 3 B.C.-69 A.D.",1,1,1.0,True
"Gall, F. J. (Franz Joseph), 1758-1828",1,1,1.0,False
"Gallwitz, Max von, 1852-1937",1,1,1.0,True
"Galsworthy, John, 1867-1933",1,1,1.0,True
"Gama, Vasco da, 1469-1524",1,1,1.0,True
"Gambier, James Gambier, Baron, 1756-1833",1,1,1.0,True
"García, Félix",1,1,1.0,True
"Gardel, Pierre, 1758-1840",1,1,1.0,True
"Gare du Nord (Paris, France)",1,1,1.0,False
"Gentileschi, Artemisia, 1593-1652 or 3",1,1,1.0,True
"Garner, John Nance, 1868-1967",1,1,1.0,True
"Garnerin, André Jacques, 1769-1823",1,1,1.0,True
"Garrettson, Freeborn, 1752-1827",1,1,1.0,True
"Garrison, Charles G. (Charles Grant), 1849-1924",1,1,1.0,False
"Garros, Roland, 1888-1918",1,1,1.0,True
"Garth, Samuel, Sir, 1661-1719",1,1,1.0,True
"Garvin, J. L. (James Louis), 1868-1947",1,1,1.0,False
"Gavarni, Paul, 1804-1866",1,1,1.0,True
"Gayle, Margot",1,1,1.0,True
Gedney,1,1,1.0,False
"Gelston, David",1,1,1.0,True
"Genghis Khan, 1162-1227",1,1,1.0,True
"Garland, James, 1791-1885",1,1,1.0,True
"Inmen, Pearl",1,1,1.0,True
"Inner Temple (London, England)",1,1,1.0,False
International Bureau of the American Republics,1,1,1.0,False
International Workingmen's Association (1864-1876),1,1,1.0,False
Ioos Mauer,1,1,1.0,False
Iowa Central Railway,1,1,1.0,False
"Iredell, James, 1751-1799",1,1,1.0,True
"Ireland, W. H. (William Henry), 1777-1835. Vortigern",1,1,1.0,False
Irish Republican Brotherhood,1,1,1.0,False
"Irving Hall (New York, N.Y.)",1,1,1.0,False
"Irving, Edward, 1792-1834",1,1,1.0,True
"Isabey, Eugène, 1803-1886",1,1,1.0,True
"Harris, John, 1726-1791",1,1,1.0,True
Istana (Singapore),1,1,1.0,False
"Italian Opera House (New York, N.Y.)",1,1,1.0,False
"Itô, Michio, 1893-1961",1,1,1.0,True
J.B. Ford Company,1,1,1.0,False
"Jackson, Christiana A",1,1,1.0,True
"Jackson, David, 1747-1801",1,1,1.0,True
"Jackson, Helen Hunt, 1830-1885",1,1,1.0,True
"Jackson, Henry",1,1,1.0,True
"Jackson, Holbrook, 1874-1948",1,1,1.0,True
"Jackson, Joe, 1888-1951",1,1,1.0,True
Jacob (Biblical patriarch),1,1,1.0,False
"Jacob, Maria",1,1,1.0,True
"Israëls, Jozef, 1824-1911",1,1,1.0,True
"Hunter, John, 1728-1793",1,1,1.0,True
"Hunter, William, 1718-1783",1,1,1.0,True
"Huntington Hotel (Pasadena, Calif.)",1,1,1.0,False
"Huntington, Jedediah, 1743-1818",1,1,1.0,True
"Hurd, Nathaniel, 1730-1777",1,1,1.0,True
"Hutchings, John, cooper",1,1,1.0,True
"Hutchinson, James, 1752-1793",1,1,1.0,True
"Hutson, Richard, 1748-1795",1,1,1.0,True
"Hutt, William, Sir, 1801-1882",1,1,1.0,True
"Hutton, Charles, 1737-1823",1,1,1.0,True
"Hôpital de Bicêtre (Le Kremlin-Bicêtre, France)",1,1,1.0,False
Hôtel-Dieu de Paris. Clinique ophtalmologique,1,1,1.0,False
"Ingraham, Edward d. (Edward Duncan), 1793-1854",1,1,1.0,False
"Ibrāhīm Shīrāzī, 1745 or 6-1800 or 1801",1,1,1.0,True
Idishe Teater Gezelshaft fun Komedies un Drames Yakov Ben-Ami,1,1,1.0,False
Illinois,1,1,1.0,False
Illinois State Bar Association,1,1,1.0,False
Illinois State University at Normal,1,1,1.0,False
Imperatorskaia akademiia nauk (Russia). Biblioteka,1,1,1.0,False
"Imre, Luby",1,1,1.0,True
"Incledon, Charles Benjamin, 1763-1826",1,1,1.0,True
"Ingersoll, Charles Jared, 1782-1862",1,1,1.0,True
"Ingersoll, Jared, 1749-1822",1,1,1.0,True
"Ingersoll, Robert Green, 1833-1899",1,1,1.0,True
"Inglis, Charles, 1734-1816",1,1,1.0,True
"Ḥāfiẓ, 14th cent.",1,1,1.0,True
"Johnson, Guy, ca. 1740-1788",1,1,1.0,True
"Johnson, Harvey, 1843-1923",1,1,1.0,True
"Johnson, J. Rosamond (John Rosamond), 1873-1954",1,1,1.0,False
"Johnson, James Weldon, 1871-1938",1,1,1.0,True
"Johnson, Jeremiah, 1768-1852",1,1,1.0,True
"Johnson, Richard M. (Richard Mentor), 1780-1850",1,1,1.0,False
"Johnson, Thomas, 1766-1831",1,1,1.0,True
"Johnson, Walter, 1887-1946",1,1,1.0,True
"Johnston, George, 1764-1823",1,1,1.0,True
"Johnston, H. (Henry Erskine), 1777-1845",1,1,1.0,False
"Johnston, Josiah Stoddard, 1784-1833",1,1,1.0,True
"Johnston, William F., 1808-1872",1,1,1.0,True
"Jacobson, Hymie",1,1,1.0,True
"Joiner, William A., b. 1869",1,1,1.0,True
"Joinville, François-Ferdinand-Philippe-Louis-Marie d'Orléans, prince de, 1818-1900",1,1,1.0,True
"Jolson, Al, 1886-1950",1,1,1.0,True
"Jolson, Al, d. 1950",1,1,1.0,True
"Jones, Samuel, 1734-1819",1,1,1.0,True
"Jordaens, Jacob, 1593-1678",1,1,1.0,True
"Jordan, Jessie",1,1,1.0,True
"Jordan, Tim (Timothy Joseph), 1879-1949",1,1,1.0,False
Joseph (Son of Jacob),1,1,1.0,False
"Joseph Bonaparte, King of Spain, 1768-1844",1,1,1.0,True
"Joseph, Saint",1,1,1.0,True
"Joseph, of Arimathea, Saint",1,1,1.0,True
"Johnstone, John Henry, 1749-1828",1,1,1.0,True
"Jameson, Mrs. (Anna), 1794-1860",1,1,1.0,False
"Jamnitzer, Wenzel, 1508-1585",1,1,1.0,True
"Jasper, William",1,0,0.0,True
"Jawhar ibn ʻAbd Allāh, al-Qāʼid",1,1,1.0,True
"Jay, John, 1817-1894",1,1,1.0,True
"Jean Paul, 1763-1825",1,1,1.0,True
Jean de Bologne,1,1,1.0,False
Jefferson family,1,1,1.0,False
"Jefferson, Joseph, 1829-1905",1,1,1.0,True
"Jellicoe, John Rushworth Jellicoe, Earl, 1859-1935",1,1,1.0,True
"Jernagin, William Henry, b. 1869",1,1,1.0,True
"Jeroným, Pražský, ca. 1380-1416",1,1,1.0,True
"Johnson, Alfred, 1845-1927",1,1,1.0,True
"Joachim Murat, King of Naples, 1767-1815",1,1,1.0,True
Joas de Wingen,1,1,1.0,False
Job (Biblical Figure),1,1,1.0,False
"Jode, Pieter de, 1570-1634",1,1,1.0,True
Joel (Biblical prophet),1,1,1.0,False
Johannes Hainz,1,1,1.0,False
Johannes Rudolphus Wertmüllerus,1,1,1.0,False
"Johannot, Tony, 1803-1852",1,1,1.0,True
John B. Stetson University,1,1,1.0,False
"John Street Theatre (New York, N.Y.)",1,1,1.0,False
"John, Augustus, 1878-1961",1,1,1.0,True
Johns Hopkins Hospital,1,1,1.0,False
"Jiménez de Rada, Rodrigo, ca. 1170-1247",1,1,1.0,True
"Helmbold, Henry",1,1,1.0,True
"Helmerding, Carl, 1822-1899",1,1,1.0,True
"Helmuth, Justus Henry Christian, 1745-1825",1,1,1.0,True
"Helvétius, 1715-1771",1,1,1.0,True
"Henrietta Maria, Queen, consort of Charles I, King of England, 1609-1669",1,1,1.0,True
"Henry IV, King of France, 1553-1610",1,1,1.0,True
"Henry V, King of England, 1387-1422",1,1,1.0,True
"Henry, Infante of Portugal, 1394-1460",1,1,1.0,True
"Henson, William S. (William Samuel), 1805?-1888",1,1,1.0,False
"Heraclitus, 1st cent.",1,1,1.0,True
Herodium (West Bank),1,1,1.0,False
"Herr, Klischnig",1,1,1.0,True
"Hunt, William, 1838-1928",1,1,1.0,True
"Hervilly, Ernest d', 1839-1911",1,1,1.0,True
"Hewes, George R. T. (George Robert Twelves), 1742-1840",1,1,1.0,False
"Hewlett, Maurice Henry, 1861-1923",1,1,1.0,True
Higiemonte,1,1,1.0,False
Hill Magical Co.,1,1,1.0,False
"Hill, Aaron, 1685-1750",1,1,1.0,True
"Hillard, George Stillman, 1808-1879",1,1,1.0,True
"Hines, Mike, 1862-1910",1,1,1.0,True
"Hines, Paul, 1852-1935",1,1,1.0,True
Hippocrates,1,1,1.0,False
"Hiram, King of Tyre, fl. 969-936 B.C.",1,1,1.0,True
Historic ships,1,1,1.0,False
"Herrman, Augustine, 1621-1686",1,1,1.0,True
"Harris, William, 1765-1829",1,1,1.0,True
"Harrison, Benjamin, 1833-1901",1,1,1.0,True
"Hart, Tony, 1855-1891",1,1,1.0,True
"Hartford, Providence, and Fishkill Railroad Company",1,1,1.0,False
"Hartley, David, ca. 1731-1813",1,1,1.0,True
Harvard College (1636-1780),1,1,1.0,False
Harvard Law School,1,1,1.0,False
Harvard Medical School,1,1,1.0,False
"Harvard, John, 1607-1638",1,1,1.0,True
"Harvie, John, 1710-1770",1,1,1.0,True
"Harwood, John Edmund, 1771-1809",1,1,1.0,True
"Hawes, Bill (William Hildreth), 1853-1940",1,1,1.0,False
"Helena, Saint, ca. 255-ca. 330",1,1,1.0,True
"Hawley, Elisha, 1726-1755",1,1,1.0,True
"Hawthorne, Julian, 1846-1934",1,1,1.0,True
"Hawthorne, Una, 1844-1877",1,1,1.0,True
"Hayes, Roland, 1887-1977",1,1,1.0,True
"Hayley, William, 1745-1820",1,1,1.0,True
"Hayne, Robert Young, 1791-1839",1,1,1.0,True
"Haynes, Lemuel, 1753-1833",1,1,1.0,True
"Haüy, René Just, 1743-1822",1,1,1.0,True
"Hearst, William Randolph, 1863-1951",1,1,1.0,True
"Heemskerk, Martin van, 1498-1574",1,1,1.0,True
"Heinrich, Prince of Prussia, 1862-1929",1,1,1.0,True
"Held, Anna, 1877?-1918",1,1,1.0,True
"Hawkins, Rush C. (Rush Christopher), 1831-1920",1,1,1.0,False
"Hopkinson, Thomas, 1709-1751",1,1,1.0,True
"Hoppner, John, 1758-1810",1,1,1.0,True
"Horn, Winnie",1,1,1.0,True
"Hornes, Willem Adriaan, graaf van, d. 1694",1,1,1.0,True
"Horst, Louis",1,1,1.0,True
"Horton, Alonzo E., 1813-1909",1,1,1.0,True
"Hotel Astor (New York, N.Y.)",1,1,1.0,False
"Hotel Colorado (Glenwood Springs, Colo.)",1,1,1.0,False
"Hotel de ville (Paris, France)",1,1,1.0,False
"Houdon, Jean Antoine, 1741-1828",1,1,1.0,True
"Houssaye, Arsène, 1815-1896",1,1,1.0,True
"Houssaye, Henry, 1848-1911",1,1,1.0,True
Hobart Free College,1,1,1.0,False
Howard University -- History,1,1,1.0,False
"Howard, John, 1726-1790",1,1,1.0,True
"Howe, S. G. (Samuel Gridley), 1801-1876",1,1,1.0,False
"Howell, David",1,1,1.0,True
"Howells, William Dean, 1837-1920",1,1,1.0,True
"Howland, John, 1592?-1672",1,1,1.0,True
"Hudson, Henry, d. 1611",1,1,1.0,True
"Huger, Daniel",1,1,1.0,True
"Hull, William, 1753-1825",1,1,1.0,True
"Hummel, John, 1883-1959",1,1,1.0,True
"Hunt, Abraham",1,1,1.0,True
"Hunt, Washington, 1811-1867",1,1,1.0,True
"Houston, Sam, 1793-1863",1,1,1.0,True
"Hobart, John Henry, 1775-1830",1,1,1.0,True
"Hobbema, Meindert, 1638-1709",1,1,1.0,True
"Hodge, Charles, 1797-1878",1,1,1.0,True
"Hodges, Gil, 1924-1972",1,1,1.0,True
"Hoefnagel, Joris, 1542-1601",1,1,1.0,True
"Hofburg (Vienna, Austria)",1,1,1.0,False
"Hogarth, William, 1697-1764",1,1,1.0,True
"Holbein, Hans, 1460-1524",1,1,1.0,True
"Holbein, Hans, 1497-1543",1,1,1.0,True
"Holbein, Sigmund, d. 1540",1,1,1.0,True
"Holl, Elias, 1573-1646",1,1,1.0,True
"Holland, Justin, 1819-1887",1,1,1.0,True
"Hopkinson, Joseph, 1770-1842",1,1,1.0,True
"Holman, J. G. (Joseph George), 1764-1817",1,1,1.0,False
"Holstein, Casper",1,1,1.0,True
"Holstein, Casper, 1876-1944",1,1,1.0,True
"Holt's Hotel (New York, N.Y.)",1,1,1.0,False
"Homer, Winslow, 1836-1910",1,1,1.0,True
"Honthorst, Gerrit van, 1590-1656",1,1,1.0,True
"Hooch, Pieter de",1,1,1.0,True
"Hood, J. W. (James Walker), 1831-1918",1,1,1.0,False
"Hooker, Joseph, 1814-1879",1,1,1.0,True
"Hoover, Charlie, b. 1865",1,1,1.0,True
"Hopkins, Mark, 1813-1878",1,1,1.0,True
"Hopkinson, Francis",1,1,1.0,True
"Hollenden Hotel (Cleveland, Ohio)",1,1,1.0,False
