life_course_id,n_nodes,record_ids,birth_year_estimates,issues,flagged
0,4,"['C00000', 'C01843', 'R01267', 'R02231']","[1785, 1785, 1784, 1783]",['multi_match'],True
1,5,"['C00001', 'C00354', 'C01686', 'R00096', 'R00174']","[1804, 1804, 1805, 1806, 1807]",['multi_match'],True
2,15,"['C00002', 'C00251', 'C00612', 'C00762', 'C01289', 'C01892', 'C02420', 'C02615', 'R00426', 'R00541', 'R00557', 'R01149', 'R01546', 'R01765', 'R02881']","[1833, 1822, 1828, 1828, 1828, 1830, 1822, 1827, 1820, 1827, 1827, 1831, 1827, 1828, 1822]","['multi_match', 'birth_year_conflict']",True
3,9,"['C00003', 'C00950', 'C01278', 'C02007', 'C02741', 'R00515', 'R00850', 'R01377', 'R02831']","[1784, 1781, 1794, 1787, 1792, 1782, 1794, 1791, 1785]","['multi_match', 'birth_year_conflict']",True
4,5,"['C00004', 'C00910', 'R00295', 'R01458', 'R02490']","[1791, 1797, 1796, 1797, 1798]","['multi_match', 'birth_year_conflict']",True
5,10,"['C00005', 'C01113', 'C01230', 'C02036', 'C02785', 'R00411', 'R00419', 'R00511', 'R01603', 'R01824']","[1824, 1810, 1810, 1811, 1821, 1819, 1811, 1824, 1812, 1810]","['multi_match', 'birth_year_conflict']",True
6,8,"['C00007', 'C00755', 'C01603', 'C01872', 'R00471', 'R00551', 'R01165', 'R01512']","[1830, 1836, 1838, 1836, 1829, 1840, 1831, 1835]","['multi_match', 'birth_year_conflict']",True
7,2,"['C00008', 'R02379']","[1831, 1830]",[],False
8,2,"['C00012', 'R02917']","[1829, 1826]",[],False
9,7,"['C00014', 'C00691', 'C02206', 'R00147', 'R00505', 'R01058', 'R02592']","[1821, 1820, 1829, 1828, 1823, 1828, 1818]","['multi_match', 'birth_year_conflict']",True
10,2,"['C00015', 'R02919']","[1822, 1821]",[],False
11,2,"['C00016', 'R00891']","[1834, 1836]",[],False
12,3,"['C00017', 'R00273', 'R01344']","[1808, 1807, 1804]","['multi_match', 'birth_year_conflict']",True
13,4,"['C00019', 'C01927', 'R01649', 'R02443']","[1815, 1821, 1817, 1818]","['multi_match', 'birth_year_conflict']",True
14,6,"['C00020', 'C02168', 'C02399', 'R00591', 'R01788', 'R02755']","[1835, 1836, 1827, 1830, 1831, 1832]","['multi_match', 'birth_year_conflict']",True
15,2,"['C00022', 'R01411']","[1808, 1807]",[],False
16,8,"['C00024', 'C01213', 'C01411', 'C01472', 'C02335', 'R01302', 'R01681', 'R01880']","[1782, 1784, 1789, 1782, 1783, 1787, 1788, 1787]","['multi_match', 'birth_year_conflict']",True
17,6,"['C00025', 'C00274', 'C01735', 'R01593', 'R02523', 'R02707']","[1829, 1836, 1833, 1830, 1837, 1830]","['multi_match', 'birth_year_conflict']",True
18,9,"['C00026', 'C01092', 'C01999', 'C02000', 'R00370', 'R00783', 'R00979', 'R02475', 'R02920']","[1835, 1835, 1835, 1831, 1833, 1828, 1832, 1832, 1826]","['multi_match', 'birth_year_conflict']",True
19,7,"['C00027', 'C00457', 'C01531', 'C02303', 'R00125', 'R01587', 'R02749']","[1796, 1797, 1795, 1797, 1793, 1795, 1794]","['multi_match', 'birth_year_conflict']",True
20,7,"['C00028', 'C01118', 'C01626', 'R01334', 'R02074', 'R02278', 'R02573']","[1812, 1810, 1808, 1805, 1812, 1805, 1813]","['multi_match', 'birth_year_conflict']",True
21,4,"['C00029', 'C00806', 'R02682', 'R02834']","[1803, 1798, 1803, 1802]","['multi_match', 'birth_year_conflict']",True
22,2,"['C00030', 'R00910']","[1845, 1840]",['birth_year_conflict'],True
23,2,"['C00031', 'R02342']","[1838, 1839]",[],False
24,8,"['C00032', 'C00703', 'C02679', 'R00322', 'R00995', 'R00999', 'R01157', 'R02395']","[1800, 1799, 1798, 1801, 1798, 1798, 1798, 1801]",['multi_match'],True
25,2,"['C00033', 'R02723']","[1810, 1810]",[],False
26,6,"['C00034', 'C00196', 'C02811', 'C02978', 'R01099', 'R01957']","[1787, 1788, 1782, 1786, 1785, 1787]","['multi_match', 'birth_year_conflict']",True
27,2,"['C00035', 'R00469']","[1838, 1839]",[],False
28,3,"['C00036', 'C00500', 'R00545']","[1784, 1787, 1785]",['multi_match'],True
29,2,"['C00038', 'R02155']","[1815, 1815]",[],False
30,2,"['C00039', 'R01282']","[1798, 1801]",[],False
31,4,"['C00040', 'C01256', 'R00695', 'R02248']","[1783, 1786, 1787, 1783]","['multi_match', 'birth_year_conflict']",True
32,3,"['C00041', 'C02250', 'R01412']","[1818, 1818, 1816]",['multi_match'],True
33,2,"['C00043', 'R02634']","[1786, 1787]",[],False
34,15,"['C00044', 'C00233', 'C00453', 'C00921', 'C02278', 'C02453', 'C02493', 'C02551', 'R00072', 'R00199', 'R00339', 'R01115', 'R01762', 'R02084', 'R02257']","[1835, 1825, 1833, 1825, 1823, 1834, 1822, 1828, 1822, 1826, 1832, 1833, 1823, 1833, 1827]","['multi_match', 'birth_year_conflict']",True
35,2,"['C00045', 'R01932']","[1789, 1791]",[],False
36,4,"['C00046', 'C02302', 'R01563', 'R02120']","[1816, 1822, 1814, 1820]","['multi_match', 'birth_year_conflict']",True
37,2,"['C00049', 'R01954']","[1782, 1784]",[],False
38,2,"['C00051', 'R01696']","[1811, 1813]",[],False
39,2,"['C00052', 'R02267']","[1788, 1789]",[],False
40,12,"['C00054', 'C00815', 'C01207', 'C01323', 'C01759', 'C02445', 'R00064', 'R01066', 'R01340', 'R01451', 'R01473', 'R02647']","[1824, 1816, 1813, 1818, 1823, 1816, 1822, 1813, 1819, 1827, 1814, 1814]","['multi_match', 'birth_year_conflict']",True
41,4,"['C00055', 'C00431', 'R00630', 'R01283']","[1791, 1793, 1790, 1792]",['multi_match'],True
42,4,"['C00056', 'C01149', 'R01901', 'R02759']","[1825, 1819, 1821, 1822]","['multi_match', 'birth_year_conflict']",True
43,4,"['C00057', 'C00272', 'R02857', 'R02950']","[1808, 1806, 1806, 1809]",['multi_match'],True
44,6,"['C00058', 'C00956', 'C02082', 'R00098', 'R00607', 'R02960']","[1799, 1796, 1800, 1799, 1798, 1796]","['multi_match', 'birth_year_conflict']",True
45,6,"['C00059', 'C01147', 'C02804', 'R01000', 'R01137', 'R01445']","[1814, 1807, 1814, 1805, 1812, 1807]","['multi_match', 'birth_year_conflict']",True
46,3,"['C00060', 'R00270', 'R01108']","[1784, 1785, 1787]",['multi_match'],True
47,5,"['C00061', 'C00252', 'R02180', 'R02194', 'R02898']","[1799, 1801, 1798, 1793, 1794]","['multi_match', 'birth_year_conflict']",True
48,3,"['C00062', 'C00079', 'R02642']","[1815, 1818, 1818]",['multi_match'],True
49,3,"['C00064', 'C02162', 'R00994']","[1788, 1790, 1790]",['multi_match'],True
50,6,"['C00065', 'C01203', 'C01902', 'R00854', 'R01743', 'R02462']","[1800, 1801, 1800, 1805, 1801, 1799]","['multi_match', 'birth_year_conflict']",True
51,5,"['C00066', 'C00559', 'R00097', 'R02090', 'R02880']","[1808, 1808, 1804, 1801, 1806]","['multi_match', 'birth_year_conflict']",True
52,7,"['C00068', 'C02789', 'R00362', 'R01497', 'R01893', 'R02150', 'R02280']","[1818, 1818, 1818, 1817, 1820, 1819, 1819]",['multi_match'],True
53,4,"['C00069', 'C01997', 'R00720', 'R02913']","[1805, 1803, 1805, 1802]",['multi_match'],True
54,2,"['C00071', 'R00953']","[1839, 1839]",[],False
55,6,"['C00072', 'C00427', 'C00943', 'R01734', 'R01933', 'R02738']","[1829, 1837, 1830, 1834, 1831, 1826]","['multi_match', 'birth_year_conflict']",True
56,10,"['C00073', 'C00524', 'C01107', 'C01673', 'C02190', 'R01013', 'R01440', 'R02118', 'R02268', 'R02364']","[1794, 1792, 1795, 1793, 1797, 1792, 1794, 1796, 1792, 1792]","['multi_match', 'birth_year_conflict']",True
57,2,"['C00074', 'R01470']","[1811, 1812]",[],False
58,5,"['C00075', 'C01429', 'C01750', 'R00356', 'R02456']","[1785, 1783, 1781, 1785, 1780]","['multi_match', 'birth_year_conflict']",True
59,4,"['C00076', 'C02062', 'R00510', 'R01943']","[1829, 1828, 1824, 1829]","['multi_match', 'birth_year_conflict']",True
60,3,"['C00077', 'R00932', 'R01402']","[1785, 1784, 1783]",['multi_match'],True
61,3,"['C00078', 'C01640', 'R00089']","[1817, 1815, 1814]",['multi_match'],True
62,2,"['C00080', 'R01582']","[1837, 1837]",[],False
63,2,"['C00081', 'R02302']","[1800, 1799]",[],False
64,2,"['C00082', 'R02343']","[1835, 1835]",[],False
65,5,"['C00083', 'C01468', 'C02976', 'R00713', 'R00872']","[1783, 1786, 1782, 1782, 1785]","['multi_match', 'birth_year_conflict']",True
66,2,"['C00084', 'R01116']","[1822, 1822]",[],False
67,6,"['C00085', 'C01021', 'C02398', 'R00825', 'R00848', 'R01461']","[1789, 1787, 1788, 1787, 1786, 1788]",['multi_match'],True
68,3,"['C00086', 'C01754', 'R02933']","[1811, 1809, 1810]",['multi_match'],True
69,19,"['C00087', 'C00549', 'C01085', 'C01180', 'C01461', 'C01479', 'C01631', 'C02090', 'C02904', 'R00085', 'R00590', 'R00744', 'R01127', 'R01429', 'R01651', 'R02312', 'R02349', 'R02522', 'R02739']","[1824, 1836, 1823, 1835, 1834, 1829, 1827, 1836, 1829, 1831, 1834, 1839, 1841, 1834, 1840, 1838, 1829, 1823, 1820]","['multi_match', 'birth_year_conflict']",True
70,4,"['C00088', 'C01521', 'R00829', 'R02947']","[1822, 1825, 1820, 1825]","['multi_match', 'birth_year_conflict']",True
71,5,"['C00089', 'C01851', 'C02575', 'R00528', 'R02052']","[1806, 1805, 1804, 1801, 1800]","['multi_match', 'birth_year_conflict']",True
72,2,"['C00090', 'R02541']","[1805, 1803]",[],False
73,2,"['C00091', 'R01241']","[1807, 1807]",[],False
74,2,"['C00092', 'R00203']","[1805, 1805]",[],False
75,6,"['C00093', 'C00436', 'R00008', 'R01352', 'R02263', 'R02293']","[1826, 1825, 1828, 1827, 1829, 1827]","['multi_match', 'birth_year_conflict']",True
76,2,"['C00094', 'R02292']","[1836, 1837]",[],False
77,2,"['C00096', 'R01111']","[1805, 1805]",[],False
78,4,"['C00097', 'C01224', 'R00682', 'R02253']","[1792, 1793, 1794, 1793]",['multi_match'],True
79,9,"['C00098', 'C00377', 'C00446', 'C00669', 'C00964', 'R01527', 'R01556', 'R02113', 'R02503']","[1802, 1803, 1807, 1810, 1809, 1802, 1804, 1803, 1811]","['multi_match', 'birth_year_conflict']",True
80,4,"['C00100', 'C01784', 'C02464', 'R01405']","[1800, 1799, 1797, 1799]",['multi_match'],True
81,7,"['C00101', 'C00577', 'C00825', 'C01981', 'R00188', 'R00918', 'R01007']","[1783, 1789, 1782, 1790, 1782, 1783, 1787]","['multi_match', 'birth_year_conflict']",True
82,3,"['C00104', 'R00146', 'R02908']","[1830, 1832, 1833]",['multi_match'],True
83,5,"['C00105', 'C00768', 'C02401', 'R00802', 'R02797']","[1805, 1805, 1806, 1800, 1803]","['multi_match', 'birth_year_conflict']",True
84,11,"['C00106', 'C00666', 'C01850', 'C02179', 'C02727', 'R00120', 'R00308', 'R01128', 'R01703', 'R01731', 'R02753']","[1794, 1798, 1800, 1792, 1797, 1800, 1799, 1797, 1797, 1795, 1799]","['multi_match', 'birth_year_conflict']",True
85,5,"['C00107', 'C02822', 'R00001', 'R01338', 'R02496']","[1812, 1812, 1810, 1809, 1811]",['multi_match'],True
86,2,"['C00109', 'R02368']","[1820, 1822]",[],False
87,4,"['C00110', 'C00842', 'R00153', 'R01845']","[1791, 1799, 1789, 1797]","['multi_match', 'birth_year_conflict']",True
88,3,"['C00112', 'R00900', 'R02676']","[1814, 1813, 1814]",['multi_match'],True
89,2,"['C00114', 'R01987']","[1831, 1833]",[],False
90,2,"['C00117', 'R02748']","[1827, 1827]",[],False
91,4,"['C00118', 'C00784', 'C01912', 'R00620']","[1801, 1804, 1802, 1804]",['multi_match'],True
92,2,"['C00119', 'R01297']","[1832, 1831]",[],False
93,6,"['C00120', 'C02772', 'R00503', 'R01219', 'R01294', 'R01715']","[1839, 1840, 1840, 1838, 1838, 1839]",['multi_match'],True
94,4,"['C00121', 'C01545', 'R01192', 'R02530']","[1827, 1826, 1827, 1826]",['multi_match'],True
95,2,"['C00122', 'R01495']","[1817, 1814]",[],False
96,2,"['C00123', 'R02341']","[1827, 1827]",[],False
97,4,"['C00124', 'C00884', 'C02968', 'R01455']","[1828, 1829, 1825, 1829]","['multi_match', 'birth_year_conflict']",True
98,4,"['C00125', 'C02085', 'R00180', 'R00196']","[1788, 1787, 1789, 1787]",['multi_match'],True
99,3,"['C00126', 'R01388', 'R02806']","[1794, 1796, 1795]",['multi_match'],True
100,4,"['C00128', 'R00688', 'R02108', 'R02678']","[1811, 1814, 1811, 1815]","['multi_match', 'birth_year_conflict']",True
101,2,"['C00129', 'R01056']","[1804, 1803]",[],False
102,3,"['C00130', 'R02556', 'R02937']","[1787, 1788, 1789]",['multi_match'],True
103,2,"['C00132', 'R02391']","[1812, 1813]",[],False
104,2,"['C00133', 'R01631']","[1839, 1839]",[],False
105,2,"['C00134', 'R00633']","[1823, 1823]",[],False
106,3,"['C00135', 'C00174', 'R02323']","[1831, 1831, 1831]",['multi_match'],True
107,2,"['C00136', 'R01386']","[1815, 1816]",[],False
108,9,"['C00137', 'C00938', 'C01330', 'C01740', 'C02428', 'C02869', 'R00116', 'R00664', 'R00795']","[1802, 1790, 1802, 1799, 1790, 1797, 1799, 1797, 1802]","['multi_match', 'birth_year_conflict']",True
109,6,"['C00139', 'C00797', 'C02211', 'C02774', 'R00108', 'R01469']","[1834, 1833, 1829, 1836, 1836, 1837]","['multi_match', 'birth_year_conflict']",True
110,2,"['C00142', 'R01085']","[1796, 1796]",[],False
111,2,"['C00143', 'R02145']","[1795, 1798]",[],False
112,5,"['C00146', 'C00977', 'C02412', 'R00165', 'R01150']","[1831, 1828, 1829, 1831, 1830]",['multi_match'],True
113,3,"['C00147', 'R00225', 'R01492']","[1787, 1787, 1789]",['multi_match'],True
114,2,"['C00148', 'R00440']","[1830, 1830]",[],False
115,2,"['C00150', 'R00399']","[1836, 1836]",[],False
116,4,"['C00151', 'C00827', 'R00786', 'R02480']","[1802, 1807, 1805, 1802]","['multi_match', 'birth_year_conflict']",True
117,2,"['C00152', 'R01589']","[1825, 1825]",[],False
118,2,"['C00153', 'R01051']","[1823, 1823]",[],False
119,7,"['C00154', 'C02138', 'C02790', 'R00404', 'R00823', 'R00980', 'R02143']","[1787, 1785, 1785, 1783, 1784, 1781, 1791]","['multi_match', 'birth_year_conflict']",True
120,4,"['C00156', 'C00186', 'R01908', 'R02860']","[1816, 1814, 1813, 1815]",['multi_match'],True
121,2,"['C00157', 'R00459']","[1789, 1789]",[],False
122,3,"['C00159', 'R01511', 'R02653']","[1818, 1819, 1817]",['multi_match'],True
123,4,"['C00160', 'C01974', 'R00401', 'R02969']","[1786, 1781, 1781, 1784]","['multi_match', 'birth_year_conflict']",True
124,12,"['C00161', 'C00829', 'C00946', 'C01465', 'C01595', 'C02999', 'R00200', 'R00624', 'R00827', 'R02165', 'R02404', 'R02871']","[1826, 1836, 1840, 1839, 1830, 1833, 1833, 1833, 1830, 1826, 1836, 1830]","['multi_match', 'birth_year_conflict']",True
125,2,"['C00162', 'R00107']","[1807, 1806]",[],False
126,5,"['C00163', 'C00180', 'C02621', 'R01557', 'R02557']","[1789, 1786, 1785, 1785, 1787]","['multi_match', 'birth_year_conflict']",True
127,3,"['C00164', 'C00399', 'R02839']","[1817, 1817, 1816]",['multi_match'],True
128,7,"['C00165', 'C01893', 'C02631', 'R00581', 'R01930', 'R02836', 'R02894']","[1793, 1787, 1787, 1783, 1786, 1790, 1785]","['multi_match', 'birth_year_conflict']",True
129,2,"['C00166', 'R02694']","[1784, 1783]",[],False
130,2,"['C00167', 'R02527']","[1781, 1781]",[],False
131,5,"['C00169', 'C02672', 'R00077', 'R00998', 'R02858']","[1780, 1786, 1782, 1786, 1784]","['multi_match', 'birth_year_conflict']",True
132,6,"['C00170', 'C00895', 'C02598', 'R01600', 'R01907', 'R02854']","[1823, 1828, 1828, 1826, 1829, 1824]","['multi_match', 'birth_year_conflict']",True
133,2,"['C00171', 'R01885']","[1808, 1809]",[],False
134,2,"['C00175', 'R01523']","[1839, 1841]",[],False
135,9,"['C00176', 'C00408', 'C02042', 'C02539', 'R01263', 'R01337', 'R02189', 'R02507', 'R02778']","[1825, 1823, 1833, 1834, 1831, 1821, 1835, 1822, 1829]","['multi_match', 'birth_year_conflict']",True
136,3,"['C00178', 'C02501', 'R00499']","[1778, 1781, 1781]",['multi_match'],True
137,4,"['C00179', 'C00373', 'R00376', 'R01197']","[1816, 1815, 1817, 1815]",['multi_match'],True
138,4,"['C00181', 'C02571', 'R01148', 'R01269']","[1837, 1835, 1842, 1839]","['multi_match', 'birth_year_conflict']",True
139,2,"['C00182', 'R01898']","[1827, 1826]",[],False
140,5,"['C00183', 'C01825', 'C02577', 'R01062', 'R01068']","[1796, 1799, 1800, 1794, 1796]","['multi_match', 'birth_year_conflict']",True
141,2,"['C00184', 'R02448']","[1813, 1811]",[],False
142,4,"['C00185', 'C01079', 'C02358', 'R00402']","[1785, 1781, 1782, 1781]","['multi_match', 'birth_year_conflict']",True
143,8,"['C00187', 'C00190', 'C00816', 'C02802', 'R00280', 'R00456', 'R00966', 'R01172']","[1786, 1787, 1789, 1787, 1791, 1793, 1791, 1787]","['multi_match', 'birth_year_conflict']",True
144,6,"['C00188', 'C00822', 'C02657', 'R01228', 'R02335', 'R02909']","[1822, 1828, 1821, 1824, 1822, 1827]","['multi_match', 'birth_year_conflict']",True
145,14,"['C00189', 'C00504', 'C01518', 'C01665', 'C01995', 'C02426', 'C02827', 'C02872', 'R00648', 'R00691', 'R01001', 'R01426', 'R01825', 'R02885']","[1822, 1831, 1834, 1831, 1830, 1835, 1824, 1830, 1834, 1832, 1835, 1827, 1824, 1825]","['multi_match', 'birth_year_conflict']",True
146,5,"['C00191', 'R00809', 'R01106', 'R01277', 'R01413']","[1812, 1810, 1813, 1813, 1813]",['multi_match'],True
147,3,"['C00192', 'C01949', 'R01367']","[1825, 1826, 1826]",['multi_match'],True
148,3,"['C00193', 'C01039', 'R00070']","[1819, 1821, 1823]","['multi_match', 'birth_year_conflict']",True
149,2,"['C00194', 'R02654']","[1837, 1837]",[],False
150,4,"['C00195', 'C00523', 'R00202', 'R00348']","[1809, 1820, 1819, 1810]","['multi_match', 'birth_year_conflict']",True
151,4,"['C00197', 'C02403', 'R00457', 'R01585']","[1836, 1835, 1831, 1833]","['multi_match', 'birth_year_conflict']",True
152,7,"['C00198', 'C02214', 'C02747', 'R00031', 'R00451', 'R02669', 'R02934']","[1810, 1810, 1810, 1812, 1812, 1811, 1815]","['multi_match', 'birth_year_conflict']",True
153,3,"['C00199', 'R00849', 'R02658']","[1797, 1797, 1798]",['multi_match'],True
154,11,"['C00200', 'C00385', 'C01783', 'C01948', 'C02262', 'C02593', 'R00034', 'R00152', 'R01558', 'R01862', 'R01991']","[1803, 1804, 1805, 1804, 1805, 1800, 1801, 1802, 1803, 1805, 1803]","['multi_match', 'birth_year_conflict']",True
155,4,"['C00203', 'C02046', 'R01944', 'R02013']","[1825, 1827, 1830, 1831]","['multi_match', 'birth_year_conflict']",True
156,3,"['C00205', 'C01268', 'R01243']","[1807, 1808, 1805]",['multi_match'],True
157,2,"['C00206', 'R02959']","[1796, 1798]",[],False
158,3,"['C00208', 'R00358', 'R02674']","[1818, 1821, 1823]","['multi_match', 'birth_year_conflict']",True
159,3,"['C00209', 'C02435', 'R01479']","[1826, 1822, 1823]","['multi_match', 'birth_year_conflict']",True
160,8,"['C00210', 'C01554', 'C02180', 'C02526', 'R00518', 'R01513', 'R02761', 'R02895']","[1815, 1808, 1818, 1812, 1812, 1810, 1811, 1817]","['multi_match', 'birth_year_conflict']",True
161,9,"['C00212', 'C00321', 'C00933', 'C01808', 'C02114', 'R00619', 'R00870', 'R01882', 'R02670']","[1826, 1822, 1823, 1834, 1832, 1833, 1828, 1824, 1821]","['multi_match', 'birth_year_conflict']",True
162,2,"['C00213', 'R01501']","[1782, 1781]",[],False
163,4,"['C00216', 'C02225', 'R01398', 'R01867']","[1832, 1833, 1834, 1835]",['multi_match'],True
164,6,"['C00217', 'C00285', 'C02279', 'R00239', 'R01447', 'R02136']","[1824, 1826, 1826, 1826, 1827, 1823]","['multi_match', 'birth_year_conflict']",True
165,13,"['C00219', 'C00783', 'C00907', 'C01093', 'C02632', 'C02844', 'C02845', 'R00359', 'R00516', 'R01581', 'R01616', 'R02092', 'R02925']","[1792, 1797, 1798, 1793, 1791, 1798, 1799, 1797, 1797, 1790, 1801, 1792, 1795]","['multi_match', 'birth_year_conflict']",True
166,2,"['C00220', 'R00086']","[1809, 1811]",[],False
167,2,"['C00221', 'R01575']","[1788, 1787]",[],False
168,8,"['C00222', 'C00903', 'C02178', 'C02572', 'R00210', 'R00951', 'R01195', 'R02100']","[1809, 1809, 1810, 1811, 1810, 1816, 1814, 1815]","['multi_match', 'birth_year_conflict']",True
169,4,"['C00224', 'C02699', 'R00318', 'R00965']","[1832, 1826, 1829, 1830]","['multi_match', 'birth_year_conflict']",True
170,2,"['C00225', 'R00996']","[1828, 1828]",[],False
171,3,"['C00227', 'C02973', 'R02061']","[1801, 1799, 1801]",['multi_match'],True
172,7,"['C00229', 'C01610', 'C02238', 'C02582', 'R00629', 'R02032', 'R02283']","[1805, 1800, 1805, 1806, 1801, 1804, 1804]","['multi_match', 'birth_year_conflict']",True
173,18,"['C00230', 'C00460', 'C00970', 'C00976', 'C02297', 'C02496', 'C02730', 'C02984', 'R00314', 'R00639', 'R01173', 'R01647', 'R01866', 'R02174', 'R02221', 'R02297', 'R02418', 'R02990']","[1803, 1792, 1801, 1801, 1791, 1801, 1806, 1793, 1798, 1800, 1806, 1790, 1794, 1805, 1791, 1802, 1797, 1797]","['multi_match', 'birth_year_conflict']",True
174,5,"['C00231', 'C00424', 'C02564', 'R00337', 'R01744']","[1793, 1795, 1791, 1790, 1790]","['multi_match', 'birth_year_conflict']",True
175,2,"['C00232', 'R02056']","[1808, 1809]",[],False
176,5,"['C00234', 'C01901', 'C02330', 'R00890', 'R02340']","[1793, 1797, 1797, 1799, 1797]","['multi_match', 'birth_year_conflict']",True
177,4,"['C00235', 'C02907', 'R01917', 'R01929']","[1817, 1815, 1815, 1817]",['multi_match'],True
178,7,"['C00236', 'C02001', 'C02702', 'R00368', 'R00817', 'R02532', 'R02907']","[1819, 1821, 1817, 1823, 1812, 1818, 1813]","['multi_match', 'birth_year_conflict']",True
179,7,"['C00237', 'C01984', 'C02400', 'R01114', 'R01467', 'R01869', 'R02212']","[1820, 1818, 1823, 1824, 1821, 1819, 1821]","['multi_match', 'birth_year_conflict']",True
180,2,"['C00238', 'R01493']","[1834, 1832]",[],False
181,11,"['C00239', 'C00709', 'C01321', 'C01506', 'C01869', 'C02809', 'R00386', 'R01136', 'R01265', 'R02202', 'R02599']","[1833, 1828, 1834, 1826, 1839, 1833, 1832, 1832, 1833, 1834, 1840]","['multi_match', 'birth_year_conflict']",True
182,3,"['C00240', 'C00516', 'R01793']","[1810, 1811, 1809]",['multi_match'],True
183,2,"['C00241', 'R00934']","[1836, 1836]",[],False
184,5,"['C00242', 'C01012', 'C01089', 'R00445', 'R00467']","[1789, 1789, 1784, 1787, 1785]","['multi_match', 'birth_year_conflict']",True
185,2,"['C00243', 'R00498']","[1837, 1837]",[],False
186,5,"['C00244', 'C02793', 'R02055', 'R02597', 'R02850']","[1824, 1823, 1827, 1823, 1823]","['multi_match', 'birth_year_conflict']",True
187,2,"['C00245', 'R02618']","[1784, 1785]",[],False
188,2,"['C00246', 'R01424']","[1790, 1790]",[],False
189,3,"['C00249', 'C00931', 'R00177']","[1786, 1784, 1785]",['multi_match'],True
190,2,"['C00253', 'R01249']","[1831, 1833]",[],False
191,5,"['C00254', 'C01145', 'C02910', 'R01306', 'R02553']","[1811, 1804, 1802, 1813, 1807]","['multi_match', 'birth_year_conflict']",True
192,4,"['C00255', 'C00602', 'R02287', 'R02455']","[1790, 1791, 1789, 1793]","['multi_match', 'birth_year_conflict']",True
193,2,"['C00256', 'R00961']","[1833, 1834]",[],False
194,5,"['C00257', 'C01441', 'C02203', 'R02133', 'R02649']","[1821, 1821, 1820, 1821, 1820]",['multi_match'],True
195,6,"['C00260', 'C01104', 'C01436', 'C02476', 'R01830', 'R01852']","[1784, 1787, 1792, 1791, 1788, 1789]","['multi_match', 'birth_year_conflict']",True
196,4,"['C00261', 'C02475', 'R01661', 'R02276']","[1830, 1833, 1834, 1829]","['multi_match', 'birth_year_conflict']",True
197,3,"['C00262', 'C02140', 'R01004']","[1791, 1790, 1789]",['multi_match'],True
198,4,"['C00263', 'C02236', 'R00027', 'R01656']","[1785, 1783, 1785, 1785]",['multi_match'],True
199,9,"['C00264', 'C01027', 'C01262', 'C02160', 'C02939', 'R01031', 'R01733', 'R01779', 'R02251']","[1809, 1810, 1804, 1802, 1801, 1804, 1812, 1808, 1814]","['multi_match', 'birth_year_conflict']",True
200,3,"['C00265', 'R00216', 'R02574']","[1824, 1825, 1824]",['multi_match'],True
201,2,"['C00266', 'R01503']","[1805, 1808]",[],False
202,2,"['C00267', 'R00392']","[1821, 1822]",[],False
203,2,"['C00268', 'R01124']","[1794, 1793]",[],False
204,2,"['C00269', 'R01847']","[1787, 1784]",[],False
205,2,"['C00270', 'R02793']","[1779, 1779]",[],False
206,2,"['C00273', 'R02590']","[1812, 1811]",[],False
207,3,"['C00275', 'C02613', 'R00088']","[1801, 1805, 1804]","['multi_match', 'birth_year_conflict']",True
208,2,"['C00276', 'R01964']","[1814, 1811]",[],False
209,2,"['C00277', 'R01668']","[1800, 1802]",[],False
210,10,"['C00279', 'C01298', 'C01433', 'C02004', 'C02635', 'R00208', 'R00422', 'R01080', 'R01100', 'R01394']","[1805, 1802, 1801, 1801, 1808, 1809, 1798, 1805, 1797, 1808]","['multi_match', 'birth_year_conflict']",True
211,3,"['C00280', 'R00372', 'R02673']","[1787, 1790, 1788]",['multi_match'],True
212,8,"['C00281', 'C00997', 'C01809', 'C01844', 'C01953', 'R01997', 'R02464', 'R02591']","[1809, 1795, 1800, 1796, 1811, 1792, 1796, 1794]","['multi_match', 'birth_year_conflict']",True
213,2,"['C00282', 'R00902']","[1802, 1803]",[],False
214,4,"['C00283', 'C02159', 'R02270', 'R02440']","[1827, 1823, 1823, 1827]","['multi_match', 'birth_year_conflict']",True
215,4,"['C00284', 'C01344', 'C02202', 'R02586']","[1780, 1782, 1781, 1781]",['multi_match'],True
216,4,"['C00286', 'C00395', 'R00367', 'R01691']","[1828, 1829, 1827, 1827]",['multi_match'],True
217,3,"['C00287', 'R01972', 'R02808']","[1794, 1792, 1790]","['multi_match', 'birth_year_conflict']",True
218,2,"['C00289', 'R01349']","[1795, 1795]",[],False
219,7,"['C00291', 'C00473', 'C01990', 'C02356', 'R00576', 'R02851', 'R02987']","[1781, 1782, 1779, 1778, 1784, 1784, 1780]","['multi_match', 'birth_year_conflict']",True
220,2,"['C00292', 'R00841']","[1778, 1779]",[],False
221,4,"['C00293', 'C02242', 'R00879', 'R01120']","[1809, 1812, 1809, 1811]",['multi_match'],True
222,4,"['C00294', 'R00311', 'R01745', 'R02569']","[1803, 1806, 1803, 1803]",['multi_match'],True
223,5,"['C00295', 'C00717', 'R00075', 'R01881', 'R02626']","[1816, 1811, 1811, 1814, 1810]","['multi_match', 'birth_year_conflict']",True
224,5,"['C00296', 'C00885', 'R00241', 'R02421', 'R02799']","[1827, 1831, 1829, 1829, 1826]","['multi_match', 'birth_year_conflict']",True
225,4,"['C00297', 'C02706', 'R00231', 'R02172']","[1828, 1826, 1822, 1828]","['multi_match', 'birth_year_conflict']",True
226,2,"['C00299', 'R01046']","[1828, 1827]",[],False
227,2,"['C00301', 'R02609']","[1824, 1825]",[],False
228,4,"['C00303', 'C02938', 'R01298', 'R01988']","[1830, 1830, 1829, 1827]",['multi_match'],True
229,2,"['C00305', 'R01924']","[1804, 1803]",[],False
230,2,"['C00306', 'R02315']","[1795, 1797]",[],False
231,2,"['C00307', 'R02438']","[1838, 1837]",[],False
232,7,"['C00308', 'C00451', 'C00751', 'C00854', 'R00646', 'R01865', 'R01910']","[1806, 1802, 1806, 1798, 1804, 1800, 1805]","['multi_match', 'birth_year_conflict']",True
233,2,"['C00311', 'R00084']","[1835, 1835]",[],False
234,2,"['C00312', 'R00779']","[1786, 1785]",[],False
235,2,"['C00313', 'R01697']","[1784, 1786]",[],False
236,24,"['C00314', 'C00429', 'C00580', 'C00773', 'C00803', 'C01070', 'C01376', 'C01577', 'C01916', 'C01962', 'C02393', 'C02944', 'R00060', 'R00133', 'R00960', 'R01301', 'R01351', 'R01499', 'R01584', 'R02358', 'R02578', 'R02587', 'R02745', 'R02848']","[1801, 1804, 1800, 1797, 1806, 1804, 1803, 1801, 1803, 1801, 1795, 1804, 1804, 1801, 1801, 1802, 1803, 1805, 1803, 1799, 1802, 1804, 1802, 1810]","['multi_match', 'birth_year_conflict']",True
237,4,"['C00315', 'C00448', 'R00819', 'R02147']","[1803, 1804, 1808, 1807]","['multi_match', 'birth_year_conflict']",True
238,6,"['C00316', 'C01368', 'C01648', 'R01240', 'R01471', 'R01939']","[1809, 1811, 1807, 1812, 1808, 1807]","['multi_match', 'birth_year_conflict']",True
239,2,"['C00318', 'R02079']","[1794, 1793]",[],False
240,5,"['C00319', 'C00692', 'C02707', 'R00485', 'R02519']","[1799, 1800, 1799, 1799, 1800]",['multi_match'],True
241,4,"['C00320', 'C01937', 'R02466', 'R02822']","[1812, 1814, 1812, 1812]",['multi_match'],True
242,2,"['C00322', 'R00520']","[1810, 1808]",[],False
243,7,"['C00323', 'C00616', 'C01533', 'C02797', 'R00651', 'R00734', 'R02973']","[1825, 1824, 1820, 1815, 1815, 1827, 1820]","['multi_match', 'birth_year_conflict']",True
244,2,"['C00324', 'R02392']","[1813, 1810]",[],False
245,3,"['C00325', 'C00362', 'R02306']","[1791, 1792, 1790]",['multi_match'],True
246,2,"['C00326', 'R01496']","[1831, 1831]",[],False
247,6,"['C00327', 'C00833', 'C02687', 'R00832', 'R02076', 'R02679']","[1831, 1835, 1830, 1833, 1833, 1830]","['multi_match', 'birth_year_conflict']",True
248,4,"['C00328', 'C02540', 'R01050', 'R01718']","[1811, 1812, 1812, 1812]",['multi_match'],True
249,9,"['C00329', 'C01000', 'C01126', 'C01596', 'C02287', 'R00558', 'R00578', 'R00805', 'R01863']","[1796, 1794, 1796, 1797, 1798, 1799, 1790, 1796, 1793]","['multi_match', 'birth_year_conflict']",True
250,7,"['C00330', 'C01215', 'C02029', 'C02233', 'R00921', 'R01391', 'R02072']","[1811, 1817, 1813, 1810, 1812, 1817, 1811]","['multi_match', 'birth_year_conflict']",True
251,4,"['C00331', 'C02487', 'R00714', 'R01660']","[1781, 1781, 1782, 1784]",['multi_match'],True
252,5,"['C00332', 'C02674', 'C02957', 'R01293', 'R02381']","[1822, 1817, 1820, 1822, 1817]","['multi_match', 'birth_year_conflict']",True
253,2,"['C00333', 'R02629']","[1789, 1786]",[],False
254,2,"['C00334', 'R02088']","[1789, 1788]",[],False
255,9,"['C00336', 'C01124', 'C02167', 'C02247', 'C02492', 'R00218', 'R00904', 'R01143', 'R01401']","[1782, 1783, 1788, 1794, 1793, 1792, 1788, 1779, 1784]","['multi_match', 'birth_year_conflict']",True
256,7,"['C00337', 'C00618', 'C02089', 'R00964', 'R01319', 'R02255', 'R02613']","[1837, 1825, 1837, 1825, 1830, 1836, 1832]","['multi_match', 'birth_year_conflict']",True
257,2,"['C00338', 'R01678']","[1838, 1836]",[],False
258,6,"['C00339', 'C00868', 'C02241', 'R00189', 'R00926', 'R02830']","[1795, 1799, 1795, 1803, 1803, 1797]","['multi_match', 'birth_year_conflict']",True
259,7,"['C00340', 'C00597', 'C01381', 'C01398', 'R00288', 'R00349', 'R02164']","[1784, 1783, 1780, 1787, 1780, 1788, 1782]","['multi_match', 'birth_year_conflict']",True
260,2,"['C00341', 'R02977']","[1840, 1838]",[],False
261,3,"['C00343', 'C02693', 'R01023']","[1801, 1801, 1802]",['multi_match'],True
262,3,"['C00344', 'C00620', 'R00804']","[1823, 1820, 1823]",['multi_match'],True
263,2,"['C00345', 'R00226']","[1788, 1789]",[],False
264,7,"['C00346', 'C01242', 'C01928', 'R00025', 'R00161', 'R01735', 'R01978']","[1839, 1837, 1839, 1838, 1838, 1835, 1837]","['multi_match', 'birth_year_conflict']",True
265,2,"['C00347', 'R01759']","[1821, 1819]",[],False
266,3,"['C00348', 'C02668', 'R00482']","[1834, 1837, 1837]",['multi_match'],True
267,3,"['C00349', 'C02592', 'R00186']","[1810, 1808, 1811]",['multi_match'],True
268,6,"['C00350', 'C01760', 'C02413', 'R01341', 'R01464', 'R02604']","[1800, 1796, 1797, 1800, 1801, 1799]","['multi_match', 'birth_year_conflict']",True
269,2,"['C00352', 'R00122']","[1825, 1823]",[],False
270,4,"['C00355', 'C00509', 'R01638', 'R02843']","[1829, 1828, 1829, 1831]",['multi_match'],True
271,4,"['C00358', 'C02908', 'R01895', 'R02826']","[1813, 1810, 1806, 1813]","['multi_match', 'birth_year_conflict']",True
272,4,"['C00359', 'C00604', 'R00745', 'R02951']","[1802, 1804, 1804, 1800]","['multi_match', 'birth_year_conflict']",True
273,7,"['C00360', 'C01091', 'C01171', 'C02056', 'R00949', 'R01336', 'R02156']","[1807, 1810, 1809, 1809, 1810, 1813, 1807]","['multi_match', 'birth_year_conflict']",True
274,2,"['C00361', 'R02751']","[1836, 1836]",[],False
275,9,"['C00363', 'C00771', 'C02446', 'C02483', 'R00389', 'R01191', 'R01637', 'R02022', 'R02695']","[1816, 1813, 1806, 1807, 1810, 1818, 1805, 1805, 1814]","['multi_match', 'birth_year_conflict']",True
276,16,"['C00364', 'C00595', 'C00663', 'C00757', 'C01460', 'C01573', 'C01621', 'R00128', 'R00473', 'R00699', 'R00857', 'R00940', 'R00970', 'R01721', 'R01952', 'R02784']","[1801, 1802, 1794, 1801, 1806, 1806, 1800, 1801, 1803, 1797, 1801, 1797, 1794, 1805, 1790, 1798]","['multi_match', 'birth_year_conflict']",True
277,4,"['C00365', 'C01250', 'C01551', 'R02135']","[1827, 1819, 1822, 1823]","['multi_match', 'birth_year_conflict']",True
278,2,"['C00367', 'R01816']","[1812, 1812]",[],False
279,4,"['C00368', 'C01828', 'R00696', 'R01888']","[1834, 1840, 1837, 1835]","['multi_match', 'birth_year_conflict']",True
280,3,"['C00370', 'R00020', 'R02347']","[1836, 1833, 1835]",['multi_match'],True
281,2,"['C00372', 'R01641']","[1823, 1823]",[],False
282,3,"['C00374', 'R00898', 'R02398']","[1834, 1833, 1836]",['multi_match'],True
283,2,"['C00375', 'R00408']","[1822, 1821]",[],False
284,10,"['C00376', 'C00861', 'C01454', 'C01560', 'C01614', 'R00094', 'R00797', 'R00846', 'R02363', 'R02477']","[1823, 1814, 1823, 1820, 1820, 1821, 1818, 1820, 1814, 1822]","['multi_match', 'birth_year_conflict']",True
285,4,"['C00379', 'C02102', 'R01564', 'R02463']","[1830, 1839, 1836, 1833]","['multi_match', 'birth_year_conflict']",True
286,3,"['C00380', 'C02963', 'R02508']","[1781, 1784, 1784]",['multi_match'],True
287,2,"['C00381', 'R01700']","[1792, 1791]",[],False
288,2,"['C00382', 'R01722']","[1837, 1836]",[],False
289,2,"['C00383', 'R02444']","[1790, 1790]",[],False
290,9,"['C00384', 'C01407', 'C02139', 'C02218', 'C02277', 'R00903', 'R01427', 'R02048', 'R02926']","[1787, 1788, 1781, 1779, 1784, 1783, 1782, 1787, 1785]","['multi_match', 'birth_year_conflict']",True
291,5,"['C00386', 'C00506', 'C01478', 'R00833', 'R02516']","[1801, 1802, 1801, 1803, 1804]",['multi_match'],True
292,5,"['C00388', 'C02625', 'R01231', 'R02086', 'R02214']","[1786, 1788, 1787, 1779, 1783]","['multi_match', 'birth_year_conflict']",True
293,7,"['C00389', 'C00548', 'C02560', 'C02653', 'R01539', 'R01855', 'R02979']","[1801, 1805, 1805, 1802, 1808, 1805, 1803]","['multi_match', 'birth_year_conflict']",True
294,2,"['C00390', 'R01552']","[1826, 1828]",[],False
295,6,"['C00391', 'C02462', 'R00605', 'R00916', 'R01460', 'R02819']","[1799, 1804, 1802, 1798, 1800, 1803]","['multi_match', 'birth_year_conflict']",True
296,5,"['C00392', 'C01571', 'C02649', 'R02382', 'R02721']","[1815, 1819, 1814, 1816, 1818]","['multi_match', 'birth_year_conflict']",True
297,2,"['C00396', 'R00638']","[1830, 1828]",[],False
298,7,"['C00397', 'C01350', 'C01409', 'C02018', 'R01540', 'R02126', 'R02410']","[1795, 1795, 1789, 1789, 1796, 1792, 1797]","['multi_match', 'birth_year_conflict']",True
299,2,"['C00400', 'R00641']","[1828, 1830]",[],False
300,4,"['C00401', 'R01487', 'R01699', 'R02399']","[1814, 1817, 1815, 1811]","['multi_match', 'birth_year_conflict']",True
301,5,"['C00402', 'C01534', 'C02760', 'R01993', 'R02534']","[1812, 1812, 1813, 1811, 1811]",['multi_match'],True
302,6,"['C00404', 'C00844', 'C02185', 'R00290', 'R00391', 'R02686']","[1805, 1806, 1800, 1800, 1806, 1804]","['multi_match', 'birth_year_conflict']",True
303,3,"['C00405', 'C02345', 'R01433']","[1840, 1840, 1839]",['multi_match'],True
304,2,"['C00406', 'R01906']","[1824, 1821]",[],False
305,6,"['C00407', 'C01310', 'C01362', 'R00396', 'R00941', 'R01752']","[1805, 1812, 1813, 1808, 1810, 1805]","['multi_match', 'birth_year_conflict']",True
306,4,"['C00409', 'C02285', 'R01484', 'R01626']","[1808, 1808, 1808, 1806]",['multi_match'],True
307,9,"['C00410', 'C01196', 'C01508', 'C02389', 'R00217', 'R01057', 'R01220', 'R02109', 'R02777']","[1818, 1820, 1812, 1821, 1823, 1817, 1816, 1823, 1813]","['multi_match', 'birth_year_conflict']",True
308,4,"['C00412', 'C01270', 'R00628', 'R01439']","[1805, 1808, 1806, 1806]",['multi_match'],True
309,5,"['C00413', 'C02035', 'C02474', 'R00969', 'R01648']","[1803, 1799, 1800, 1798, 1802]","['multi_match', 'birth_year_conflict']",True
310,2,"['C00414', 'R02829']","[1783, 1783]",[],False
311,3,"['C00416', 'R00821', 'R01892']","[1835, 1838, 1836]",['multi_match'],True
312,2,"['C00417', 'R00587']","[1800, 1801]",[],False
313,2,"['C00419', 'R00853']","[1780, 1780]",[],False
314,4,"['C00420', 'C02481', 'R02188', 'R02471']","[1837, 1838, 1838, 1837]",['multi_match'],True
315,10,"['C00421', 'C00541', 'C01233', 'C02224', 'C02933', 'R00167', 'R00671', 'R00675', 'R01009', 'R02030']","[1804, 1818, 1814, 1808, 1815, 1815, 1817, 1812, 1820, 1814]","['multi_match', 'birth_year_conflict']",True
316,3,"['C00422', 'C00489', 'R00512']","[1797, 1793, 1797]","['multi_match', 'birth_year_conflict']",True
317,4,"['C00423', 'C01108', 'R00897', 'R01414']","[1800, 1800, 1798, 1800]",['multi_match'],True
318,6,"['C00425', 'C01041', 'C01455', 'R00156', 'R01177', 'R02258']","[1804, 1804, 1802, 1804, 1804, 1804]",['multi_match'],True
319,4,"['C00426', 'C01645', 'R00296', 'R00546']","[1797, 1797, 1799, 1795]","['multi_match', 'birth_year_conflict']",True
320,2,"['C00430', 'R01317']","[1808, 1805]",[],False
321,4,"['C00432', 'C02454', 'R01945', 'R02175']","[1812, 1813, 1813, 1811]",['multi_match'],True
322,12,"['C00433', 'C00769', 'C01090', 'C01361', 'C02207', 'C02409', 'R00219', 'R00657', 'R01448', 'R01625', 'R02299', 'R02896']","[1826, 1809, 1829, 1822, 1829, 1821, 1819, 1821, 1812, 1829, 1810, 1826]","['multi_match', 'birth_year_conflict']",True
323,3,"['C00434', 'C01061', 'R01985']","[1808, 1810, 1807]",['multi_match'],True
324,3,"['C00435', 'R01072', 'R02069']","[1824, 1821, 1822]",['multi_match'],True
325,7,"['C00437', 'C00804', 'C01525', 'C01647', 'C02714', 'R00697', 'R02627']","[1814, 1816, 1814, 1820, 1810, 1818, 1817]","['multi_match', 'birth_year_conflict']",True
326,3,"['C00438', 'R00006', 'R02737']","[1838, 1838, 1836]",['multi_match'],True
327,5,"['C00440', 'C01335', 'C02341', 'R01521', 'R02181']","[1790, 1792, 1791, 1791, 1794]","['multi_match', 'birth_year_conflict']",True
328,11,"['C00441', 'C00733', 'C01403', 'C01954', 'C02276', 'C02327', 'R00429', 'R00681', 'R00738', 'R02066', 'R02112']","[1808, 1807, 1810, 1815, 1816, 1811, 1812, 1810, 1820, 1820, 1810]","['multi_match', 'birth_year_conflict']",True
329,2,"['C00442', 'R01145']","[1825, 1826]",[],False
330,3,"['C00443', 'C00924', 'R00223']","[1789, 1792, 1786]","['multi_match', 'birth_year_conflict']",True
331,5,"['C00444', 'C01096', 'C02450', 'R01018', 'R01215']","[1775, 1783, 1778, 1781, 1779]","['multi_match', 'birth_year_conflict']",True
332,2,"['C00445', 'R00310']","[1825, 1826]",[],False
333,19,"['C00447', 'C00966', 'C00979', 'C01214', 'C01599', 'C01672', 'C01827', 'C02290', 'C02357', 'C02607', 'R00347', 'R00381', 'R00917', 'R01358', 'R01937', 'R02284', 'R02365', 'R02550', 'R02890']","[1808, 1803, 1804, 1803, 1806, 1807, 1805, 1810, 1807, 1810, 1808, 1811, 1810, 1803, 1813, 1809, 1808, 1805, 1807]","['multi_match', 'birth_year_conflict']",True
334,3,"['C00449', 'C02170', 'R01588']","[1821, 1819, 1817]","['multi_match', 'birth_year_conflict']",True
335,2,"['C00450', 'R01329']","[1798, 1797]",[],False
336,3,"['C00452', 'C01348', 'R00317']","[1791, 1790, 1793]",['multi_match'],True
337,4,"['C00454', 'C02370', 'R00179', 'R00492']","[1798, 1796, 1796, 1798]",['multi_match'],True
338,7,"['C00455', 'C02034', 'C02365', 'C02548', 'R00956', 'R01783', 'R01941']","[1814, 1813, 1816, 1819, 1815, 1822, 1818]","['multi_match', 'birth_year_conflict']",True
339,3,"['C00459', 'C01217', 'R00862']","[1796, 1799, 1795]","['multi_match', 'birth_year_conflict']",True
340,2,"['C00461', 'R01154']","[1823, 1822]",[],False
341,4,"['C00463', 'C01958', 'C02654', 'R02170']","[1825, 1824, 1825, 1827]",['multi_match'],True
342,5,"['C00464', 'C00737', 'C02916', 'R01313', 'R01751']","[1779, 1788, 1783, 1785, 1780]","['multi_match', 'birth_year_conflict']",True
343,3,"['C00465', 'C02309', 'R01480']","[1822, 1824, 1825]",['multi_match'],True
344,3,"['C00467', 'R00021', 'R01822']","[1793, 1794, 1797]","['multi_match', 'birth_year_conflict']",True
345,4,"['C00468', 'C01722', 'R01543', 'R02984']","[1786, 1785, 1784, 1787]",['multi_match'],True
346,7,"['C00469', 'C00714', 'C00929', 'C00980', 'R00678', 'R00700', 'R01509']","[1793, 1786, 1786, 1792, 1790, 1793, 1789]","['multi_match', 'birth_year_conflict']",True
347,11,"['C00470', 'C00776', 'C00891', 'C01366', 'C01795', 'C02847', 'R00159', 'R00191', 'R00750', 'R01476', 'R02882']","[1821, 1819, 1830, 1823, 1821, 1824, 1828, 1828, 1822, 1823, 1831]","['multi_match', 'birth_year_conflict']",True
348,2,"['C00471', 'R01942']","[1784, 1786]",[],False
349,2,"['C00474', 'R01760']","[1788, 1789]",[],False
350,2,"['C00475', 'R02754']","[1812, 1811]",[],False
351,2,"['C00476', 'R00289']","[1800, 1798]",[],False
352,2,"['C00477', 'R02837']","[1827, 1828]",[],False
353,3,"['C00479', 'C01463', 'R01089']","[1791, 1788, 1787]","['multi_match', 'birth_year_conflict']",True
354,2,"['C00480', 'R02859']","[1802, 1805]",[],False
355,2,"['C00481', 'R00496']","[1803, 1803]",[],False
356,6,"['C00482', 'C01159', 'C02900', 'R00410', 'R01928', 'R02989']","[1799, 1797, 1799, 1801, 1797, 1800]","['multi_match', 'birth_year_conflict']",True
357,2,"['C00483', 'R01702']","[1789, 1793]",['birth_year_conflict'],True
358,4,"['C00484', 'C02143', 'R00017', 'R00437']","[1836, 1834, 1834, 1837]",['multi_match'],True
359,3,"['C00486', 'C02628', 'R00967']","[1819, 1819, 1820]",['multi_match'],True
360,2,"['C00488', 'R00433']","[1783, 1785]",[],False
361,3,"['C00490', 'C01127', 'R00481']","[1787, 1785, 1786]",['multi_match'],True
362,2,"['C00491', 'R01188']","[1840, 1840]",[],False
363,2,"['C00492', 'R01353']","[1799, 1796]",[],False
364,5,"['C00493', 'C01054', 'C01848', 'R01064', 'R02622']","[1783, 1786, 1781, 1787, 1782]","['multi_match', 'birth_year_conflict']",True
365,2,"['C00494', 'R00514']","[1828, 1827]",[],False
366,2,"['C00495', 'R00439']","[1828, 1827]",[],False
367,2,"['C00496', 'R01520']","[1832, 1833]",[],False
368,4,"['C00499', 'C01774', 'R00013', 'R00221']","[1786, 1785, 1785, 1787]",['multi_match'],True
369,5,"['C00501', 'C01452', 'C02149', 'R00950', 'R01859']","[1782, 1784, 1782, 1781, 1783]",['multi_match'],True
370,5,"['C00502', 'C00888', 'C02368', 'R00446', 'R01006']","[1832, 1830, 1830, 1837, 1836]","['multi_match', 'birth_year_conflict']",True
371,3,"['C00503', 'C00658', 'R01309']","[1841, 1841, 1840]",['multi_match'],True
372,2,"['C00505', 'R00716']","[1831, 1830]",[],False
373,3,"['C00507', 'C02586', 'R00360']","[1839, 1837, 1838]",['multi_match'],True
374,4,"['C00510', 'C01029', 'R01639', 'R02996']","[1809, 1811, 1812, 1808]","['multi_match', 'birth_year_conflict']",True
375,4,"['C00511', 'C00763', 'R00749', 'R02429']","[1808, 1805, 1805, 1805]",['multi_match'],True
376,11,"['C00512', 'C00518', 'C01439', 'C01945', 'C02066', 'C02077', 'R01164', 'R01410', 'R01522', 'R01714', 'R02562']","[1815, 1819, 1817, 1825, 1819, 1816, 1823, 1816, 1815, 1815, 1817]","['multi_match', 'birth_year_conflict']",True
377,3,"['C00513', 'R01098', 'R02196']","[1836, 1835, 1836]",['multi_match'],True
378,4,"['C00515', 'C02512', 'R00301', 'R00885']","[1780, 1781, 1783, 1779]","['multi_match', 'birth_year_conflict']",True
379,2,"['C00517', 'R02102']","[1798, 1799]",[],False
380,5,"['C00519', 'C01831', 'R01634', 'R02099', 'R02540']","[1812, 1815, 1813, 1813, 1812]",['multi_match'],True
381,9,"['C00520', 'C00754', 'C00841', 'C01890', 'R00416', 'R00564', 'R01434', 'R01802', 'R02958']","[1842, 1835, 1837, 1834, 1827, 1839, 1840, 1827, 1825]","['multi_match', 'birth_year_conflict']",True
382,2,"['C00521', 'R00513']","[1837, 1840]",[],False
383,3,"['C00522', 'R00354', 'R01178']","[1802, 1802, 1804]",['multi_match'],True
384,2,"['C00525', 'R00256']","[1787, 1786]",[],False
385,2,"['C00526', 'R00448']","[1828, 1827]",[],False
386,8,"['C00527', 'C01253', 'C01266', 'C01938', 'R00415', 'R00676', 'R02163', 'R02348']","[1809, 1807, 1810, 1811, 1810, 1814, 1810, 1808]","['multi_match', 'birth_year_conflict']",True
387,3,"['C00529', 'R00248', 'R00787']","[1811, 1811, 1811]",['multi_match'],True
388,4,"['C00530', 'C02489', 'R00659', 'R01768']","[1805, 1808, 1809, 1806]","['multi_match', 'birth_year_conflict']",True
389,2,"['C00531', 'R01623']","[1778, 1782]",['birth_year_conflict'],True
390,4,"['C00532', 'C00627', 'R00369', 'R01755']","[1805, 1805, 1798, 1802]","['multi_match', 'birth_year_conflict']",True
391,5,"['C00533', 'C00831', 'R01354', 'R02019', 'R02396']","[1780, 1782, 1782, 1780, 1781]",['multi_match'],True
392,2,"['C00534', 'R02956']","[1781, 1781]",[],False
393,2,"['C00536', 'R00954']","[1819, 1818]",[],False
394,3,"['C00537', 'C01505', 'R00621']","[1837, 1835, 1837]",['multi_match'],True
395,5,"['C00538', 'C01942', 'C02311', 'R00694', 'R01810']","[1806, 1801, 1806, 1803, 1801]","['multi_match', 'birth_year_conflict']",True
396,6,"['C00540', 'C00992', 'C01768', 'R00977', 'R01834', 'R02204']","[1798, 1792, 1797, 1791, 1795, 1795]","['multi_match', 'birth_year_conflict']",True
397,2,"['C00542', 'R02602']","[1805, 1805]",[],False
398,17,"['C00543', 'C00705', 'C01094', 'C01314', 'C01526', 'C01605', 'C01676', 'C02319', 'C02819', 'R00585', 'R00686', 'R00748', 'R00888', 'R01819', 'R02411', 'R02482', 'R02847']","[1796, 1792, 1798, 1796, 1797, 1795, 1799, 1800, 1799, 1798, 1792, 1796, 1799, 1802, 1801, 1795, 1801]","['multi_match', 'birth_year_conflict']",True
399,2,"['C00544', 'R01222']","[1790, 1789]",[],False
400,4,"['C00545', 'C02418', 'R00014', 'R01404']","[1838, 1836, 1838, 1839]",['multi_match'],True
401,2,"['C00546', 'R02247']","[1788, 1788]",[],False
402,3,"['C00547', 'R01640', 'R02811']","[1801, 1801, 1804]",['multi_match'],True
403,3,"['C00550', 'C01182', 'R01902']","[1804, 1801, 1804]",['multi_match'],True
404,2,"['C00553', 'R00543']","[1782, 1779]",[],False
405,2,"['C00554', 'R02581']","[1827, 1827]",[],False
406,3,"['C00555', 'C00611', 'R01918']","[1829, 1819, 1820]","['multi_match', 'birth_year_conflict']",True
407,6,"['C00556', 'C01290', 'C01894', 'C02161', 'R00366', 'R01369']","[1803, 1803, 1800, 1806, 1805, 1800]","['multi_match', 'birth_year_conflict']",True
408,4,"['C00557', 'R00364', 'R00693', 'R02301']","[1810, 1810, 1807, 1807]",['multi_match'],True
409,10,"['C00558', 'C01174', 'C01888', 'C02308', 'C02683', 'R00692', 'R00816', 'R01453', 'R01665', 'R02140']","[1801, 1804, 1809, 1810, 1804, 1804, 1799, 1805, 1796, 1797]","['multi_match', 'birth_year_conflict']",True
410,3,"['C00560', 'R00319', 'R02068']","[1835, 1837, 1837]",['multi_match'],True
411,2,"['C00562', 'R00287']","[1839, 1838]",[],False
412,2,"['C00563', 'R01667']","[1781, 1781]",[],False
413,4,"['C00564', 'C01469', 'R00523', 'R00529']","[1813, 1816, 1820, 1818]","['multi_match', 'birth_year_conflict']",True
414,7,"['C00565', 'C00935', 'C01077', 'C01183', 'R00136', 'R02354', 'R02603']","[1829, 1831, 1827, 1837, 1830, 1832, 1834]","['multi_match', 'birth_year_conflict']",True
415,14,"['C00567', 'C00955', 'C00999', 'C01237', 'C01360', 'C01623', 'R00502', 'R00542', 'R00574', 'R00807', 'R00919', 'R01518', 'R01610', 'R02439']","[1813, 1829, 1814, 1810, 1809, 1816, 1827, 1814, 1820, 1815, 1809, 1814, 1813, 1818]","['multi_match', 'birth_year_conflict']",True
416,2,"['C00569', 'R02261']","[1801, 1803]",[],False
417,3,"['C00570', 'C02634', 'R02732']","[1793, 1796, 1793]",['multi_match'],True
418,4,"['C00571', 'C01555', 'R00012', 'R01103']","[1797, 1798, 1798, 1798]",['multi_match'],True
419,2,"['C00572', 'R01090']","[1811, 1812]",[],False
420,2,"['C00573', 'R00184']","[1815, 1815]",[],False
421,2,"['C00574', 'R02796']","[1825, 1823]",[],False
422,2,"['C00578', 'R01074']","[1804, 1803]",[],False
423,5,"['C00579', 'C01084', 'C02977', 'R02266', 'R02499']","[1827, 1831, 1823, 1827, 1827]","['multi_match', 'birth_year_conflict']",True
424,2,"['C00581', 'R01766']","[1794, 1796]",[],False
425,2,"['C00582', 'R02065']","[1784, 1785]",[],False
426,2,"['C00584', 'R00533']","[1815, 1819]",['birth_year_conflict'],True
427,2,"['C00585', 'R02269']","[1793, 1793]",[],False
428,5,"['C00586', 'C00886', 'C02386', 'R02047', 'R02542']","[1835, 1835, 1835, 1835, 1839]","['multi_match', 'birth_year_conflict']",True
429,2,"['C00587', 'R01278']","[1839, 1839]",[],False
430,8,"['C00588', 'C01143', 'C01865', 'R00181', 'R00464', 'R01435', 'R02043', 'R02902']","[1793, 1793, 1788, 1790, 1793, 1797, 1789, 1795]","['multi_match', 'birth_year_conflict']",True
431,3,"['C00590', 'R01346', 'R02514']","[1784, 1779, 1783]","['multi_match', 'birth_year_conflict']",True
432,2,"['C00592', 'R02914']","[1827, 1827]",[],False
433,3,"['C00593', 'C00758', 'R00283']","[1804, 1806, 1803]",['multi_match'],True
434,4,"['C00594', 'C01583', 'R02449', 'R02710']","[1790, 1792, 1791, 1790]",['multi_match'],True
435,4,"['C00598', 'C02599', 'R00038', 'R01833']","[1833, 1834, 1831, 1829]","['multi_match', 'birth_year_conflict']",True
436,6,"['C00599', 'C00894', 'C01122', 'R01200', 'R01211', 'R02219']","[1829, 1820, 1820, 1828, 1819, 1818]","['multi_match', 'birth_year_conflict']",True
437,6,"['C00601', 'C00646', 'C01247', 'R00036', 'R00600', 'R01689']","[1814, 1805, 1814, 1818, 1820, 1811]","['multi_match', 'birth_year_conflict']",True
438,4,"['C00603', 'C02941', 'R01016', 'R01186']","[1839, 1834, 1833, 1838]","['multi_match', 'birth_year_conflict']",True
439,5,"['C00606', 'C02383', 'R01586', 'R01764', 'R02217']","[1826, 1830, 1831, 1828, 1825]","['multi_match', 'birth_year_conflict']",True
440,2,"['C00607', 'R02176']","[1793, 1791]",[],False
441,4,"['C00609', 'C01153', 'R00037', 'R02741']","[1825, 1824, 1826, 1824]",['multi_match'],True
442,3,"['C00610', 'C01200', 'R02300']","[1787, 1788, 1792]","['multi_match', 'birth_year_conflict']",True
443,2,"['C00613', 'R01912']","[1799, 1798]",[],False
444,7,"['C00614', 'C00740', 'C02678', 'C02926', 'R00297', 'R01262', 'R02698']","[1805, 1803, 1812, 1801, 1806, 1813, 1809]","['multi_match', 'birth_year_conflict']",True
445,6,"['C00615', 'C01098', 'C02986', 'R00424', 'R00796', 'R02763']","[1800, 1810, 1799, 1801, 1799, 1809]","['multi_match', 'birth_year_conflict']",True
446,4,"['C00617', 'C01453', 'R00220', 'R01027']","[1793, 1793, 1791, 1790]",['multi_match'],True
447,5,"['C00619', 'C02111', 'R00056', 'R00444', 'R00566']","[1796, 1799, 1797, 1796, 1796]",['multi_match'],True
448,4,"['C00621', 'C01272', 'R00771', 'R02459']","[1825, 1818, 1820, 1824]","['multi_match', 'birth_year_conflict']",True
449,2,"['C00622', 'R02453']","[1782, 1781]",[],False
450,2,"['C00624', 'R00873']","[1789, 1787]",[],False
451,6,"['C00625', 'C01632', 'C02470', 'R01383', 'R01633', 'R01854']","[1813, 1814, 1811, 1815, 1811, 1814]","['multi_match', 'birth_year_conflict']",True
452,4,"['C00628', 'C02373', 'R00305', 'R01716']","[1836, 1833, 1837, 1831]","['multi_match', 'birth_year_conflict']",True
453,6,"['C00629', 'C01677', 'C01989', 'R01481', 'R02053', 'R02661']","[1820, 1822, 1825, 1821, 1824, 1818]","['multi_match', 'birth_year_conflict']",True
454,5,"['C00630', 'C01652', 'C02128', 'R00480', 'R02162']","[1838, 1829, 1831, 1831, 1835]","['multi_match', 'birth_year_conflict']",True
455,4,"['C00632', 'C01152', 'R00765', 'R01713']","[1839, 1841, 1840, 1841]",['multi_match'],True
456,5,"['C00634', 'C02444', 'C02816', 'R00346', 'R01047']","[1812, 1808, 1808, 1812, 1804]","['multi_match', 'birth_year_conflict']",True
457,2,"['C00635', 'R01498']","[1815, 1814]",[],False
458,2,"['C00636', 'R02328']","[1824, 1823]",[],False
459,16,"['C00638', 'C00738', 'C01195', 'C02371', 'C02466', 'C02783', 'C02849', 'C02991', 'R00140', 'R00309', 'R00778', 'R01102', 'R01676', 'R01739', 'R02282', 'R02311']","[1828, 1834, 1829, 1817, 1815, 1825, 1822, 1831, 1829, 1827, 1830, 1829, 1820, 1820, 1817, 1820]","['multi_match', 'birth_year_conflict']",True
460,3,"['C00639', 'R02727', 'R02846']","[1807, 1809, 1810]",['multi_match'],True
461,2,"['C00641', 'R00663']","[1791, 1793]",[],False
462,4,"['C00642', 'C02310', 'R01749', 'R02731']","[1791, 1793, 1790, 1792]",['multi_match'],True
463,3,"['C00644', 'C02045', 'R01982']","[1836, 1834, 1835]",['multi_match'],True
464,2,"['C00645', 'R01494']","[1815, 1814]",[],False
465,2,"['C00647', 'R00690']","[1817, 1818]",[],False
466,2,"['C00648', 'R01835']","[1803, 1802]",[],False
467,2,"['C00649', 'R00731']","[1816, 1818]",[],False
468,2,"['C00650', 'R00409']","[1816, 1815]",[],False
469,7,"['C00651', 'C01933', 'C02095', 'R00592', 'R01246', 'R01271', 'R02681']","[1804, 1808, 1804, 1802, 1812, 1806, 1806]","['multi_match', 'birth_year_conflict']",True
470,3,"['C00652', 'C01978', 'R00063']","[1799, 1802, 1799]",['multi_match'],True
471,3,"['C00653', 'C02458', 'R01002']","[1842, 1837, 1839]","['multi_match', 'birth_year_conflict']",True
472,4,"['C00654', 'C02157', 'R00725', 'R02294']","[1836, 1836, 1837, 1837]",['multi_match'],True
473,2,"['C00657', 'R00266']","[1828, 1828]",[],False
474,3,"['C00659', 'R00674', 'R02883']","[1792, 1790, 1793]",['multi_match'],True
475,2,"['C00660', 'R02697']","[1839, 1837]",[],False
476,3,"['C00661', 'R00645', 'R02193']","[1809, 1805, 1807]","['multi_match', 'birth_year_conflict']",True
477,5,"['C00662', 'C01205', 'C02652', 'R00284', 'R01748']","[1803, 1801, 1805, 1805, 1798]","['multi_match', 'birth_year_conflict']",True
478,9,"['C00664', 'C00684', 'C01437', 'C01447', 'R00373', 'R00865', 'R01797', 'R01927', 'R02701']","[1832, 1826, 1827, 1831, 1822, 1830, 1819, 1821, 1825]","['multi_match', 'birth_year_conflict']",True
479,3,"['C00665', 'R01914', 'R02169']","[1790, 1788, 1792]","['multi_match', 'birth_year_conflict']",True
480,2,"['C00667', 'R00632']","[1828, 1830]",[],False
481,2,"['C00668', 'R00721']","[1803, 1803]",[],False
482,2,"['C00670', 'R01580']","[1790, 1791]",[],False
483,2,"['C00671', 'R02428']","[1812, 1811]",[],False
484,2,"['C00672', 'R02863']","[1789, 1787]",[],False
485,2,"['C00673', 'R02313']","[1806, 1806]",[],False
486,5,"['C00674', 'C01552', 'C02320', 'R00087', 'R01636']","[1811, 1815, 1807, 1817, 1808]","['multi_match', 'birth_year_conflict']",True
487,5,"['C00675', 'C00834', 'C01388', 'R00583', 'R00914']","[1807, 1806, 1804, 1808, 1808]","['multi_match', 'birth_year_conflict']",True
488,6,"['C00681', 'C00731', 'C02086', 'R01544', 'R02010', 'R02087']","[1813, 1810, 1813, 1812, 1816, 1808]","['multi_match', 'birth_year_conflict']",True
489,7,"['C00683', 'C01071', 'C01244', 'C02312', 'R00324', 'R02648', 'R02874']","[1809, 1807, 1807, 1811, 1808, 1809, 1807]","['multi_match', 'birth_year_conflict']",True
490,2,"['C00685', 'R01811']","[1839, 1840]",[],False
491,5,"['C00686', 'C01762', 'C02965', 'R00325', 'R01305']","[1798, 1797, 1800, 1803, 1800]","['multi_match', 'birth_year_conflict']",True
492,2,"['C00687', 'R01400']","[1832, 1835]",[],False
493,2,"['C00689', 'R01345']","[1835, 1836]",[],False
494,4,"['C00690', 'C01629', 'R01077', 'R01285']","[1807, 1811, 1808, 1811]","['multi_match', 'birth_year_conflict']",True
495,5,"['C00696', 'C01043', 'R01252', 'R01415', 'R02035']","[1794, 1803, 1803, 1800, 1796]","['multi_match', 'birth_year_conflict']",True
496,2,"['C00697', 'R02446']","[1805, 1806]",[],False
497,5,"['C00698', 'C00805', 'C01584', 'R01088', 'R01998']","[1797, 1796, 1794, 1790, 1796]","['multi_match', 'birth_year_conflict']",True
498,2,"['C00699', 'R00712']","[1830, 1830]",[],False
499,2,"['C00700', 'R01980']","[1786, 1786]",[],False
500,2,"['C00702', 'R00563']","[1839, 1837]",[],False
501,2,"['C00704', 'R02201']","[1813, 1814]",[],False
502,3,"['C00706', 'R01182', 'R02089']","[1784, 1785, 1785]",['multi_match'],True
503,3,"['C00707', 'R01291', 'R02988']","[1785, 1783, 1786]",['multi_match'],True
504,4,"['C00708', 'C01204', 'R01530', 'R02054']","[1807, 1805, 1806, 1803]","['multi_match', 'birth_year_conflict']",True
505,3,"['C00710', 'C02209', 'R00579']","[1803, 1807, 1805]","['multi_match', 'birth_year_conflict']",True
506,2,"['C00711', 'R02138']","[1804, 1805]",[],False
507,2,"['C00712', 'R02121']","[1801, 1801]",[],False
508,3,"['C00713', 'R00876', 'R01239']","[1839, 1836, 1836]",['multi_match'],True
509,2,"['C00715', 'R01201']","[1806, 1805]",[],False
510,4,"['C00716', 'C00790', 'R01785', 'R01903']","[1805, 1806, 1805, 1808]",['multi_match'],True
511,6,"['C00718', 'C02589', 'C02885', 'R00263', 'R01953', 'R02222']","[1822, 1819, 1818, 1818, 1821, 1823]","['multi_match', 'birth_year_conflict']",True
512,2,"['C00719', 'R01778']","[1827, 1826]",[],False
513,2,"['C00720', 'R01926']","[1796, 1796]",[],False
514,2,"['C00722', 'R01456']","[1812, 1812]",[],False
515,2,"['C00723', 'R02373']","[1807, 1807]",[],False
516,3,"['C00724', 'R00131', 'R01462']","[1789, 1787, 1789]",['multi_match'],True
517,6,"['C00726', 'C01032', 'C02259', 'R01545', 'R01992', 'R02974']","[1792, 1794, 1791, 1792, 1794, 1793]",['multi_match'],True
518,2,"['C00727', 'R00123']","[1808, 1809]",[],False
519,2,"['C00729', 'R01061']","[1824, 1825]",[],False
520,2,"['C00730', 'R02769']","[1823, 1823]",[],False
521,2,"['C00734', 'R00777']","[1783, 1781]",[],False
522,4,"['C00736', 'C02909', 'R01320', 'R02286']","[1801, 1799, 1798, 1801]",['multi_match'],True
523,4,"['C00741', 'C02578', 'R01184', 'R02235']","[1827, 1824, 1826, 1827]",['multi_match'],True
524,4,"['C00742', 'C02235', 'R00572', 'R02310']","[1820, 1822, 1820, 1821]",['multi_match'],True
525,2,"['C00743', 'R02207']","[1827, 1825]",[],False
526,2,"['C00745', 'R00524']","[1797, 1798]",[],False
527,2,"['C00746', 'R01808']","[1808, 1809]",[],False
528,2,"['C00747', 'R01613']","[1840, 1837]",[],False
529,4,"['C00748', 'C02118', 'R00933', 'R01359']","[1779, 1778, 1780, 1780]",['multi_match'],True
530,2,"['C00749', 'R00643']","[1817, 1816]",[],False
531,3,"['C00750', 'C02220', 'R00095']","[1825, 1828, 1829]","['multi_match', 'birth_year_conflict']",True
532,6,"['C00752', 'C01651', 'R01162', 'R01292', 'R01996', 'R02129']","[1833, 1832, 1834, 1835, 1831, 1835]","['multi_match', 'birth_year_conflict']",True
533,4,"['C00753', 'C00809', 'R00580', 'R02500']","[1782, 1779, 1780, 1784]","['multi_match', 'birth_year_conflict']",True
534,2,"['C00756', 'R00229']","[1789, 1788]",[],False
535,2,"['C00759', 'R00494']","[1839, 1836]",[],False
536,3,"['C00761', 'C01442', 'R00831']","[1824, 1826, 1826]",['multi_match'],True
537,2,"['C00765', 'R02295']","[1790, 1790]",[],False
538,8,"['C00766', 'C01329', 'C01716', 'C02641', 'R00452', 'R01599', 'R02798', 'R02952']","[1812, 1817, 1821, 1814, 1819, 1822, 1822, 1815]","['multi_match', 'birth_year_conflict']",True
539,5,"['C00770', 'C00837', 'C01641', 'R01003', 'R01167']","[1818, 1827, 1828, 1826, 1822]","['multi_match', 'birth_year_conflict']",True
540,2,"['C00772', 'R01156']","[1834, 1836]",[],False
541,3,"['C00774', 'C02415', 'R02197']","[1809, 1808, 1808]",['multi_match'],True
542,5,"['C00775', 'C02008', 'C02837', 'R02244', 'R02470']","[1789, 1789, 1793, 1792, 1793]","['multi_match', 'birth_year_conflict']",True
543,2,"['C00777', 'R00357']","[1786, 1783]",[],False
544,5,"['C00779', 'C02213', 'C02723', 'R01087', 'R02199']","[1818, 1821, 1824, 1825, 1818]","['multi_match', 'birth_year_conflict']",True
545,2,"['C00780', 'R02151']","[1826, 1826]",[],False
546,4,"['C00782', 'C02359', 'R01547', 'R01913']","[1786, 1785, 1783, 1784]",['multi_match'],True
547,2,"['C00785', 'R01238']","[1804, 1804]",[],False
548,2,"['C00786', 'R01655']","[1836, 1838]",[],False
549,2,"['C00787', 'R00936']","[1840, 1841]",[],False
550,4,"['C00788', 'C02863', 'R01896', 'R02546']","[1782, 1780, 1781, 1783]",['multi_match'],True
551,8,"['C00789', 'C01832', 'C02171', 'C02843', 'R00474', 'R00889', 'R02008', 'R02486']","[1811, 1814, 1808, 1813, 1811, 1808, 1810, 1814]","['multi_match', 'birth_year_conflict']",True
552,2,"['C00791', 'R00973']","[1823, 1822]",[],False
553,2,"['C00792', 'R01035']","[1812, 1814]",[],False
554,3,"['C00793', 'C01513', 'R00665']","[1834, 1833, 1831]",['multi_match'],True
555,9,"['C00794', 'C00993', 'C02075', 'C02385', 'C02642', 'R01052', 'R01488', 'R01675', 'R02715']","[1803, 1805, 1804, 1813, 1800, 1814, 1805, 1814, 1816]","['multi_match', 'birth_year_conflict']",True
556,2,"['C00795', 'R02577']","[1810, 1809]",[],False
557,2,"['C00796', 'R02771']","[1839, 1836]",[],False
558,4,"['C00799', 'C02133', 'R00610', 'R00963']","[1793, 1794, 1795, 1793]",['multi_match'],True
559,2,"['C00800', 'R00044']","[1821, 1821]",[],False
560,2,"['C00801', 'R01096']","[1781, 1784]",[],False
561,7,"['C00802', 'C01490', 'C01549', 'R00004', 'R01067', 'R02571', 'R02938']","[1823, 1824, 1829, 1821, 1821, 1817, 1822]","['multi_match', 'birth_year_conflict']",True
562,3,"['C00808', 'R01566', 'R02680']","[1800, 1800, 1802]",['multi_match'],True
563,6,"['C00810', 'C01357', 'C02227', 'R00863', 'R01747', 'R01838']","[1785, 1784, 1788, 1786, 1785, 1789]","['multi_match', 'birth_year_conflict']",True
564,2,"['C00811', 'R02383']","[1796, 1796]",[],False
565,2,"['C00812', 'R00594']","[1828, 1827]",[],False
566,5,"['C00813', 'C02226', 'R02001', 'R02016', 'R02650']","[1832, 1829, 1831, 1835, 1833]","['multi_match', 'birth_year_conflict']",True
567,2,"['C00814', 'R00375']","[1784, 1782]",[],False
568,4,"['C00817', 'C01746', 'C02737', 'R01081']","[1798, 1796, 1799, 1796]",['multi_match'],True
569,2,"['C00820', 'R00334']","[1791, 1789]",[],False
570,2,"['C00821', 'R01425']","[1796, 1795]",[],False
571,3,"['C00823', 'C01996', 'R01190']","[1803, 1800, 1799]","['multi_match', 'birth_year_conflict']",True
572,3,"['C00826', 'R00134', 'R02879']","[1831, 1829, 1828]",['multi_match'],True
573,2,"['C00830', 'R02706']","[1840, 1838]",[],False
574,3,"['C00832', 'R00584', 'R02351']","[1804, 1800, 1804]","['multi_match', 'birth_year_conflict']",True
575,2,"['C00839', 'R02906']","[1811, 1813]",[],False
576,2,"['C00840', 'R00582']","[1829, 1828]",[],False
577,2,"['C00845', 'R01255']","[1818, 1819]",[],False
578,4,"['C00846', 'C02228', 'R01276', 'R01382']","[1782, 1784, 1784, 1781]",['multi_match'],True
579,4,"['C00847', 'C02522', 'R01746', 'R02719']","[1798, 1798, 1800, 1799]",['multi_match'],True
580,2,"['C00850', 'R02709']","[1799, 1800]",[],False
581,2,"['C00851', 'R00597']","[1796, 1797]",[],False
582,3,"['C00853', 'C01983', 'R00380']","[1799, 1802, 1802]",['multi_match'],True
583,2,"['C00856', 'R02254']","[1784, 1785]",[],False
584,4,"['C00857', 'C02354', 'R02123', 'R02144']","[1837, 1835, 1838, 1842]","['multi_match', 'birth_year_conflict']",True
585,2,"['C00858', 'R02452']","[1781, 1779]",[],False
586,2,"['C00859', 'R02953']","[1778, 1782]",['birth_year_conflict'],True
587,4,"['C00860', 'C02469', 'R01053', 'R02067']","[1797, 1790, 1795, 1794]","['multi_match', 'birth_year_conflict']",True
588,2,"['C00862', 'R02356']","[1825, 1825]",[],False
589,2,"['C00863', 'R00003']","[1789, 1788]",[],False
590,4,"['C00864', 'C01341', 'R01532', 'R01940']","[1796, 1794, 1792, 1796]","['multi_match', 'birth_year_conflict']",True
591,2,"['C00866', 'R01529']","[1814, 1811]",[],False
592,6,"['C00867', 'C01030', 'C02604', 'R00115', 'R00254', 'R00522']","[1787, 1793, 1788, 1792, 1791, 1791]","['multi_match', 'birth_year_conflict']",True
593,2,"['C00869', 'R01020']","[1807, 1809]",[],False
594,2,"['C00870', 'R02876']","[1818, 1819]",[],False
595,3,"['C00871', 'R00306', 'R01251']","[1787, 1788, 1786]",['multi_match'],True
596,2,"['C00872', 'R00867']","[1789, 1792]",[],False
597,15,"['C00874', 'C01223', 'C01302', 'C01387', 'C01569', 'C01821', 'C02721', 'R00304', 'R00860', 'R01335', 'R02536', 'R02608', 'R02713', 'R02716', 'R02845']","[1835, 1838, 1836, 1831, 1834, 1831, 1831, 1831, 1836, 1830, 1837, 1834, 1834, 1832, 1836]","['multi_match', 'birth_year_conflict']",True
598,3,"['C00875', 'C01239', 'R02388']","[1834, 1835, 1836]",['multi_match'],True
599,2,"['C00877', 'R00029']","[1827, 1824]",[],False
600,2,"['C00880', 'R01253']","[1816, 1820]",['birth_year_conflict'],True
601,2,"['C00882', 'R01685']","[1788, 1787]",[],False
602,2,"['C00883', 'R01423']","[1828, 1827]",[],False
603,3,"['C00890', 'C02590', 'R00794']","[1778, 1780, 1781]",['multi_match'],True
604,2,"['C00892', 'R00680']","[1815, 1812]",[],False
605,2,"['C00893', 'R02246']","[1832, 1836]",['birth_year_conflict'],True
606,2,"['C00898', 'R02473']","[1798, 1802]",['birth_year_conflict'],True
607,2,"['C00899', 'R01948']","[1823, 1822]",[],False
608,7,"['C00901', 'C01670', 'C02661', 'C02688', 'R00242', 'R01233', 'R02594']","[1795, 1789, 1792, 1795, 1787, 1788, 1795]","['multi_match', 'birth_year_conflict']",True
609,2,"['C00905', 'R00113']","[1788, 1787]",[],False
610,7,"['C00908', 'C02269', 'C02333', 'C02955', 'R00922', 'R01704', 'R02240']","[1798, 1804, 1801, 1798, 1804, 1798, 1807]","['multi_match', 'birth_year_conflict']",True
611,2,"['C00909', 'R02458']","[1803, 1798]",['birth_year_conflict'],True
612,2,"['C00911', 'R01839']","[1823, 1827]",['birth_year_conflict'],True
613,2,"['C00912', 'R02077']","[1826, 1827]",[],False
614,3,"['C00913', 'C01712', 'R00661']","[1800, 1803, 1801]",['multi_match'],True
615,5,"['C00914', 'C02659', 'C02932', 'R00062', 'R02712']","[1828, 1830, 1826, 1829, 1823]","['multi_match', 'birth_year_conflict']",True
616,2,"['C00915', 'R00785']","[1816, 1817]",[],False
617,2,"['C00916', 'R02968']","[1820, 1820]",[],False
618,2,"['C00917', 'R01281']","[1839, 1838]",[],False
619,2,"['C00918', 'R02115']","[1823, 1823]",[],False
620,2,"['C00923', 'R01307']","[1825, 1827]",[],False
621,3,"['C00927', 'C02104', 'R01596']","[1809, 1806, 1810]","['multi_match', 'birth_year_conflict']",True
622,2,"['C00928', 'R00881']","[1832, 1833]",[],False
623,5,"['C00930', 'C01112', 'R00486', 'R02355', 'R02515']","[1833, 1832, 1830, 1836, 1830]","['multi_match', 'birth_year_conflict']",True
624,2,"['C00936', 'R01443']","[1814, 1814]",[],False
625,6,"['C00937', 'C02135', 'R00043', 'R00243', 'R02725', 'R02878']","[1797, 1800, 1799, 1798, 1802, 1799]","['multi_match', 'birth_year_conflict']",True
626,2,"['C00939', 'R02243']","[1818, 1815]",[],False
627,4,"['C00940', 'C00947', 'R00378', 'R00978']","[1820, 1822, 1822, 1820]",['multi_match'],True
628,2,"['C00942', 'R01652']","[1793, 1793]",[],False
629,6,"['C00944', 'C01680', 'C02853', 'R02007', 'R02149', 'R02666']","[1800, 1806, 1799, 1804, 1806, 1802]","['multi_match', 'birth_year_conflict']",True
630,2,"['C00945', 'R02128']","[1815, 1814]",[],False
631,5,"['C00949', 'C02289', 'R00538', 'R00739', 'R01995']","[1812, 1807, 1807, 1807, 1810]","['multi_match', 'birth_year_conflict']",True
632,4,"['C00951', 'C01972', 'R02122', 'R02326']","[1824, 1825, 1821, 1825]","['multi_match', 'birth_year_conflict']",True
633,3,"['C00953', 'R00818', 'R02478']","[1790, 1787, 1789]",['multi_match'],True
634,3,"['C00954', 'C01390', 'R02690']","[1784, 1786, 1786]",['multi_match'],True
635,2,"['C00958', 'R01565']","[1818, 1818]",[],False
636,2,"['C00959', 'R01033']","[1826, 1830]",['birth_year_conflict'],True
637,4,"['C00961', 'C02735', 'R00554', 'R02560']","[1838, 1833, 1837, 1833]","['multi_match', 'birth_year_conflict']",True
638,2,"['C00963', 'R02662']","[1798, 1799]",[],False
639,9,"['C00967', 'C01961', 'C02732', 'C02808', 'R00148', 'R00238', 'R00506', 'R01574', 'R01836']","[1786, 1784, 1791, 1790, 1791, 1790, 1791, 1789, 1792]","['multi_match', 'birth_year_conflict']",True
640,3,"['C00969', 'C02561', 'R01829']","[1795, 1797, 1795]",['multi_match'],True
641,2,"['C00971', 'R02451']","[1806, 1806]",[],False
642,2,"['C00975', 'R01028']","[1802, 1804]",[],False
643,2,"['C00978', 'R02807']","[1838, 1839]",[],False
644,2,"['C00981', 'R02504']","[1836, 1836]",[],False
645,2,"['C00982', 'R02930']","[1802, 1802]",[],False
646,2,"['C00983', 'R00141']","[1825, 1827]",[],False
647,4,"['C00984', 'C01229', 'R01083', 'R02288']","[1836, 1837, 1837, 1836]",['multi_match'],True
648,5,"['C00985', 'C01035', 'R00976', 'R00990', 'R01643']","[1813, 1816, 1819, 1816, 1815]","['multi_match', 'birth_year_conflict']",True
649,2,"['C00986', 'R00764']","[1779, 1781]",[],False
650,4,"['C00987', 'C02637', 'R00023', 'R02513']","[1793, 1794, 1792, 1794]",['multi_match'],True
651,4,"['C00988', 'C02754', 'R02224', 'R02535']","[1797, 1794, 1796, 1796]",['multi_match'],True
652,2,"['C00994', 'R02693']","[1788, 1787]",[],False
653,3,"['C00995', 'C01807', 'R02962']","[1803, 1805, 1801]","['multi_match', 'birth_year_conflict']",True
654,2,"['C00996', 'R02491']","[1828, 1829]",[],False
655,3,"['C00998', 'R02397', 'R02510']","[1800, 1801, 1800]",['multi_match'],True
656,2,"['C01001', 'R01175']","[1812, 1814]",[],False
657,2,"['C01002', 'R02376']","[1792, 1793]",[],False
658,2,"['C01003', 'R00041']","[1832, 1831]",[],False
659,4,"['C01004', 'C01820', 'R02353', 'R02872']","[1828, 1826, 1828, 1827]",['multi_match'],True
660,2,"['C01005', 'R00441']","[1789, 1790]",[],False
661,2,"['C01007', 'R02957']","[1787, 1787]",[],False
662,3,"['C01008', 'C01630', 'R00622']","[1787, 1787, 1787]",['multi_match'],True
663,2,"['C01009', 'R01594']","[1820, 1821]",[],False
664,2,"['C01010', 'R02790']","[1788, 1787]",[],False
665,3,"['C01014', 'R02424', 'R02886']","[1795, 1794, 1793]",['multi_match'],True
666,2,"['C01015', 'R00478']","[1837, 1835]",[],False
667,2,"['C01017', 'R02756']","[1813, 1814]",[],False
668,2,"['C01018', 'R01891']","[1799, 1800]",[],False
669,2,"['C01019', 'R01657']","[1800, 1800]",[],False
670,3,"['C01020', 'C02745', 'R02610']","[1801, 1802, 1802]",['multi_match'],True
671,2,"['C01022', 'R02002']","[1818, 1819]",[],False
672,2,"['C01024', 'R00033']","[1838, 1836]",[],False
673,3,"['C01025', 'C02131', 'R01370']","[1793, 1798, 1793]","['multi_match', 'birth_year_conflict']",True
674,2,"['C01026', 'R01915']","[1803, 1805]",[],False
675,2,"['C01031', 'R02006']","[1815, 1815]",[],False
676,10,"['C01036', 'C02282', 'C02336', 'C02800', 'R01044', 'R01316', 'R01399', 'R02305', 'R02308', 'R02856']","[1793, 1794, 1799, 1796, 1806, 1806, 1805, 1799, 1801, 1795]","['multi_match', 'birth_year_conflict']",True
677,3,"['C01038', 'C02321', 'R01568']","[1798, 1802, 1801]","['multi_match', 'birth_year_conflict']",True
678,3,"['C01044', 'C02562', 'R00589']","[1796, 1795, 1794]",['multi_match'],True
679,3,"['C01045', 'C01202', 'R00627']","[1827, 1827, 1825]",['multi_match'],True
680,4,"['C01047', 'C02275', 'R01280', 'R02992']","[1791, 1790, 1792, 1794]","['multi_match', 'birth_year_conflict']",True
681,2,"['C01052', 'R01258']","[1806, 1806]",[],False
682,5,"['C01055', 'C01830', 'R00276', 'R02096', 'R02210']","[1795, 1795, 1800, 1796, 1797]","['multi_match', 'birth_year_conflict']",True
683,4,"['C01057', 'C01858', 'R00443', 'R02785']","[1819, 1822, 1825, 1826]","['multi_match', 'birth_year_conflict']",True
684,5,"['C01058', 'C01588', 'C02360', 'R00569', 'R01682']","[1815, 1820, 1817, 1814, 1818]","['multi_match', 'birth_year_conflict']",True
685,3,"['C01059', 'C01708', 'R00259']","[1833, 1833, 1836]",['multi_match'],True
686,2,"['C01063', 'R00726']","[1782, 1781]",[],False
687,2,"['C01064', 'R02400']","[1840, 1842]",[],False
688,2,"['C01065', 'R02567']","[1835, 1836]",[],False
689,2,"['C01066', 'R02564']","[1796, 1792]",['birth_year_conflict'],True
690,2,"['C01067', 'R01094']","[1792, 1793]",[],False
691,4,"['C01068', 'C02479', 'R00377', 'R00836']","[1806, 1804, 1806, 1806]",['multi_match'],True
692,4,"['C01069', 'C01818', 'R00715', 'R01395']","[1796, 1798, 1799, 1796]",['multi_match'],True
693,4,"['C01072', 'C02726', 'R00353', 'R02692']","[1790, 1786, 1787, 1793]","['multi_match', 'birth_year_conflict']",True
694,3,"['C01073', 'C01849', 'R02525']","[1804, 1808, 1806]","['multi_match', 'birth_year_conflict']",True
695,8,"['C01074', 'C01413', 'C01913', 'C02596', 'R01653', 'R02234', 'R02419', 'R02596']","[1828, 1824, 1826, 1832, 1823, 1828, 1825, 1828]","['multi_match', 'birth_year_conflict']",True
696,5,"['C01076', 'C02962', 'C02995', 'R00163', 'R02711']","[1783, 1781, 1787, 1784, 1784]","['multi_match', 'birth_year_conflict']",True
697,4,"['C01078', 'C02434', 'R00114', 'R02828']","[1826, 1824, 1824, 1825]",['multi_match'],True
698,2,"['C01080', 'R00501']","[1789, 1786]",[],False
699,2,"['C01081', 'R01166']","[1838, 1838]",[],False
700,3,"['C01082', 'R01818', 'R01872']","[1830, 1829, 1828]",['multi_match'],True
701,2,"['C01083', 'R01097']","[1813, 1813]",[],False
702,2,"['C01087', 'R00822']","[1804, 1804]",[],False
703,2,"['C01088', 'R00930']","[1835, 1837]",[],False
704,2,"['C01095', 'R01904']","[1832, 1831]",[],False
705,2,"['C01097', 'R00142']","[1830, 1831]",[],False
706,2,"['C01099', 'R00704']","[1801, 1801]",[],False
707,2,"['C01100', 'R02918']","[1842, 1839]",[],False
708,2,"['C01101', 'R00971']","[1787, 1787]",[],False
709,2,"['C01102', 'R01800']","[1791, 1792]",[],False
710,6,"['C01103', 'C02069', 'C02928', 'R00015', 'R00945', 'R02656']","[1791, 1792, 1794, 1791, 1791, 1792]",['multi_match'],True
711,2,"['C01105', 'R02833']","[1828, 1826]",[],False
712,2,"['C01106', 'R01393']","[1810, 1809]",[],False
713,2,"['C01110', 'R00730']","[1798, 1795]",[],False
714,4,"['C01111', 'C01854', 'R00074', 'R00666']","[1834, 1832, 1836, 1832]","['multi_match', 'birth_year_conflict']",True
715,3,"['C01114', 'C02979', 'R01826']","[1813, 1812, 1812]",['multi_match'],True
716,2,"['C01115', 'R00595']","[1810, 1810]",[],False
717,4,"['C01116', 'C02514', 'R00887', 'R02380']","[1816, 1816, 1815, 1815]",['multi_match'],True
718,4,"['C01117', 'C01914', 'R00260', 'R00838']","[1835, 1836, 1836, 1836]",['multi_match'],True
719,4,"['C01119', 'C01227', 'R01071', 'R01397']","[1823, 1826, 1821, 1827]","['multi_match', 'birth_year_conflict']",True
720,2,"['C01121', 'R02675']","[1784, 1786]",[],False
721,3,"['C01123', 'C02376', 'R01254']","[1795, 1795, 1796]",['multi_match'],True
722,3,"['C01125', 'C01860', 'R01040']","[1826, 1823, 1825]",['multi_match'],True
723,9,"['C01128', 'C01477', 'C02251', 'C02499', 'R00438', 'R01635', 'R02229', 'R02238', 'R02927']","[1792, 1789, 1797, 1787, 1795, 1789, 1790, 1798, 1796]","['multi_match', 'birth_year_conflict']",True
724,4,"['C01131', 'C02451', 'C02552', 'R02200']","[1813, 1810, 1813, 1815]","['multi_match', 'birth_year_conflict']",True
725,4,"['C01132', 'C02881', 'R01264', 'R01618']","[1823, 1823, 1821, 1822]",['multi_match'],True
726,6,"['C01133', 'C01649', 'C02449', 'R00011', 'R01559', 'R02605']","[1810, 1813, 1810, 1812, 1811, 1809]","['multi_match', 'birth_year_conflict']",True
727,8,"['C01134', 'C01528', 'C02058', 'C02889', 'C02949', 'R00157', 'R00329', 'R01536']","[1831, 1831, 1833, 1836, 1831, 1838, 1837, 1834]","['multi_match', 'birth_year_conflict']",True
728,7,"['C01135', 'C02394', 'C02495', 'R00007', 'R00090', 'R01923', 'R02177']","[1799, 1798, 1789, 1790, 1799, 1801, 1798]","['multi_match', 'birth_year_conflict']",True
729,4,"['C01136', 'C01157', 'R01155', 'R02082']","[1812, 1819, 1817, 1815]","['multi_match', 'birth_year_conflict']",True
730,6,"['C01137', 'C01418', 'C01711', 'R00556', 'R00606', 'R01158']","[1780, 1785, 1778, 1781, 1780, 1785]","['multi_match', 'birth_year_conflict']",True
731,2,"['C01138', 'R02742']","[1840, 1840]",[],False
732,4,"['C01139', 'C02801', 'R01323', 'R01515']","[1791, 1787, 1788, 1792]","['multi_match', 'birth_year_conflict']",True
733,2,"['C01140', 'R02965']","[1809, 1809]",[],False
734,2,"['C01141', 'R00568']","[1819, 1820]",[],False
735,2,"['C01142', 'R01141']","[1792, 1795]",[],False
736,3,"['C01144', 'C01642', 'R02045']","[1781, 1780, 1782]",['multi_match'],True
737,2,"['C01146', 'R01534']","[1793, 1789]",['birth_year_conflict'],True
738,2,"['C01148', 'R01719']","[1839, 1838]",[],False
739,8,"['C01151', 'C01578', 'C01655', 'C01702', 'C02692', 'R00195', 'R00232', 'R02417']","[1826, 1829, 1828, 1831, 1830, 1824, 1823, 1825]","['multi_match', 'birth_year_conflict']",True
740,2,"['C01154', 'R01168']","[1788, 1786]",[],False
741,2,"['C01155', 'R01975']","[1784, 1784]",[],False
742,2,"['C01158', 'R02663']","[1831, 1831]",[],False
743,5,"['C01163', 'C01532', 'C02480', 'R01707', 'R01812']","[1824, 1828, 1820, 1823, 1820]","['multi_match', 'birth_year_conflict']",True
744,4,"['C01166', 'C02026', 'R02528', 'R02936']","[1808, 1798, 1800, 1809]","['multi_match', 'birth_year_conflict']",True
745,2,"['C01167', 'R00421']","[1793, 1794]",[],False
746,2,"['C01168', 'R01967']","[1823, 1822]",[],False
747,5,"['C01170', 'C01529', 'C02244', 'R01356', 'R02378']","[1815, 1808, 1808, 1807, 1812]","['multi_match', 'birth_year_conflict']",True
748,2,"['C01172', 'R01308']","[1805, 1804]",[],False
749,6,"['C01175', 'C01798', 'C02517', 'R01236', 'R02465', 'R02770']","[1793, 1789, 1794, 1795, 1793, 1793]","['multi_match', 'birth_year_conflict']",True
750,2,"['C01177', 'R01871']","[1785, 1785]",[],False
751,2,"['C01181', 'R00811']","[1795, 1795]",[],False
752,2,"['C01185', 'R02640']","[1835, 1834]",[],False
753,4,"['C01186', 'C02513', 'R01079', 'R02804']","[1789, 1787, 1790, 1789]",['multi_match'],True
754,2,"['C01188', 'R00253']","[1818, 1817]",[],False
755,2,"['C01189', 'R01629']","[1814, 1818]",['birth_year_conflict'],True
756,2,"['C01190', 'R02868']","[1827, 1826]",[],False
757,3,"['C01192', 'C02288', 'R01936']","[1811, 1808, 1809]",['multi_match'],True
758,2,"['C01194', 'R01093']","[1838, 1839]",[],False
759,2,"['C01197', 'R00909']","[1833, 1832]",[],False
760,4,"['C01198', 'C02452', 'R00685', 'R01868']","[1785, 1789, 1786, 1789]","['multi_match', 'birth_year_conflict']",True
761,3,"['C01199', 'R00684', 'R01286']","[1780, 1783, 1782]",['multi_match'],True
762,3,"['C01206', 'C01819', 'R02233']","[1808, 1811, 1811]",['multi_match'],True
763,2,"['C01208', 'R01965']","[1781, 1782]",[],False
764,5,"['C01210', 'C01558', 'C01615', 'R00431', 'R01466']","[1822, 1828, 1824, 1824, 1827]","['multi_match', 'birth_year_conflict']",True
765,4,"['C01216', 'C01393', 'R02782', 'R02861']","[1803, 1799, 1804, 1804]","['multi_match', 'birth_year_conflict']",True
766,2,"['C01218', 'R01873']","[1785, 1785]",[],False
767,4,"['C01219', 'C02142', 'R01857', 'R02352']","[1825, 1819, 1821, 1826]","['multi_match', 'birth_year_conflict']",True
768,2,"['C01221', 'R00925']","[1779, 1782]",[],False
769,3,"['C01226', 'C02868', 'R02024']","[1816, 1816, 1817]",['multi_match'],True
770,2,"['C01228', 'R02031']","[1800, 1801]",[],False
771,4,"['C01232', 'C01514', 'R00577', 'R01695']","[1800, 1798, 1791, 1796]","['multi_match', 'birth_year_conflict']",True
772,2,"['C01234', 'R00435']","[1783, 1780]",[],False
773,3,"['C01235', 'R00312', 'R02114']","[1786, 1783, 1787]","['multi_match', 'birth_year_conflict']",True
774,3,"['C01236', 'C02798', 'R02624']","[1797, 1796, 1795]",['multi_match'],True
775,3,"['C01240', 'R00618', 'R02983']","[1837, 1837, 1837]",['multi_match'],True
776,2,"['C01245', 'R01361']","[1785, 1782]",[],False
777,4,"['C01246', 'C02656', 'R00055', 'R00344']","[1837, 1834, 1837, 1838]","['multi_match', 'birth_year_conflict']",True
778,2,"['C01251', 'R00754']","[1829, 1825]",['birth_year_conflict'],True
779,3,"['C01252', 'C02705', 'R00868']","[1799, 1798, 1799]",['multi_match'],True
780,2,"['C01254', 'R02801']","[1793, 1794]",[],False
781,2,"['C01255', 'R02385']","[1785, 1786]",[],False
782,2,"['C01257', 'R02572']","[1814, 1816]",[],False
783,3,"['C01259', 'R01015', 'R02337']","[1788, 1788, 1786]",['multi_match'],True
784,10,"['C01260', 'C01304', 'C01580', 'C01866', 'C02880', 'R01026', 'R01421', 'R01590', 'R02227', 'R02290']","[1838, 1838, 1839, 1829, 1836, 1839, 1838, 1836, 1827, 1833]","['multi_match', 'birth_year_conflict']",True
785,2,"['C01261', 'R01560']","[1783, 1784]",[],False
786,4,"['C01263', 'C01481', 'R00182', 'R01332']","[1808, 1809, 1808, 1806]",['multi_match'],True
787,2,"['C01264', 'R00171']","[1811, 1812]",[],False
788,4,"['C01265', 'C02283', 'R00702', 'R01510']","[1786, 1782, 1782, 1785]","['multi_match', 'birth_year_conflict']",True
789,3,"['C01267', 'C02912', 'R02944']","[1833, 1835, 1836]",['multi_match'],True
790,4,"['C01269', 'C02554', 'R00670', 'R02111']","[1815, 1814, 1815, 1817]",['multi_match'],True
791,4,"['C01271', 'C02781', 'R00194', 'R01290']","[1819, 1819, 1820, 1820]",['multi_match'],True
792,3,"['C01274', 'R01803', 'R02942']","[1790, 1790, 1788]",['multi_match'],True
793,7,"['C01275', 'C01878', 'C02254', 'C02997', 'R00320', 'R00788', 'R01230']","[1789, 1791, 1792, 1788, 1790, 1792, 1788]","['multi_match', 'birth_year_conflict']",True
794,5,"['C01277', 'C02858', 'C02886', 'R01548', 'R02190']","[1811, 1827, 1824, 1811, 1815]","['multi_match', 'birth_year_conflict']",True
795,4,"['C01279', 'C02859', 'R02691', 'R02841']","[1838, 1839, 1836, 1839]",['multi_match'],True
796,2,"['C01280', 'R00246']","[1796, 1795]",[],False
797,2,"['C01282', 'R00470']","[1798, 1797]",[],False
798,2,"['C01284', 'R00722']","[1788, 1789]",[],False
799,2,"['C01286', 'R01968']","[1785, 1785]",[],False
800,2,"['C01287', 'R00701']","[1805, 1807]",[],False
801,2,"['C01291', 'R00035']","[1832, 1831]",[],False
802,6,"['C01292', 'C01379', 'C01618', 'C02240', 'R00488', 'R01457']","[1793, 1795, 1799, 1794, 1796, 1797]","['multi_match', 'birth_year_conflict']",True
803,2,"['C01293', 'R01710']","[1795, 1797]",[],False
804,2,"['C01294', 'R00608']","[1788, 1786]",[],False
805,2,"['C01296', 'R00427']","[1811, 1811]",[],False
806,2,"['C01297', 'R02619']","[1831, 1830]",[],False
807,4,"['C01300', 'C02387', 'R00984', 'R02773']","[1816, 1817, 1812, 1814]","['multi_match', 'birth_year_conflict']",True
808,4,"['C01301', 'C02151', 'R02071', 'R02394']","[1804, 1804, 1807, 1806]",['multi_match'],True
809,5,"['C01303', 'C01386', 'C02531', 'R01465', 'R01617']","[1795, 1792, 1794, 1797, 1791]","['multi_match', 'birth_year_conflict']",True
810,2,"['C01306', 'R00799']","[1781, 1781]",[],False
811,4,"['C01307', 'C01536', 'R02526', 'R02982']","[1810, 1812, 1811, 1808]","['multi_match', 'birth_year_conflict']",True
812,2,"['C01308', 'R01256']","[1818, 1820]",[],False
813,2,"['C01309', 'R00768']","[1838, 1836]",[],False
814,2,"['C01311', 'R00190']","[1832, 1833]",[],False
815,7,"['C01316', 'C02081', 'C02515', 'C02805', 'R00530', 'R01110', 'R02842']","[1811, 1814, 1815, 1818, 1811, 1815, 1815]","['multi_match', 'birth_year_conflict']",True
816,4,"['C01317', 'C01911', 'R00525', 'R01662']","[1832, 1834, 1836, 1836]","['multi_match', 'birth_year_conflict']",True
817,2,"['C01319', 'R00762']","[1787, 1789]",[],False
818,4,"['C01320', 'C02295', 'R00717', 'R00800']","[1819, 1819, 1820, 1819]",['multi_match'],True
819,2,"['C01326', 'R01628']","[1826, 1825]",[],False
820,4,"['C01327', 'C02945', 'R01459', 'R02018']","[1802, 1799, 1797, 1801]","['multi_match', 'birth_year_conflict']",True
821,2,"['C01328', 'R01417']","[1828, 1825]",[],False
822,2,"['C01333', 'R01981']","[1787, 1789]",[],False
823,4,"['C01334', 'C02344', 'R00164', 'R01380']","[1821, 1819, 1819, 1821]",['multi_match'],True
824,4,"['C01337', 'C02201', 'R01300', 'R01728']","[1780, 1785, 1785, 1781]","['multi_match', 'birth_year_conflict']",True
825,3,"['C01340', 'R00728', 'R01437']","[1834, 1836, 1837]",['multi_match'],True
826,2,"['C01342', 'R01095']","[1800, 1801]",[],False
827,3,"['C01343', 'R01784', 'R01961']","[1819, 1818, 1818]",['multi_match'],True
828,2,"['C01345', 'R02274']","[1831, 1828]",[],False
829,4,"['C01346', 'C01713', 'R01650', 'R02537']","[1822, 1826, 1822, 1821]","['multi_match', 'birth_year_conflict']",True
830,3,"['C01347', 'C01613', 'R02730']","[1783, 1783, 1785]",['multi_match'],True
831,5,"['C01349', 'C01644', 'C02181', 'R00652', 'R00874']","[1787, 1789, 1789, 1786, 1786]",['multi_match'],True
832,2,"['C01351', 'R00111']","[1815, 1817]",[],False
833,2,"['C01352', 'R01070']","[1809, 1808]",[],False
834,5,"['C01353', 'C02731', 'C02767', 'R01627', 'R02325']","[1784, 1786, 1786, 1786, 1785]",['multi_match'],True
835,4,"['C01354', 'C02579', 'R00815', 'R00959']","[1787, 1788, 1790, 1790]",['multi_match'],True
836,3,"['C01355', 'C02255', 'R00082']","[1831, 1838, 1836]","['multi_match', 'birth_year_conflict']",True
837,2,"['C01356', 'R02893']","[1798, 1800]",[],False
838,2,"['C01364', 'R00708']","[1827, 1825]",[],False
839,2,"['C01365', 'R00826']","[1838, 1838]",[],False
840,3,"['C01367', 'R00544', 'R02543']","[1784, 1785, 1783]",['multi_match'],True
841,2,"['C01369', 'R00299']","[1820, 1822]",[],False
842,2,"['C01370', 'R01257']","[1808, 1808]",[],False
843,2,"['C01371', 'R00423']","[1798, 1803]",['birth_year_conflict'],True
844,2,"['C01373', 'R02717']","[1817, 1817]",[],False
845,2,"['C01374', 'R01671']","[1793, 1794]",[],False
846,2,"['C01375', 'R02948']","[1800, 1801]",[],False
847,4,"['C01377', 'C02620', 'R02704', 'R02981']","[1825, 1829, 1826, 1830]","['multi_match', 'birth_year_conflict']",True
848,7,"['C01378', 'C01921', 'C02055', 'R01472', 'R01490', 'R01654', 'R01900']","[1786, 1783, 1781, 1787, 1781, 1784, 1785]","['multi_match', 'birth_year_conflict']",True
849,2,"['C01380', 'R01579']","[1804, 1803]",[],False
850,2,"['C01382', 'R00000']","[1828, 1829]",[],False
851,2,"['C01383', 'R02334']","[1803, 1807]",['birth_year_conflict'],True
852,2,"['C01384', 'R02781']","[1818, 1816]",[],False
853,3,"['C01385', 'R01738', 'R02205']","[1799, 1802, 1796]","['multi_match', 'birth_year_conflict']",True
854,2,"['C01389', 'R02093']","[1810, 1808]",[],False
855,2,"['C01391', 'R01963']","[1819, 1818]",[],False
856,2,"['C01392', 'R00418']","[1791, 1792]",[],False
857,2,"['C01394', 'R00769']","[1810, 1809]",[],False
858,2,"['C01395', 'R01234']","[1813, 1814]",[],False
859,4,"['C01400', 'C02332', 'R00047', 'R01045']","[1785, 1791, 1794, 1789]","['multi_match', 'birth_year_conflict']",True
860,2,"['C01401', 'R00371']","[1782, 1781]",[],False
861,2,"['C01402', 'R01712']","[1810, 1813]",[],False
862,2,"['C01406', 'R01210']","[1785, 1786]",[],False
863,3,"['C01408', 'R00237', 'R01526']","[1819, 1819, 1814]","['multi_match', 'birth_year_conflict']",True
864,2,"['C01412', 'R01104']","[1820, 1819]",[],False
865,5,"['C01414', 'C02152', 'C02825', 'R00313', 'R00350']","[1835, 1838, 1838, 1839, 1841]","['multi_match', 'birth_year_conflict']",True
866,2,"['C01415', 'R00709']","[1793, 1795]",[],False
867,9,"['C01416', 'C01482', 'C01492', 'C01512', 'C02497', 'R00126', 'R00272', 'R01966', 'R02518']","[1830, 1833, 1833, 1830, 1833, 1839, 1833, 1836, 1832]","['multi_match', 'birth_year_conflict']",True
868,4,"['C01417', 'C02375', 'R00855', 'R01605']","[1817, 1819, 1820, 1819]",['multi_match'],True
869,5,"['C01419', 'C02212', 'R00018', 'R00843', 'R00912']","[1838, 1839, 1841, 1834, 1835]","['multi_match', 'birth_year_conflict']",True
870,4,"['C01420', 'C01867', 'R00053', 'R01171']","[1781, 1782, 1781, 1783]",['multi_match'],True
871,2,"['C01421', 'R00813']","[1799, 1800]",[],False
872,4,"['C01422', 'C02123', 'R01446', 'R02776']","[1788, 1784, 1785, 1788]","['multi_match', 'birth_year_conflict']",True
873,2,"['C01424', 'R00907']","[1814, 1819]",['birth_year_conflict'],True
874,5,"['C01425', 'C01870', 'C02110', 'R01608', 'R02539']","[1783, 1780, 1782, 1782, 1783]",['multi_match'],True
875,2,"['C01426', 'R00019']","[1809, 1808]",[],False
876,2,"['C01430', 'R01213']","[1822, 1823]",[],False
877,4,"['C01434', 'C02971', 'R00537', 'R01468']","[1836, 1836, 1834, 1838]","['multi_match', 'birth_year_conflict']",True
878,7,"['C01438', 'C01917', 'C02348', 'C02925', 'R01925', 'R02467', 'R02657']","[1802, 1799, 1804, 1804, 1803, 1803, 1803]","['multi_match', 'birth_year_conflict']",True
879,2,"['C01444', 'R00746']","[1787, 1790]",[],False
880,2,"['C01445', 'R02838']","[1817, 1817]",[],False
881,2,"['C01446', 'R02307']","[1821, 1819]",[],False
882,4,"['C01448', 'C02924', 'R01781', 'R02916']","[1809, 1809, 1807, 1806]",['multi_match'],True
883,6,"['C01449', 'C01674', 'C02460', 'R00338', 'R00767', 'R02901']","[1818, 1821, 1820, 1819, 1819, 1818]",['multi_match'],True
884,3,"['C01450', 'R01601', 'R02600']","[1780, 1782, 1781]",['multi_match'],True
885,2,"['C01457', 'R00562']","[1814, 1815]",[],False
886,4,"['C01458', 'C02148', 'R01595', 'R02671']","[1779, 1781, 1779, 1781]",['multi_match'],True
887,3,"['C01459', 'C01671', 'R02034']","[1832, 1830, 1831]",['multi_match'],True
888,4,"['C01464', 'C02031', 'R02442', 'R02774']","[1799, 1797, 1797, 1794]","['multi_match', 'birth_year_conflict']",True
889,6,"['C01470', 'C01729', 'R01174', 'R01535', 'R01771', 'R02153']","[1820, 1821, 1816, 1820, 1819, 1819]","['multi_match', 'birth_year_conflict']",True
890,2,"['C01471', 'R02435']","[1811, 1811]",[],False
891,2,"['C01474', 'R01506']","[1833, 1832]",[],False
892,5,"['C01475', 'C01805', 'C02012', 'R00906', 'R02171']","[1830, 1831, 1830, 1829, 1831]",['multi_match'],True
893,2,"['C01476', 'R01621']","[1784, 1783]",[],False
894,2,"['C01483', 'R02630']","[1788, 1788]",[],False
895,5,"['C01484', 'C02243', 'R00792', 'R01214', 'R01767']","[1810, 1811, 1813, 1813, 1810]",['multi_match'],True
896,4,"['C01486', 'C02433', 'R00151', 'R00454']","[1813, 1816, 1815, 1811]","['multi_match', 'birth_year_conflict']",True
897,2,"['C01487', 'R02441']","[1832, 1831]",[],False
898,4,"['C01488', 'C01931', 'R00975', 'R02978']","[1802, 1801, 1803, 1800]",['multi_match'],True
899,3,"['C01491', 'R02195', 'R02548']","[1820, 1819, 1820]",['multi_match'],True
900,10,"['C01493', 'C02264', 'C02410', 'C02538', 'C02855', 'R00240', 'R00985', 'R01632', 'R02134', 'R02260']","[1825, 1824, 1819, 1826, 1829, 1824, 1829, 1825, 1826, 1817]","['multi_match', 'birth_year_conflict']",True
901,2,"['C01494', 'R02447']","[1840, 1838]",[],False
902,3,"['C01495', 'C02103', 'R00091']","[1796, 1795, 1795]",['multi_match'],True
903,6,"['C01496', 'C01852', 'C02430', 'R00737', 'R00923', 'R01887']","[1831, 1825, 1828, 1833, 1825, 1830]","['multi_match', 'birth_year_conflict']",True
904,4,"['C01497', 'C02134', 'R00032', 'R01126']","[1830, 1827, 1829, 1825]","['multi_match', 'birth_year_conflict']",True
905,4,"['C01498', 'R01049', 'R02132', 'R02667']","[1818, 1821, 1825, 1822]","['multi_match', 'birth_year_conflict']",True
906,2,"['C01500', 'R01403']","[1803, 1802]",[],False
907,2,"['C01502', 'R02589']","[1832, 1833]",[],False
908,2,"['C01503', 'R00770']","[1810, 1812]",[],False
909,2,"['C01504', 'R01113']","[1805, 1807]",[],False
910,5,"['C01509', 'C02901', 'R01084', 'R01140', 'R02718']","[1825, 1827, 1824, 1824, 1827]",['multi_match'],True
911,2,"['C01510', 'R02509']","[1786, 1786]",[],False
912,2,"['C01511', 'R02346']","[1837, 1837]",[],False
913,4,"['C01515', 'C02120', 'R00048', 'R00905']","[1834, 1834, 1839, 1838]","['multi_match', 'birth_year_conflict']",True
914,5,"['C01516', 'C02459', 'C02834', 'R00742', 'R02472']","[1807, 1809, 1805, 1808, 1806]","['multi_match', 'birth_year_conflict']",True
915,2,"['C01517', 'R01109']","[1783, 1786]",[],False
916,3,"['C01520', 'R01272', 'R01609']","[1788, 1789, 1785]","['multi_match', 'birth_year_conflict']",True
917,4,"['C01522', 'C02608', 'R00637', 'R00653']","[1836, 1834, 1835, 1837]",['multi_match'],True
918,2,"['C01523', 'R00942']","[1779, 1780]",[],False
919,2,"['C01530', 'R02393']","[1834, 1834]",[],False
920,2,"['C01535', 'R01086']","[1811, 1815]",['birth_year_conflict'],True
921,2,"['C01537', 'R00046']","[1815, 1813]",[],False
922,3,"['C01541', 'R00343', 'R02489']","[1813, 1811, 1811]",['multi_match'],True
923,2,"['C01542', 'R01798']","[1803, 1801]",[],False
924,2,"['C01543', 'R02021']","[1820, 1822]",[],False
925,3,"['C01544', 'R00137', 'R02271']","[1798, 1796, 1794]","['multi_match', 'birth_year_conflict']",True
926,2,"['C01546', 'R01680']","[1779, 1779]",[],False
927,2,"['C01547', 'R01289']","[1807, 1807]",[],False
928,7,"['C01548', 'C01586', 'C02779', 'R00193', 'R00335', 'R02209', 'R02549']","[1788, 1788, 1781, 1791, 1783, 1788, 1782]","['multi_match', 'birth_year_conflict']",True
929,2,"['C01550', 'R02945']","[1779, 1781]",[],False
930,4,"['C01553', 'C02923', 'R00991', 'R01310']","[1799, 1806, 1802, 1806]","['multi_match', 'birth_year_conflict']",True
931,3,"['C01556', 'C02684', 'R02319']","[1837, 1839, 1836]",['multi_match'],True
932,3,"['C01557', 'R00168', 'R01237']","[1801, 1798, 1796]","['multi_match', 'birth_year_conflict']",True
933,2,"['C01559', 'R01951']","[1820, 1819]",[],False
934,4,"['C01561', 'C01822', 'R02252', 'R02791']","[1837, 1833, 1832, 1836]","['multi_match', 'birth_year_conflict']",True
935,2,"['C01563', 'R01567']","[1792, 1794]",[],False
936,2,"['C01565', 'R00198']","[1827, 1828]",[],False
937,2,"['C01566', 'R01984']","[1838, 1838]",[],False
938,3,"['C01567', 'R01312', 'R01870']","[1836, 1838, 1835]",['multi_match'],True
939,2,"['C01568', 'R01516']","[1835, 1836]",[],False
940,2,"['C01570', 'R01275']","[1828, 1829]",[],False
941,4,"['C01572', 'C02891', 'R00772', 'R01604']","[1802, 1806, 1801, 1804]","['multi_match', 'birth_year_conflict']",True
942,2,"['C01575', 'R02736']","[1796, 1797]",[],False
943,2,"['C01576', 'R02552']","[1804, 1805]",[],False
944,2,"['C01579', 'R02215']","[1806, 1805]",[],False
945,2,"['C01582', 'R00150']","[1840, 1840]",[],False
946,5,"['C01585', 'C02063', 'C02463', 'R01379', 'R01831']","[1831, 1833, 1834, 1832, 1831]",['multi_match'],True
947,3,"['C01587', 'R00233', 'R02075']","[1838, 1837, 1839]",['multi_match'],True
948,6,"['C01591', 'C02016', 'C02658', 'R00277', 'R00611', 'R01322']","[1833, 1819, 1823, 1834, 1826, 1820]","['multi_match', 'birth_year_conflict']",True
949,2,"['C01594', 'R00436']","[1839, 1835]",['birth_year_conflict'],True
950,3,"['C01597', 'R00550', 'R01989']","[1794, 1791, 1791]",['multi_match'],True
951,3,"['C01598', 'C02828', 'R02651']","[1839, 1837, 1837]",['multi_match'],True
952,3,"['C01600', 'R01916', 'R02119']","[1804, 1802, 1799]","['multi_match', 'birth_year_conflict']",True
953,5,"['C01601', 'C02364', 'R00058', 'R00417', 'R01073']","[1793, 1799, 1797, 1793, 1794]","['multi_match', 'birth_year_conflict']",True
954,4,"['C01602', 'R00124', 'R00820', 'R00962']","[1814, 1814, 1816, 1813]",['multi_match'],True
955,2,"['C01604', 'R01753']","[1811, 1810]",[],False
956,2,"['C01606', 'R01730']","[1792, 1794]",[],False
957,2,"['C01607', 'R02225']","[1830, 1828]",[],False
958,2,"['C01608', 'R01583']","[1820, 1820]",[],False
959,6,"['C01609', 'C01725', 'C01743', 'R01245', 'R01422', 'R02583']","[1787, 1786, 1784, 1794, 1787, 1792]","['multi_match', 'birth_year_conflict']",True
960,4,"['C01611', 'C01998', 'R00187', 'R02733']","[1804, 1802, 1803, 1804]",['multi_match'],True
961,2,"['C01620', 'R00893']","[1812, 1813]",[],False
962,2,"['C01622', 'R00842']","[1834, 1830]",['birth_year_conflict'],True
963,2,"['C01624', 'R02322']","[1808, 1808]",[],False
964,2,"['C01625', 'R01919']","[1826, 1828]",[],False
965,2,"['C01628', 'R01357']","[1838, 1838]",[],False
966,2,"['C01633', 'R02049']","[1831, 1834]",[],False
967,5,"['C01634', 'C02099', 'C02455', 'R00365', 'R02864']","[1805, 1798, 1801, 1809, 1807]","['multi_match', 'birth_year_conflict']",True
968,2,"['C01635', 'R02427']","[1827, 1827]",[],False
969,4,"['C01636', 'C02636', 'R01250', 'R02036']","[1809, 1803, 1807, 1805]","['multi_match', 'birth_year_conflict']",True
970,3,"['C01637', 'R01019', 'R01533']","[1809, 1808, 1808]",['multi_match'],True
971,4,"['C01638', 'C01751', 'R00852', 'R02495']","[1793, 1794, 1792, 1794]",['multi_match'],True
972,3,"['C01643', 'C02765', 'R02565']","[1780, 1780, 1782]",['multi_match'],True
973,3,"['C01646', 'R00385', 'R02768']","[1787, 1789, 1788]",['multi_match'],True
974,4,"['C01650', 'C01791', 'R02158', 'R02166']","[1781, 1780, 1789, 1789]","['multi_match', 'birth_year_conflict']",True
975,2,"['C01653', 'R02000']","[1825, 1822]",[],False
976,2,"['C01656', 'R01720']","[1828, 1827]",[],False
977,8,"['C01658', 'C01787', 'C01845', 'C02155', 'R00104', 'R01038', 'R01489', 'R02760']","[1791, 1791, 1793, 1791, 1795, 1792, 1793, 1792]","['multi_match', 'birth_year_conflict']",True
978,2,"['C01659', 'R00076']","[1819, 1815]",['birth_year_conflict'],True
979,2,"['C01660', 'R01740']","[1813, 1812]",[],False
980,2,"['C01661', 'R00884']","[1794, 1792]",[],False
981,3,"['C01662', 'C02557', 'R00228']","[1825, 1821, 1819]","['multi_match', 'birth_year_conflict']",True
982,4,"['C01666', 'C02300', 'R00570', 'R02137']","[1830, 1828, 1824, 1825]","['multi_match', 'birth_year_conflict']",True
983,2,"['C01667', 'R02558']","[1792, 1790]",[],False
984,4,"['C01668', 'C01744', 'R00326', 'R02104']","[1794, 1796, 1794, 1796]",['multi_match'],True
985,2,"['C01678', 'R00808']","[1805, 1804]",[],False
986,3,"['C01679', 'C02655', 'R01983']","[1816, 1816, 1815]",['multi_match'],True
987,3,"['C01683', 'C02147', 'R00718']","[1795, 1790, 1794]","['multi_match', 'birth_year_conflict']",True
988,2,"['C01687', 'R00548']","[1834, 1830]",['birth_year_conflict'],True
989,4,"['C01688', 'C02367', 'R00061', 'R02524']","[1805, 1812, 1809, 1804]","['multi_match', 'birth_year_conflict']",True
990,2,"['C01690', 'R01758']","[1823, 1820]",[],False
991,2,"['C01691', 'R02058']","[1838, 1837]",[],False
992,3,"['C01692', 'R00352', 'R02050']","[1790, 1791, 1791]",['multi_match'],True
993,5,"['C01693', 'R01541', 'R01666', 'R01769', 'R02309']","[1814, 1813, 1812, 1815, 1816]","['multi_match', 'birth_year_conflict']",True
994,2,"['C01694', 'R01153']","[1783, 1782]",[],False
995,2,"['C01698', 'R01969']","[1808, 1808]",[],False
996,2,"['C01700', 'R02563']","[1829, 1832]",[],False
997,2,"['C01701', 'R00955']","[1794, 1795]",[],False
998,4,"['C01703', 'C02892', 'R00649', 'R01069']","[1798, 1800, 1801, 1801]",['multi_match'],True
999,4,"['C01705', 'C01923', 'R02220', 'R02350']","[1836, 1840, 1838, 1835]","['multi_match', 'birth_year_conflict']",True
1000,2,"['C01707', 'R00840']","[1818, 1815]",[],False
1001,2,"['C01710', 'R00139']","[1819, 1818]",[],False
1002,2,"['C01715', 'R02696']","[1814, 1812]",[],False
1003,2,"['C01720', 'R02127']","[1812, 1811]",[],False
1004,3,"['C01727', 'R01672', 'R02852']","[1780, 1782, 1782]",['multi_match'],True
1005,2,"['C01728', 'R02374']","[1794, 1794]",[],False
1006,2,"['C01730', 'R01204']","[1836, 1837]",[],False
1007,2,"['C01731', 'R02554']","[1786, 1783]",[],False
1008,2,"['C01732', 'R00743']","[1780, 1779]",[],False
1009,2,"['C01733', 'R00517']","[1783, 1782]",[],False
1010,2,"['C01734', 'R01478']","[1828, 1828]",[],False
1011,3,"['C01737', 'R01663', 'R02501']","[1807, 1808, 1810]",['multi_match'],True
1012,2,"['C01738', 'R01247']","[1821, 1822]",[],False
1013,2,"['C01739', 'R02245']","[1787, 1784]",[],False
1014,4,"['C01741', 'C02219', 'R01232', 'R01597']","[1833, 1836, 1834, 1836]",['multi_match'],True
1015,2,"['C01742', 'R01042']","[1794, 1792]",[],False
1016,2,"['C01745', 'R01577']","[1820, 1818]",[],False
1017,3,"['C01748', 'R01131', 'R01795']","[1837, 1836, 1838]",['multi_match'],True
1018,2,"['C01749', 'R01787']","[1827, 1827]",[],False
1019,5,"['C01752', 'C02294', 'C02626', 'R01817', 'R02766']","[1830, 1824, 1832, 1826, 1827]","['multi_match', 'birth_year_conflict']",True
1020,10,"['C01755', 'C02432', 'C02558', 'R00403', 'R01092', 'R01151', 'R01573', 'R01598', 'R01977', 'R02479']","[1779, 1783, 1784, 1781, 1781, 1782, 1781, 1781, 1780, 1784]","['multi_match', 'birth_year_conflict']",True
1021,2,"['C01756', 'R02805']","[1792, 1792]",[],False
1022,2,"['C01763', 'R00781']","[1783, 1781]",[],False
1023,4,"['C01764', 'C02100', 'R01225', 'R02601']","[1831, 1839, 1830, 1834]","['multi_match', 'birth_year_conflict']",True
1024,2,"['C01765', 'R00759']","[1783, 1786]",[],False
1025,2,"['C01766', 'R01216']","[1820, 1819]",[],False
1026,7,"['C01767', 'C02124', 'C02374', 'R00432', 'R00484', 'R00673', 'R01270']","[1795, 1791, 1797, 1795, 1796, 1791, 1795]","['multi_match', 'birth_year_conflict']",True
1027,4,"['C01771', 'C02879', 'R00002', 'R01147']","[1828, 1823, 1827, 1821]","['multi_match', 'birth_year_conflict']",True
1028,7,"['C01772', 'C01920', 'C02546', 'R01229', 'R01853', 'R01897', 'R02097']","[1801, 1802, 1808, 1808, 1806, 1804, 1805]","['multi_match', 'birth_year_conflict']",True
1029,2,"['C01775', 'R02994']","[1807, 1805]",[],False
1030,2,"['C01776', 'R01183']","[1792, 1793]",[],False
1031,3,"['C01777', 'R00655', 'R02372']","[1821, 1820, 1816]","['multi_match', 'birth_year_conflict']",True
1032,2,"['C01778', 'R01032']","[1837, 1838]",[],False
1033,3,"['C01779', 'R01273', 'R02912']","[1788, 1789, 1790]",['multi_match'],True
1034,2,"['C01780', 'R00948']","[1795, 1795]",[],False
1035,3,"['C01781', 'C01994', 'R02928']","[1837, 1838, 1837]",['multi_match'],True
1036,3,"['C01782', 'R00255', 'R00302']","[1792, 1798, 1794]","['multi_match', 'birth_year_conflict']",True
1037,2,"['C01785', 'R00275']","[1810, 1810]",[],False
1038,4,"['C01786', 'C02194', 'R00067', 'R02943']","[1834, 1835, 1839, 1835]","['multi_match', 'birth_year_conflict']",True
1039,2,"['C01788', 'R01976']","[1842, 1842]",[],False
1040,2,"['C01789', 'R02131']","[1839, 1838]",[],False
1041,2,"['C01792', 'R02407']","[1782, 1783]",[],False
1042,2,"['C01793', 'R02038']","[1834, 1835]",[],False
1043,2,"['C01796', 'R02747']","[1827, 1824]",[],False
1044,3,"['C01797', 'C02315', 'R02923']","[1791, 1780, 1789]","['multi_match', 'birth_year_conflict']",True
1045,2,"['C01799', 'R02735']","[1825, 1827]",[],False
1046,3,"['C01802', 'R00039', 'R00479']","[1784, 1782, 1784]",['multi_match'],True
1047,2,"['C01803', 'R02849']","[1784, 1785]",[],False
1048,2,"['C01811', 'R00755']","[1803, 1804]",[],False
1049,2,"['C01812', 'R02321']","[1815, 1816]",[],False
1050,3,"['C01813', 'R01970', 'R02413']","[1801, 1797, 1796]","['multi_match', 'birth_year_conflict']",True
1051,3,"['C01815', 'C01862', 'R00303']","[1813, 1811, 1812]",['multi_match'],True
1052,2,"['C01816', 'R02884']","[1808, 1807]",[],False
1053,2,"['C01817', 'R02484']","[1816, 1816]",[],False
1054,5,"['C01823', 'C01956', 'R02094', 'R02106', 'R02946']","[1819, 1822, 1821, 1821, 1817]","['multi_match', 'birth_year_conflict']",True
1055,2,"['C01824', 'R02216']","[1809, 1809]",[],False
1056,3,"['C01826', 'C02427', 'R02633']","[1780, 1778, 1778]",['multi_match'],True
1057,4,"['C01829', 'C02857', 'R01683', 'R02277']","[1829, 1832, 1831, 1831]",['multi_match'],True
1058,2,"['C01833', 'R02932']","[1819, 1819]",[],False
1059,3,"['C01834', 'R02039', 'R02764']","[1805, 1806, 1804]",['multi_match'],True
1060,3,"['C01835', 'C02698', 'R01757']","[1823, 1821, 1824]",['multi_match'],True
1061,2,"['C01837', 'R01477']","[1829, 1831]",[],False
1062,3,"['C01838', 'R00172', 'R00987']","[1807, 1808, 1806]",['multi_match'],True
1063,5,"['C01839', 'C02002', 'C02239', 'R00132', 'R01947']","[1832, 1831, 1832, 1830, 1827]","['multi_match', 'birth_year_conflict']",True
1064,3,"['C01840', 'R01381', 'R02547']","[1802, 1801, 1800]",['multi_match'],True
1065,2,"['C01842', 'R00428']","[1823, 1825]",[],False
1066,2,"['C01846', 'R02889']","[1807, 1808]",[],False
1067,2,"['C01853', 'R00598']","[1789, 1788]",[],False
1068,2,"['C01856', 'R02057']","[1786, 1787]",[],False
1069,2,"['C01857', 'R01355']","[1819, 1818]",[],False
1070,2,"['C01863', 'R02203']","[1799, 1797]",[],False
1071,3,"['C01864', 'R02888', 'R02961']","[1816, 1816, 1816]",['multi_match'],True
1072,2,"['C01874', 'R01396']","[1803, 1803]",[],False
1073,2,"['C01875', 'R01820']","[1813, 1813]",[],False
1074,2,"['C01877', 'R02370']","[1840, 1836]",['birth_year_conflict'],True
1075,2,"['C01880', 'R02098']","[1807, 1806]",[],False
1076,2,"['C01882', 'R00262']","[1838, 1839]",[],False
1077,6,"['C01883', 'C02051', 'C02810', 'R00215', 'R01202', 'R01774']","[1836, 1833, 1831, 1830, 1828, 1830]","['multi_match', 'birth_year_conflict']",True
1078,2,"['C01884', 'R02314']","[1823, 1825]",[],False
1079,2,"['C01885', 'R02757']","[1806, 1805]",[],False
1080,2,"['C01886', 'R00834']","[1826, 1824]",[],False
1081,2,"['C01887', 'R02338']","[1792, 1789]",[],False
1082,3,"['C01891', 'C02355', 'R01706']","[1820, 1824, 1828]","['multi_match', 'birth_year_conflict']",True
1083,2,"['C01895', 'R00806']","[1826, 1825]",[],False
1084,4,"['C01896', 'C02183', 'R00052', 'R01010']","[1798, 1797, 1797, 1796]",['multi_match'],True
1085,5,"['C01897', 'C02773', 'R00495', 'R00946', 'R01123']","[1789, 1784, 1787, 1790, 1788]","['multi_match', 'birth_year_conflict']",True
1086,5,"['C01900', 'C01940', 'C02640', 'R02579', 'R02820']","[1799, 1797, 1798, 1801, 1802]","['multi_match', 'birth_year_conflict']",True
1087,4,"['C01903', 'C02786', 'R00751', 'R02485']","[1818, 1816, 1819, 1820]","['multi_match', 'birth_year_conflict']",True
1088,2,"['C01907', 'R01763']","[1798, 1800]",[],False
1089,2,"['C01908', 'R00102']","[1784, 1785]",[],False
1090,2,"['C01910', 'R01133']","[1790, 1792]",[],False
1091,2,"['C01918', 'R02186']","[1796, 1796]",[],False
1092,3,"['C01922', 'R00447', 'R02668']","[1799, 1797, 1797]",['multi_match'],True
1093,4,"['C01926', 'C02573', 'R00393', 'R02431']","[1840, 1839, 1838, 1839]",['multi_match'],True
1094,3,"['C01929', 'R00560', 'R01770']","[1813, 1817, 1811]","['multi_match', 'birth_year_conflict']",True
1095,4,"['C01930', 'C02780', 'R02051', 'R02063']","[1823, 1829, 1828, 1826]","['multi_match', 'birth_year_conflict']",True
1096,4,"['C01932', 'C02441', 'R02336', 'R02869']","[1828, 1831, 1831, 1826]","['multi_match', 'birth_year_conflict']",True
1097,4,"['C01934', 'C02442', 'R00689', 'R00929']","[1813, 1810, 1811, 1812]",['multi_match'],True
1098,2,"['C01935', 'R01122']","[1782, 1779]",[],False
1099,2,"['C01939', 'R00355']","[1810, 1811]",[],False
1100,2,"['C01941', 'R02955']","[1802, 1803]",[],False
1101,2,"['C01943', 'R01418']","[1788, 1789]",[],False
1102,5,"['C01944', 'C02832', 'R02009', 'R02855', 'R02892']","[1823, 1819, 1819, 1815, 1820]","['multi_match', 'birth_year_conflict']",True
1103,3,"['C01946', 'R02304', 'R02652']","[1829, 1830, 1826]","['multi_match', 'birth_year_conflict']",True
1104,2,"['C01947', 'R00065']","[1792, 1796]",['birth_year_conflict'],True
1105,4,"['C01950', 'C02417', 'R02011', 'R02167']","[1805, 1802, 1808, 1804]","['multi_match', 'birth_year_conflict']",True
1106,2,"['C01951', 'R01723']","[1796, 1795]",[],False
1107,4,"['C01955', 'C02436', 'R02028', 'R02369']","[1801, 1801, 1801, 1802]",['multi_match'],True
1108,2,"['C01957', 'R00462']","[1781, 1783]",[],False
1109,6,"['C01959', 'C02003', 'C02338', 'R00030', 'R00911', 'R01531']","[1840, 1835, 1834, 1836, 1833, 1840]","['multi_match', 'birth_year_conflict']",True
1110,3,"['C01960', 'C02447', 'R00931']","[1830, 1830, 1832]",['multi_match'],True
1111,4,"['C01966', 'C02887', 'R01416', 'R02794']","[1828, 1829, 1831, 1834]","['multi_match', 'birth_year_conflict']",True
1112,3,"['C01967', 'R01365', 'R02004']","[1791, 1791, 1792]",['multi_match'],True
1113,3,"['C01968', 'R00205', 'R02191']","[1818, 1820, 1823]","['multi_match', 'birth_year_conflict']",True
1114,2,"['C01973', 'R01196']","[1838, 1840]",[],False
1115,3,"['C01975', 'R00982', 'R02517']","[1786, 1786, 1788]",['multi_match'],True
1116,2,"['C01976', 'R00981']","[1836, 1837]",[],False
1117,4,"['C01979', 'C02537', 'R00687', 'R02689']","[1787, 1791, 1789, 1792]","['multi_match', 'birth_year_conflict']",True
1118,2,"['C01982', 'R02454']","[1815, 1812]",[],False
1119,2,"['C01985', 'R00009']","[1781, 1781]",[],False
1120,5,"['C01986', 'C02547', 'R00207', 'R01295', 'R02740']","[1802, 1800, 1799, 1799, 1799]",['multi_match'],True
1121,2,"['C01988', 'R02160']","[1792, 1792]",[],False
1122,2,"['C01991', 'R02575']","[1784, 1781]",[],False
1123,2,"['C01992', 'R02042']","[1822, 1823]",[],False
1124,2,"['C01993', 'R02728']","[1822, 1822]",[],False
1125,2,"['C02009', 'R00332']","[1807, 1805]",[],False
1126,2,"['C02010', 'R01741']","[1811, 1812]",[],False
1127,2,"['C02011', 'R02359']","[1807, 1807]",[],False
1128,2,"['C02013', 'R00412']","[1819, 1818]",[],False
1129,3,"['C02014', 'C02685', 'R00636']","[1805, 1807, 1806]",['multi_match'],True
1130,2,"['C02015', 'R01011']","[1810, 1808]",[],False
1131,2,"['C02019', 'R01014']","[1794, 1795]",[],False
1132,2,"['C02022', 'R02483']","[1788, 1787]",[],False
1133,2,"['C02023', 'R01742']","[1804, 1803]",[],False
1134,2,"['C02025', 'R02468']","[1823, 1822]",[],False
1135,2,"['C02032', 'R02729']","[1813, 1813]",[],False
1136,2,"['C02033', 'R01311']","[1808, 1807]",[],False
1137,2,"['C02038', 'R02900']","[1792, 1789]",[],False
1138,3,"['C02040', 'C02101', 'R02003']","[1817, 1817, 1814]",['multi_match'],True
1139,2,"['C02043', 'R01218']","[1814, 1815]",[],False
1140,3,"['C02044', 'R00552', 'R02840']","[1780, 1781, 1783]",['multi_match'],True
1141,2,"['C02048', 'R00723']","[1826, 1827]",[],False
1142,2,"['C02049', 'R00845']","[1793, 1792]",[],False
1143,2,"['C02052', 'R02130']","[1805, 1806]",[],False
1144,2,"['C02053', 'R02646']","[1783, 1786]",[],False
1145,2,"['C02054', 'R02249']","[1814, 1816]",[],False
1146,3,"['C02057', 'C02126', 'R01756']","[1793, 1792, 1793]",['multi_match'],True
1147,2,"['C02059', 'R01373']","[1808, 1807]",[],False
1148,2,"['C02060', 'R01726']","[1806, 1807]",[],False
1149,3,"['C02064', 'C02072', 'R02450']","[1824, 1826, 1824]",['multi_match'],True
1150,6,"['C02067', 'C02407', 'R01118', 'R01646', 'R02020', 'R02168']","[1794, 1789, 1795, 1795, 1791, 1792]","['multi_match', 'birth_year_conflict']",True
1151,2,"['C02070', 'R01851']","[1781, 1782]",[],False
1152,2,"['C02071', 'R00384']","[1780, 1781]",[],False
1153,2,"['C02073', 'R01864']","[1831, 1828]",[],False
1154,2,"['C02074', 'R00861']","[1786, 1786]",[],False
1155,2,"['C02076', 'R00656']","[1843, 1841]",[],False
1156,4,"['C02078', 'C02146', 'R01524', 'R01958']","[1817, 1816, 1817, 1817]",['multi_match'],True
1157,2,"['C02079', 'R00837']","[1803, 1804]",[],False
1158,2,"['C02080', 'R01034']","[1819, 1819]",[],False
1159,2,"['C02083', 'R02971']","[1797, 1797]",[],False
1160,4,"['C02084', 'C02381', 'C02992', 'R01299']","[1804, 1799, 1801, 1802]","['multi_match', 'birth_year_conflict']",True
1161,2,"['C02091', 'R02995']","[1789, 1790]",[],False
1162,2,"['C02093', 'R02426']","[1799, 1797]",[],False
1163,2,"['C02094', 'R00160']","[1837, 1835]",[],False
1164,4,"['C02096', 'C02943', 'R00340', 'R02474']","[1833, 1833, 1835, 1835]",['multi_match'],True
1165,2,"['C02097', 'R02179']","[1831, 1832]",[],False
1166,2,"['C02105', 'R00307']","[1782, 1782]",[],False
1167,2,"['C02106', 'R00475']","[1828, 1825]",[],False
1168,2,"['C02108', 'R00952']","[1815, 1816]",[],False
1169,2,"['C02109', 'R00045']","[1825, 1824]",[],False
1170,4,"['C02113', 'C02989', 'R00204', 'R01442']","[1793, 1796, 1793, 1793]",['multi_match'],True
1171,2,"['C02115', 'R00442']","[1798, 1796]",[],False
1172,3,"['C02117', 'C02742', 'R00521']","[1801, 1801, 1803]",['multi_match'],True
1173,3,"['C02119', 'R00500', 'R02677']","[1818, 1817, 1817]",['multi_match'],True
1174,2,"['C02121', 'R00315']","[1813, 1815]",[],False
1175,2,"['C02127', 'R01611']","[1786, 1784]",[],False
1176,2,"['C02130', 'R01318']","[1825, 1825]",[],False
1177,2,"['C02136', 'R00571']","[1822, 1824]",[],False
1178,2,"['C02137', 'R01261']","[1836, 1835]",[],False
1179,3,"['C02153', 'C02350', 'R01274']","[1835, 1835, 1838]",['multi_match'],True
1180,2,"['C02154', 'R00300']","[1824, 1824]",[],False
1181,2,"['C02156', 'R02206']","[1779, 1781]",[],False
1182,3,"['C02158', 'C02852', 'R01737']","[1790, 1790, 1789]",['multi_match'],True
1183,2,"['C02163', 'R00169']","[1805, 1807]",[],False
1184,2,"['C02165', 'R02783']","[1821, 1822]",[],False
1185,2,"['C02166', 'R01378']","[1787, 1786]",[],False
1186,2,"['C02173', 'R00083']","[1791, 1791]",[],False
1187,2,"['C02174', 'R01850']","[1806, 1806]",[],False
1188,2,"['C02175', 'R02173']","[1813, 1812]",[],False
1189,6,"['C02176', 'C02614', 'C02619', 'R00005', 'R01193', 'R01619']","[1839, 1842, 1839, 1836, 1837, 1838]","['multi_match', 'birth_year_conflict']",True
1190,2,"['C02177', 'R00106']","[1781, 1782]",[],False
1191,3,"['C02188', 'R02460', 'R02750']","[1824, 1828, 1828]","['multi_match', 'birth_year_conflict']",True
1192,2,"['C02189', 'R02655']","[1792, 1793]",[],False
1193,3,"['C02193', 'C02622', 'R00129']","[1790, 1791, 1788]",['multi_match'],True
1194,2,"['C02195', 'R00532']","[1805, 1803]",[],False
1195,2,"['C02196', 'R02823']","[1828, 1827]",[],False
1196,3,"['C02197', 'R00293', 'R02585']","[1803, 1801, 1803]",['multi_match'],True
1197,2,"['C02198', 'R01144']","[1838, 1839]",[],False
1198,2,"['C02199', 'R01376']","[1814, 1813]",[],False
1199,4,"['C02200', 'C02716', 'R02339', 'R02545']","[1829, 1828, 1830, 1827]",['multi_match'],True
1200,2,"['C02205', 'R02345']","[1837, 1835]",[],False
1201,4,"['C02208', 'C02922', 'R01384', 'R02606']","[1815, 1810, 1808, 1815]","['multi_match', 'birth_year_conflict']",True
1202,2,"['C02210', 'R00057']","[1795, 1795]",[],False
1203,4,"['C02222', 'C02550', 'R00483', 'R01517']","[1798, 1794, 1798, 1792]","['multi_match', 'birth_year_conflict']",True
1204,3,"['C02223', 'R02631', 'R02899']","[1800, 1798, 1799]",['multi_match'],True
1205,2,"['C02229', 'R00944']","[1781, 1783]",[],False
1206,2,"['C02231', 'R00667']","[1810, 1811]",[],False
1207,2,"['C02237', 'R00430']","[1803, 1801]",[],False
1208,2,"['C02246', 'R02940']","[1812, 1810]",[],False
1209,2,"['C02249', 'R01886']","[1817, 1817]",[],False
1210,2,"['C02253', 'R01630']","[1822, 1820]",[],False
1211,2,"['C02256', 'R00476']","[1780, 1784]",['birth_year_conflict'],True
1212,3,"['C02260', 'R00155', 'R01482']","[1833, 1831, 1830]",['multi_match'],True
1213,2,"['C02261', 'R02230']","[1832, 1831]",[],False
1214,3,"['C02265', 'R00660', 'R00992']","[1796, 1792, 1795]","['multi_match', 'birth_year_conflict']",True
1215,3,"['C02267', 'C02960', 'R00575']","[1800, 1797, 1801]","['multi_match', 'birth_year_conflict']",True
1216,2,"['C02268', 'R00775']","[1812, 1813]",[],False
1217,3,"['C02270', 'R02357', 'R02815']","[1801, 1800, 1800]",['multi_match'],True
1218,4,"['C02272', 'C02771', 'R00549', 'R01146']","[1832, 1828, 1827, 1831]","['multi_match', 'birth_year_conflict']",True
1219,2,"['C02273', 'R02985']","[1800, 1798]",[],False
1220,3,"['C02280', 'R00265', 'R02298']","[1799, 1799, 1795]","['multi_match', 'birth_year_conflict']",True
1221,2,"['C02281', 'R02949']","[1786, 1785]",[],False
1222,2,"['C02291', 'R01206']","[1782, 1784]",[],False
1223,3,"['C02292', 'R00864', 'R00901']","[1824, 1823, 1823]",['multi_match'],True
1224,4,"['C02293', 'C02675', 'R00679', 'R01244']","[1820, 1821, 1822, 1823]",['multi_match'],True
1225,2,"['C02296', 'R02966']","[1814, 1815]",[],False
1226,2,"['C02298', 'R01684']","[1823, 1821]",[],False
1227,2,"['C02301', 'R02025']","[1781, 1779]",[],False
1228,2,"['C02304', 'R02867']","[1835, 1835]",[],False
1229,3,"['C02305', 'R00361', 'R02091']","[1791, 1794, 1794]",['multi_match'],True
1230,2,"['C02306', 'R01463']","[1825, 1826]",[],False
1231,2,"['C02307', 'R00183']","[1819, 1820]",[],False
1232,3,"['C02313', 'C02568', 'R00292']","[1830, 1827, 1827]",['multi_match'],True
1233,2,"['C02314', 'R02414']","[1791, 1791]",[],False
1234,2,"['C02316', 'R00924']","[1793, 1792]",[],False
1235,3,"['C02318', 'R01729', 'R02866']","[1830, 1830, 1829]",['multi_match'],True
1236,2,"['C02322', 'R02211']","[1842, 1839]",[],False
1237,3,"['C02325', 'C02488', 'R01441']","[1817, 1816, 1813]","['multi_match', 'birth_year_conflict']",True
1238,2,"['C02326', 'R02827']","[1816, 1817]",[],False
1239,2,"['C02328', 'R00612']","[1783, 1782]",[],False
1240,2,"['C02331', 'R01894']","[1832, 1831]",[],False
1241,2,"['C02334', 'R01701']","[1797, 1797]",[],False
1242,5,"['C02339', 'C02456', 'R00192', 'R00250', 'R02708']","[1789, 1792, 1793, 1791, 1794]","['multi_match', 'birth_year_conflict']",True
1243,3,"['C02342', 'R01899', 'R02683']","[1814, 1812, 1810]","['multi_match', 'birth_year_conflict']",True
1244,2,"['C02343', 'R00920']","[1832, 1831]",[],False
1245,2,"['C02351', 'R01076']","[1782, 1780]",[],False
1246,2,"['C02353', 'R00112']","[1838, 1837]",[],False
1247,2,"['C02366', 'R02976']","[1818, 1819]",[],False
1248,2,"['C02369', 'R02059']","[1806, 1804]",[],False
1249,2,"['C02372', 'R00613']","[1779, 1778]",[],False
1250,3,"['C02377', 'R00835', 'R01333']","[1839, 1839, 1838]",['multi_match'],True
1251,2,"['C02378', 'R02469']","[1831, 1831]",[],False
1252,2,"['C02382', 'R02040']","[1811, 1815]",['birth_year_conflict'],True
1253,2,"['C02384', 'R02279']","[1833, 1833]",[],False
1254,2,"['C02391', 'R02281']","[1835, 1835]",[],False
1255,2,"['C02392', 'R01569']","[1783, 1783]",[],False
1256,3,"['C02395', 'R00869', 'R02924']","[1824, 1825, 1824]",['multi_match'],True
1257,2,"['C02396', 'R00719']","[1830, 1830]",[],False
1258,2,"['C02402', 'R02803']","[1786, 1787]",[],False
1259,4,"['C02406', 'C02768', 'R00616', 'R01012']","[1792, 1791, 1795, 1794]","['multi_match', 'birth_year_conflict']",True
1260,2,"['C02408', 'R02972']","[1810, 1810]",[],False
1261,3,"['C02411', 'C02565', 'R01268']","[1814, 1812, 1813]",['multi_match'],True
1262,2,"['C02414', 'R00507']","[1783, 1780]",[],False
1263,2,"['C02416', 'R01821']","[1809, 1810]",[],False
1264,2,"['C02421', 'R00658']","[1839, 1838]",[],False
1265,2,"['C02422', 'R01670']","[1803, 1801]",[],False
1266,2,"['C02424', 'R02758']","[1824, 1823]",[],False
1267,2,"['C02425', 'R00394']","[1837, 1839]",[],False
1268,2,"['C02429', 'R01591']","[1789, 1790]",[],False
1269,2,"['C02431', 'R01725']","[1780, 1782]",[],False
1270,2,"['C02439', 'R02787']","[1810, 1809]",[],False
1271,2,"['C02440', 'R00328']","[1784, 1783]",[],False
1272,2,"['C02443', 'R02497']","[1811, 1812]",[],False
1273,2,"['C02448', 'R00068']","[1833, 1832]",[],False
1274,3,"['C02457', 'R00212', 'R00810']","[1780, 1780, 1779]",['multi_match'],True
1275,2,"['C02461', 'R02700']","[1835, 1835]",[],False
1276,2,"['C02465', 'R01279']","[1782, 1783]",[],False
1277,2,"['C02467', 'R02720']","[1838, 1839]",[],False
1278,2,"['C02468', 'R01773']","[1830, 1829]",[],False
1279,2,"['C02473', 'R00878']","[1825, 1828]",[],False
1280,2,"['C02477', 'R00206']","[1829, 1827]",[],False
1281,2,"['C02482', 'R02033']","[1816, 1815]",[],False
1282,2,"['C02484', 'R00383']","[1832, 1834]",[],False
1283,3,"['C02485', 'R00672', 'R02185']","[1786, 1783, 1779]","['multi_match', 'birth_year_conflict']",True
1284,2,"['C02494', 'R00040']","[1824, 1826]",[],False
1285,2,"['C02498', 'R01959']","[1831, 1831]",[],False
1286,2,"['C02500', 'R01973']","[1794, 1797]",[],False
1287,3,"['C02503', 'R00703', 'R01876']","[1796, 1794, 1794]",['multi_match'],True
1288,2,"['C02505', 'R00066']","[1824, 1825]",[],False
1289,2,"['C02506', 'R00908']","[1823, 1820]",[],False
1290,4,"['C02507', 'C02746', 'R00642', 'R01692']","[1801, 1801, 1796, 1798]","['multi_match', 'birth_year_conflict']",True
1291,3,"['C02508', 'R00830', 'R01789']","[1804, 1806, 1803]",['multi_match'],True
1292,2,"['C02510', 'R01677']","[1781, 1779]",[],False
1293,2,"['C02511', 'R01486']","[1810, 1811]",[],False
1294,4,"['C02516', 'C02719', 'R00803', 'R00880']","[1823, 1824, 1823, 1826]",['multi_match'],True
1295,3,"['C02519', 'C02570', 'R00105']","[1795, 1796, 1795]",['multi_match'],True
1296,2,"['C02521', 'R02488']","[1793, 1789]",['birth_year_conflict'],True
1297,3,"['C02523', 'R01799', 'R02275']","[1792, 1793, 1792]",['multi_match'],True
1298,2,"['C02525', 'R00915']","[1808, 1808]",[],False
1299,2,"['C02527', 'R02614']","[1840, 1840]",[],False
1300,3,"['C02528', 'R00668', 'R01008']","[1818, 1820, 1817]",['multi_match'],True
1301,2,"['C02529', 'R00760']","[1798, 1798]",[],False
1302,2,"['C02530', 'R02423']","[1787, 1789]",[],False
1303,2,"['C02533', 'R00069']","[1799, 1798]",[],False
1304,2,"['C02534', 'R01879']","[1793, 1794]",[],False
1305,2,"['C02535', 'R01030']","[1837, 1840]",[],False
1306,2,"['C02541', 'R01949']","[1828, 1828]",[],False
1307,2,"['C02543', 'R00407']","[1820, 1821]",[],False
1308,2,"['C02555', 'R01508']","[1835, 1834]",[],False
1309,2,"['C02556', 'R00271']","[1810, 1812]",[],False
1310,2,"['C02559', 'R00249']","[1819, 1819]",[],False
1311,2,"['C02563', 'R02623']","[1828, 1827]",[],False
1312,2,"['C02566', 'R00599']","[1783, 1784]",[],False
1313,2,"['C02567', 'R00251']","[1807, 1806]",[],False
1314,4,"['C02574', 'C02813', 'R01130', 'R01179']","[1800, 1799, 1809, 1807]","['multi_match', 'birth_year_conflict']",True
1315,2,"['C02576', 'R02780']","[1800, 1798]",[],False
1316,2,"['C02580', 'R00763']","[1800, 1798]",[],False
1317,3,"['C02584', 'R01132', 'R01392']","[1802, 1802, 1802]",['multi_match'],True
1318,3,"['C02585', 'R01934', 'R02877']","[1809, 1813, 1810]","['multi_match', 'birth_year_conflict']",True
1319,2,"['C02587', 'R01248']","[1810, 1809]",[],False
1320,2,"['C02591', 'R01420']","[1779, 1779]",[],False
1321,2,"['C02594', 'R00110']","[1794, 1795]",[],False
1322,2,"['C02595', 'R02422']","[1840, 1841]",[],False
1323,2,"['C02597', 'R01408']","[1785, 1783]",[],False
1324,2,"['C02600', 'R01260']","[1811, 1807]",['birth_year_conflict'],True
1325,4,"['C02601', 'R00050', 'R01105', 'R01152']","[1833, 1834, 1837, 1833]","['multi_match', 'birth_year_conflict']",True
1326,2,"['C02602', 'R01500']","[1811, 1812]",[],False
1327,2,"['C02610', 'R00736']","[1831, 1829]",[],False
1328,3,"['C02611', 'C02616', 'R02178']","[1837, 1839, 1836]",['multi_match'],True
1329,2,"['C02612', 'R01021']","[1789, 1787]",[],False
1330,2,"['C02618', 'R02939']","[1801, 1800]",[],False
1331,2,"['C02627', 'R00540']","[1826, 1827]",[],False
1332,3,"['C02638', 'R02555', 'R02810']","[1835, 1833, 1836]",['multi_match'],True
1333,2,"['C02639', 'R01029']","[1790, 1791]",[],False
1334,3,"['C02645', 'R00491', 'R00793']","[1832, 1832, 1830]",['multi_match'],True
1335,2,"['C02646', 'R01223']","[1784, 1788]",['birth_year_conflict'],True
1336,2,"['C02647', 'R01063']","[1803, 1805]",[],False
1337,2,"['C02648', 'R02802']","[1799, 1797]",[],False
1338,3,"['C02660', 'R00858', 'R02584']","[1839, 1835, 1837]","['multi_match', 'birth_year_conflict']",True
1339,2,"['C02662', 'R00753']","[1791, 1793]",[],False
1340,2,"['C02663', 'R02520']","[1832, 1834]",[],False
1341,2,"['C02666', 'R01687']","[1789, 1788]",[],False
1342,2,"['C02669', 'R02023']","[1814, 1812]",[],False
1343,2,"['C02671', 'R02621']","[1821, 1822]",[],False
1344,3,"['C02677', 'R02386', 'R02512']","[1814, 1815, 1815]",['multi_match'],True
1345,3,"['C02681', 'R00245', 'R01428']","[1836, 1834, 1836]",['multi_match'],True
1346,3,"['C02682', 'C02871', 'R00894']","[1835, 1834, 1833]",['multi_match'],True
1347,2,"['C02686', 'R01911']","[1785, 1783]",[],False
1348,2,"['C02689', 'R01054']","[1826, 1827]",[],False
1349,2,"['C02690', 'R00892']","[1832, 1830]",[],False
1350,5,"['C02691', 'C02803', 'R02085', 'R02218', 'R02703']","[1794, 1797, 1798, 1798, 1793]","['multi_match', 'birth_year_conflict']",True
1351,2,"['C02696', 'R01504']","[1812, 1813]",[],False
1352,3,"['C02703', 'R00490', 'R00947']","[1783, 1782, 1783]",['multi_match'],True
1353,2,"['C02704', 'R01717']","[1784, 1782]",[],False
1354,3,"['C02708', 'C02762', 'R00601']","[1799, 1801, 1801]",['multi_match'],True
1355,2,"['C02709', 'R00342']","[1782, 1781]",[],False
1356,2,"['C02711', 'R01615']","[1808, 1811]",[],False
1357,2,"['C02712', 'R00886']","[1799, 1798]",[],False
1358,2,"['C02713', 'R01364']","[1794, 1792]",[],False
1359,2,"['C02715', 'R02375']","[1793, 1791]",[],False
1360,3,"['C02717', 'R00477', 'R02891']","[1806, 1808, 1806]",['multi_match'],True
1361,2,"['C02720', 'R00211']","[1802, 1803]",[],False
1362,2,"['C02722', 'R00252']","[1841, 1841]",[],False
1363,2,"['C02725', 'R00553']","[1833, 1833]",[],False
1364,2,"['C02728', 'R02159']","[1818, 1819]",[],False
1365,2,"['C02729', 'R00573']","[1794, 1791]",[],False
1366,2,"['C02734', 'R00170']","[1786, 1786]",[],False
1367,2,"['C02739', 'R00051']","[1798, 1798]",[],False
1368,3,"['C02743', 'R00698', 'R01990']","[1821, 1823, 1824]",['multi_match'],True
1369,2,"['C02744', 'R02291']","[1826, 1825]",[],False
1370,2,"['C02749', 'R00623']","[1778, 1779]",[],False
1371,2,"['C02750', 'R00747']","[1835, 1835]",[],False
1372,3,"['C02753', 'R00896', 'R01505']","[1783, 1786, 1782]","['multi_match', 'birth_year_conflict']",True
1373,2,"['C02755', 'R02980']","[1791, 1793]",[],False
1374,2,"['C02757', 'R02664']","[1796, 1800]",['birth_year_conflict'],True
1375,2,"['C02758', 'R02241']","[1826, 1826]",[],False
1376,2,"['C02759', 'R00644']","[1794, 1794]",[],False
1377,2,"['C02761', 'R00379']","[1816, 1813]",[],False
1378,4,"['C02766', 'C02831', 'R00640', 'R02672']","[1798, 1791, 1790, 1796]","['multi_match', 'birth_year_conflict']",True
1379,2,"['C02770', 'R02239']","[1833, 1836]",[],False
1380,2,"['C02775', 'R01642']","[1799, 1799]",[],False
1381,2,"['C02777', 'R01935']","[1806, 1806]",[],False
1382,2,"['C02782', 'R00257']","[1788, 1788]",[],False
1383,3,"['C02784', 'R00145', 'R01806']","[1789, 1786, 1786]",['multi_match'],True
1384,2,"['C02788', 'R02637']","[1779, 1782]",[],False
1385,3,"['C02792', 'R02026', 'R02046']","[1829, 1829, 1827]",['multi_match'],True
1386,2,"['C02794', 'R01786']","[1797, 1798]",[],False
1387,2,"['C02795', 'R00555']","[1797, 1797]",[],False
1388,3,"['C02796', 'R01777', 'R02765']","[1816, 1813, 1816]",['multi_match'],True
1389,2,"['C02799', 'R02853']","[1787, 1785]",[],False
1390,2,"['C02807', 'R00468']","[1788, 1788]",[],False
1391,3,"['C02814', 'R00285', 'R01525']","[1809, 1810, 1807]",['multi_match'],True
1392,3,"['C02817', 'R02818', 'R02991']","[1798, 1796, 1795]",['multi_match'],True
1393,2,"['C02818', 'R00883']","[1824, 1825]",[],False
1394,2,"['C02821', 'R01326']","[1831, 1830]",[],False
1395,2,"['C02823', 'R01528']","[1814, 1815]",[],False
1396,2,"['C02826', 'R00527']","[1801, 1801]",[],False
1397,2,"['C02829', 'R02223']","[1804, 1801]",[],False
1398,2,"['C02830', 'R01659']","[1823, 1820]",[],False
1399,2,"['C02835', 'R02660']","[1812, 1813]",[],False
1400,2,"['C02838', 'R01266']","[1789, 1790]",[],False
1401,2,"['C02842', 'R01217']","[1835, 1835]",[],False
1402,2,"['C02846', 'R00118']","[1833, 1830]",[],False
1403,4,"['C02851', 'C02956', 'R00504', 'R02436']","[1818, 1816, 1815, 1820]","['multi_match', 'birth_year_conflict']",True
1404,3,"['C02856', 'R01790', 'R02638']","[1813, 1809, 1809]","['multi_match', 'birth_year_conflict']",True
1405,2,"['C02861', 'R02903']","[1834, 1833]",[],False
1406,2,"['C02866', 'R00877']","[1839, 1838]",[],False
1407,2,"['C02870', 'R02408']","[1779, 1781]",[],False
1408,2,"['C02873', 'R02607']","[1789, 1786]",[],False
1409,2,"['C02874', 'R00458']","[1810, 1810]",[],False
1410,2,"['C02876', 'R02296']","[1809, 1808]",[],False
1411,2,"['C02882', 'R02865']","[1819, 1823]",['birth_year_conflict'],True
1412,2,"['C02884', 'R00154']","[1806, 1807]",[],False
1413,2,"['C02888', 'R01905']","[1793, 1793]",[],False
1414,2,"['C02894', 'R02005']","[1826, 1829]",[],False
1415,2,"['C02899', 'R01315']","[1791, 1790]",[],False
1416,2,"['C02903', 'R00073']","[1782, 1781]",[],False
1417,2,"['C02905', 'R00158']","[1798, 1797]",[],False
1418,2,"['C02906', 'R00937']","[1836, 1835]",[],False
1419,2,"['C02913', 'R01950']","[1825, 1826]",[],False
1420,2,"['C02914', 'R01407']","[1827, 1828]",[],False
1421,2,"['C02915', 'R00099']","[1834, 1832]",[],False
1422,2,"['C02917', 'R01209']","[1806, 1808]",[],False
1423,2,"['C02918', 'R01117']","[1799, 1799]",[],False
1424,2,"['C02919', 'R02910']","[1798, 1798]",[],False
1425,2,"['C02920', 'R00782']","[1801, 1801]",[],False
1426,2,"['C02921', 'R00724']","[1839, 1839]",[],False
1427,2,"['C02927', 'R02148']","[1812, 1808]",['birth_year_conflict'],True
1428,3,"['C02929', 'R00780', 'R01620']","[1837, 1839, 1837]",['multi_match'],True
1429,2,"['C02934', 'R01409']","[1798, 1796]",[],False
1430,2,"['C02935', 'R02997']","[1779, 1781]",[],False
1431,3,"['C02936', 'R02430', 'R02743']","[1817, 1818, 1818]",['multi_match'],True
1432,2,"['C02942', 'R00149']","[1779, 1782]",[],False
1433,2,"['C02947', 'R01814']","[1804, 1804]",[],False
1434,3,"['C02948', 'R00103', 'R02237']","[1827, 1828, 1826]",['multi_match'],True
1435,2,"['C02951', 'R02628']","[1832, 1831]",[],False
1436,2,"['C02952', 'R01432']","[1812, 1814]",[],False
1437,3,"['C02953', 'R01059', 'R01259']","[1819, 1822, 1822]",['multi_match'],True
1438,2,"['C02954', 'R01181']","[1788, 1788]",[],False
1439,2,"['C02958', 'R02101']","[1779, 1781]",[],False
1440,2,"['C02959', 'R02641']","[1801, 1802]",[],False
1441,2,"['C02961', 'R01644']","[1838, 1837]",[],False
1442,2,"['C02966', 'R01578']","[1834, 1835]",[],False
1443,2,"['C02967', 'R02331']","[1796, 1795]",[],False
1444,2,"['C02970', 'R00972']","[1813, 1808]",['birth_year_conflict'],True
1445,2,"['C02974', 'R02561']","[1813, 1814]",[],False
1446,2,"['C02975', 'R02183']","[1828, 1829]",[],False
1447,2,"['C02980', 'R01813']","[1831, 1833]",[],False
1448,4,"['C02981', 'R00281', 'R01325', 'R01921']","[1824, 1825, 1820, 1822]","['multi_match', 'birth_year_conflict']",True
1449,2,"['C02982', 'R00269']","[1781, 1781]",[],False
1450,2,"['C02983', 'R02744']","[1820, 1820]",[],False
1451,2,"['C02987', 'R02387']","[1836, 1836]",[],False
1452,2,"['C02993', 'R00487']","[1787, 1786]",[],False
1453,2,"['C02994', 'R00213']","[1795, 1796]",[],False
1454,2,"['C02996', 'R02110']","[1821, 1818]",[],False
1455,3,"['C02998', 'R01679', 'R01686']","[1787, 1787, 1790]",['multi_match'],True
