life_course_id,n_nodes,record_ids,birth_year_estimates,issues,flagged
0,2,"['C00000', 'R02231']","[1785, 1785]",[],False
1,2,"['C00002', 'R01149']","[1828, 1827]",[],False
2,2,"['C00003', 'R00515']","[1784, 1785]",[],False
3,2,"['C00004', 'R00295']","[1796, 1798]",[],False
4,2,"['C00005', 'R01603']","[1812, 1810]",[],False
5,2,"['C00007', 'R01165']","[1840, 1838]",[],False
6,2,"['C00008', 'R02379']","[1831, 1830]",[],False
7,2,"['C00012', 'R02917']","[1826, 1829]",[],False
8,2,"['C00014', 'R01058']","[1820, 1823]",[],False
9,2,"['C00015', 'R02919']","[1822, 1821]",[],False
10,2,"['C00016', 'R00891']","[1834, 1836]",[],False
11,2,"['C00017', 'R01344']","[1807, 1808]",[],False
12,2,"['C00019', 'R02443']","[1815, 1818]",[],False
13,2,"['C00020', 'R00591']","[1836, 1835]",[],False
14,2,"['C00022', 'R01411']","[1807, 1808]",[],False
15,2,"['C00025', 'R02707']","[1830, 1833]",[],False
16,2,"['C00026', 'R00979']","[1835, 1833]",[],False
17,2,"['C00027', 'R00125']","[1795, 1794]",[],False
18,2,"['C00028', 'R02573']","[1805, 1808]",[],False
19,2,"['C00029', 'R02682']","[1798, 1802]",['birth_year_conflict'],True
20,2,"['C00030', 'R00910']","[1840, 1845]",['birth_year_conflict'],True
21,2,"['C00031', 'R02342']","[1838, 1839]",[],False
22,2,"['C00032', 'R00999']","[1798, 1799]",[],False
23,2,"['C00033', 'R02723']","[1810, 1810]",[],False
24,2,"['C00034', 'R01099']","[1785, 1786]",[],False
25,2,"['C00035', 'R00469']","[1838, 1839]",[],False
26,2,"['C00036', 'R00545']","[1785, 1784]",[],False
27,2,"['C00038', 'R02155']","[1815, 1815]",[],False
28,2,"['C00039', 'R01282']","[1801, 1798]",[],False
29,2,"['C00040', 'R00695']","[1783, 1783]",[],False
30,2,"['C00043', 'R02634']","[1787, 1786]",[],False
31,2,"['C00044', 'R01762']","[1823, 1825]",[],False
32,2,"['C00045', 'R01932']","[1791, 1789]",[],False
33,2,"['C00046', 'R01563']","[1814, 1816]",[],False
34,2,"['C00049', 'R01954']","[1784, 1782]",[],False
35,2,"['C00051', 'R01696']","[1811, 1813]",[],False
36,2,"['C00052', 'R02267']","[1788, 1789]",[],False
37,2,"['C00054', 'R01340']","[1814, 1814]",[],False
38,2,"['C00055', 'R01283']","[1792, 1790]",[],False
39,2,"['C00056', 'R02759']","[1821, 1819]",[],False
40,2,"['C00057', 'R02857']","[1806, 1806]",[],False
41,2,"['C00058', 'R00607']","[1800, 1798]",[],False
42,2,"['C00059', 'R01137']","[1807, 1807]",[],False
43,2,"['C00060', 'R01108']","[1785, 1784]",[],False
44,2,"['C00061', 'R02180']","[1794, 1793]",[],False
45,2,"['C00065', 'R00854']","[1805, 1800]",['birth_year_conflict'],True
46,2,"['C00066', 'R00097']","[1808, 1804]",['birth_year_conflict'],True
47,2,"['C00068', 'R02280']","[1819, 1817]",[],False
48,2,"['C00069', 'R00720']","[1803, 1805]",[],False
49,2,"['C00071', 'R00953']","[1839, 1839]",[],False
50,2,"['C00072', 'R01734']","[1829, 1826]",[],False
51,2,"['C00073', 'R01440']","[1794, 1793]",[],False
52,2,"['C00074', 'R01470']","[1812, 1811]",[],False
53,2,"['C00075', 'R00356']","[1783, 1785]",[],False
54,2,"['C00076', 'R01943']","[1829, 1829]",[],False
55,2,"['C00077', 'R00932']","[1784, 1783]",[],False
56,2,"['C00078', 'R00089']","[1815, 1814]",[],False
57,2,"['C00079', 'R02642']","[1818, 1818]",[],False
58,2,"['C00080', 'R01582']","[1837, 1837]",[],False
59,2,"['C00081', 'R02302']","[1799, 1800]",[],False
60,2,"['C00082', 'R02343']","[1835, 1835]",[],False
61,2,"['C00084', 'R01116']","[1822, 1822]",[],False
62,2,"['C00085', 'R00825']","[1788, 1789]",[],False
63,2,"['C00086', 'R02933']","[1811, 1809]",[],False
64,2,"['C00087', 'R02349']","[1841, 1839]",[],False
65,2,"['C00088', 'R02947']","[1825, 1825]",[],False
66,2,"['C00090', 'R02541']","[1803, 1805]",[],False
67,2,"['C00091', 'R01241']","[1807, 1807]",[],False
68,2,"['C00092', 'R00203']","[1805, 1805]",[],False
69,2,"['C00093', 'R02263']","[1827, 1829]",[],False
70,2,"['C00094', 'R02292']","[1837, 1836]",[],False
71,2,"['C00096', 'R01111']","[1805, 1805]",[],False
72,2,"['C00097', 'R02253']","[1793, 1793]",[],False
73,2,"['C00098', 'R01527']","[1802, 1802]",[],False
74,2,"['C00104', 'R02908']","[1832, 1830]",[],False
75,2,"['C00106', 'R01128']","[1797, 1795]",[],False
76,2,"['C00107', 'R00001']","[1811, 1810]",[],False
77,2,"['C00109', 'R02368']","[1822, 1820]",[],False
78,2,"['C00110', 'R00153']","[1797, 1799]",[],False
79,2,"['C00112', 'R00900']","[1814, 1814]",[],False
80,2,"['C00114', 'R01987']","[1833, 1831]",[],False
81,2,"['C00117', 'R02748']","[1827, 1827]",[],False
82,2,"['C00118', 'R00620']","[1801, 1802]",[],False
83,2,"['C00119', 'R01297']","[1832, 1831]",[],False
84,2,"['C00120', 'R01715']","[1839, 1838]",[],False
85,2,"['C00121', 'R02530']","[1827, 1827]",[],False
86,2,"['C00122', 'R01495']","[1817, 1814]",[],False
87,2,"['C00123', 'R02341']","[1827, 1827]",[],False
88,2,"['C00125', 'R00180']","[1787, 1788]",[],False
89,2,"['C00126', 'R02806']","[1796, 1794]",[],False
90,2,"['C00128', 'R02678']","[1814, 1811]",[],False
91,2,"['C00129', 'R01056']","[1803, 1804]",[],False
92,2,"['C00130', 'R02937']","[1789, 1787]",[],False
93,2,"['C00132', 'R02391']","[1812, 1813]",[],False
94,2,"['C00133', 'R01631']","[1839, 1839]",[],False
95,2,"['C00134', 'R00633']","[1823, 1823]",[],False
96,2,"['C00136', 'R01386']","[1816, 1815]",[],False
97,2,"['C00139', 'R00108']","[1837, 1836]",[],False
98,2,"['C00142', 'R01085']","[1796, 1796]",[],False
99,2,"['C00143', 'R02145']","[1798, 1795]",[],False
100,2,"['C00146', 'R01150']","[1828, 1830]",[],False
101,2,"['C00147', 'R01492']","[1787, 1787]",[],False
102,2,"['C00148', 'R00440']","[1830, 1830]",[],False
103,2,"['C00150', 'R00399']","[1836, 1836]",[],False
104,2,"['C00151', 'R00786']","[1802, 1802]",[],False
105,2,"['C00152', 'R01589']","[1825, 1825]",[],False
106,2,"['C00153', 'R01051']","[1823, 1823]",[],False
107,2,"['C00154', 'R00404']","[1783, 1781]",[],False
108,2,"['C00156', 'R02860']","[1813, 1815]",[],False
109,2,"['C00157', 'R00459']","[1789, 1789]",[],False
110,2,"['C00159', 'R02653']","[1818, 1819]",[],False
111,2,"['C00160', 'R02969']","[1781, 1781]",[],False
112,2,"['C00161', 'R02871']","[1833, 1830]",[],False
113,2,"['C00162', 'R00107']","[1806, 1807]",[],False
114,2,"['C00165', 'R01930']","[1783, 1787]",['birth_year_conflict'],True
115,2,"['C00166', 'R02694']","[1783, 1784]",[],False
116,2,"['C00167', 'R02527']","[1781, 1781]",[],False
117,2,"['C00169', 'R00998']","[1780, 1782]",[],False
118,2,"['C00170', 'R01600']","[1828, 1829]",[],False
119,2,"['C00171', 'R01885']","[1809, 1808]",[],False
120,2,"['C00174', 'R02323']","[1831, 1831]",[],False
121,2,"['C00175', 'R01523']","[1839, 1841]",[],False
122,2,"['C00176', 'R02778']","[1822, 1821]",[],False
123,2,"['C00179', 'R00376']","[1816, 1817]",[],False
124,2,"['C00180', 'R02557']","[1785, 1785]",[],False
125,2,"['C00181', 'R01148']","[1842, 1839]",[],False
126,2,"['C00182', 'R01898']","[1826, 1827]",[],False
127,2,"['C00184', 'R02448']","[1811, 1813]",[],False
128,2,"['C00186', 'R01908']","[1816, 1814]",[],False
129,2,"['C00187', 'R00280']","[1791, 1793]",[],False
130,2,"['C00188', 'R02909']","[1827, 1828]",[],False
131,2,"['C00189', 'R02885']","[1825, 1824]",[],False
132,2,"['C00190', 'R00456']","[1787, 1791]",['birth_year_conflict'],True
133,2,"['C00191', 'R01413']","[1813, 1813]",[],False
134,2,"['C00193', 'R00070']","[1821, 1819]",[],False
135,2,"['C00194', 'R02654']","[1837, 1837]",[],False
136,2,"['C00195', 'R00348']","[1820, 1819]",[],False
137,2,"['C00196', 'R01957']","[1788, 1787]",[],False
138,2,"['C00197', 'R01585']","[1835, 1836]",[],False
139,2,"['C00198', 'R02669']","[1812, 1810]",[],False
140,2,"['C00199', 'R02658']","[1797, 1797]",[],False
141,2,"['C00200', 'R01991']","[1801, 1800]",[],False
142,2,"['C00203', 'R02013']","[1831, 1830]",[],False
143,2,"['C00205', 'R01243']","[1807, 1808]",[],False
144,2,"['C00206', 'R02959']","[1796, 1798]",[],False
145,2,"['C00208', 'R02674']","[1821, 1823]",[],False
146,2,"['C00210', 'R01513']","[1812, 1815]",[],False
147,2,"['C00212', 'R00870']","[1822, 1821]",[],False
148,2,"['C00213', 'R01501']","[1781, 1782]",[],False
149,2,"['C00216', 'R01867']","[1834, 1835]",[],False
150,2,"['C00217', 'R00239']","[1823, 1824]",[],False
151,2,"['C00219', 'R01581']","[1799, 1801]",[],False
152,2,"['C00220', 'R00086']","[1811, 1809]",[],False
153,2,"['C00221', 'R01575']","[1788, 1787]",[],False
154,2,"['C00222', 'R01195']","[1809, 1814]",['birth_year_conflict'],True
155,2,"['C00224', 'R00318']","[1830, 1832]",[],False
156,2,"['C00225', 'R00996']","[1828, 1828]",[],False
157,2,"['C00230', 'R00639']","[1798, 1801]",[],False
158,2,"['C00231', 'R00337']","[1795, 1793]",[],False
159,2,"['C00232', 'R02056']","[1808, 1809]",[],False
160,2,"['C00233', 'R02257']","[1833, 1833]",[],False
161,2,"['C00235', 'R01929']","[1817, 1815]",[],False
162,2,"['C00236', 'R00368']","[1812, 1813]",[],False
163,2,"['C00237', 'R02212']","[1823, 1821]",[],False
164,2,"['C00238', 'R01493']","[1834, 1832]",[],False
165,2,"['C00239', 'R02599']","[1840, 1839]",[],False
166,2,"['C00241', 'R00934']","[1836, 1836]",[],False
167,2,"['C00242', 'R00467']","[1784, 1785]",[],False
168,2,"['C00243', 'R00498']","[1837, 1837]",[],False
169,2,"['C00244', 'R02597']","[1827, 1823]",['birth_year_conflict'],True
170,2,"['C00245', 'R02618']","[1784, 1785]",[],False
171,2,"['C00246', 'R01424']","[1790, 1790]",[],False
172,2,"['C00249', 'R00177']","[1784, 1785]",[],False
173,2,"['C00251', 'R00557']","[1827, 1827]",[],False
174,2,"['C00252', 'R02194']","[1799, 1798]",[],False
175,2,"['C00253', 'R01249']","[1833, 1831]",[],False
176,2,"['C00255', 'R02455']","[1789, 1790]",[],False
177,2,"['C00256', 'R00961']","[1834, 1833]",[],False
178,2,"['C00257', 'R02649']","[1820, 1820]",[],False
179,2,"['C00260', 'R01852']","[1791, 1789]",[],False
180,2,"['C00261', 'R02276']","[1829, 1830]",[],False
181,2,"['C00262', 'R01004']","[1791, 1790]",[],False
182,2,"['C00263', 'R00027']","[1785, 1783]",[],False
183,2,"['C00264', 'R02251']","[1810, 1812]",[],False
184,2,"['C00265', 'R02574']","[1824, 1824]",[],False
185,2,"['C00266', 'R01503']","[1808, 1805]",[],False
186,2,"['C00267', 'R00392']","[1822, 1821]",[],False
187,2,"['C00268', 'R01124']","[1793, 1794]",[],False
188,2,"['C00269', 'R01847']","[1784, 1787]",[],False
189,2,"['C00270', 'R02793']","[1779, 1779]",[],False
190,2,"['C00272', 'R02950']","[1809, 1808]",[],False
191,2,"['C00273', 'R02590']","[1812, 1811]",[],False
192,2,"['C00274', 'R01593']","[1837, 1836]",[],False
193,2,"['C00276', 'R01964']","[1811, 1814]",[],False
194,2,"['C00277', 'R01668']","[1802, 1800]",[],False
195,2,"['C00279', 'R01080']","[1808, 1808]",[],False
196,2,"['C00280', 'R00372']","[1788, 1790]",[],False
197,2,"['C00281', 'R02591']","[1796, 1795]",[],False
198,2,"['C00282', 'R00902']","[1803, 1802]",[],False
199,2,"['C00283', 'R02270']","[1823, 1823]",[],False
200,2,"['C00285', 'R01447']","[1827, 1826]",[],False
201,2,"['C00286', 'R00367']","[1827, 1828]",[],False
202,2,"['C00287', 'R01972']","[1792, 1794]",[],False
203,2,"['C00289', 'R01349']","[1795, 1795]",[],False
204,2,"['C00292', 'R00841']","[1778, 1779]",[],False
205,2,"['C00293', 'R00879']","[1812, 1809]",[],False
206,2,"['C00294', 'R02569']","[1803, 1803]",[],False
207,2,"['C00295', 'R01881']","[1811, 1814]",[],False
208,2,"['C00296', 'R02421']","[1827, 1826]",[],False
209,2,"['C00297', 'R02172']","[1822, 1826]",['birth_year_conflict'],True
210,2,"['C00299', 'R01046']","[1828, 1827]",[],False
211,2,"['C00301', 'R02609']","[1824, 1825]",[],False
212,2,"['C00303', 'R01298']","[1827, 1830]",[],False
213,2,"['C00305', 'R01924']","[1803, 1804]",[],False
214,2,"['C00306', 'R02315']","[1797, 1795]",[],False
215,2,"['C00307', 'R02438']","[1837, 1838]",[],False
216,2,"['C00311', 'R00084']","[1835, 1835]",[],False
217,2,"['C00312', 'R00779']","[1785, 1786]",[],False
218,2,"['C00313', 'R01697']","[1784, 1786]",[],False
219,2,"['C00314', 'R01584']","[1802, 1803]",[],False
220,2,"['C00315', 'R00819']","[1808, 1807]",[],False
221,2,"['C00316', 'R01939']","[1807, 1809]",[],False
222,2,"['C00318', 'R02079']","[1794, 1793]",[],False
223,2,"['C00320', 'R02466']","[1812, 1812]",[],False
224,2,"['C00321', 'R01882']","[1833, 1832]",[],False
225,2,"['C00322', 'R00520']","[1810, 1808]",[],False
226,2,"['C00323', 'R00651']","[1827, 1825]",[],False
227,2,"['C00324', 'R02392']","[1813, 1810]",[],False
228,2,"['C00326', 'R01496']","[1831, 1831]",[],False
229,2,"['C00327', 'R02076']","[1833, 1835]",[],False
230,2,"['C00328', 'R01718']","[1812, 1811]",[],False
231,2,"['C00331', 'R01660']","[1781, 1781]",[],False
232,2,"['C00332', 'R01293']","[1822, 1822]",[],False
233,2,"['C00333', 'R02629']","[1786, 1789]",[],False
234,2,"['C00334', 'R02088']","[1788, 1789]",[],False
235,2,"['C00336', 'R00904']","[1782, 1784]",[],False
236,2,"['C00337', 'R01319']","[1837, 1837]",[],False
237,2,"['C00338', 'R01678']","[1836, 1838]",[],False
238,2,"['C00339', 'R00189']","[1795, 1795]",[],False
239,2,"['C00341', 'R02977']","[1840, 1838]",[],False
240,2,"['C00345', 'R00226']","[1788, 1789]",[],False
241,2,"['C00346', 'R00025']","[1838, 1839]",[],False
242,2,"['C00347', 'R01759']","[1821, 1819]",[],False
243,2,"['C00350', 'R02604']","[1800, 1800]",[],False
244,2,"['C00352', 'R00122']","[1825, 1823]",[],False
245,2,"['C00354', 'R00096']","[1804, 1804]",[],False
246,2,"['C00355', 'R01638']","[1829, 1831]",[],False
247,2,"['C00358', 'R02826']","[1810, 1806]",['birth_year_conflict'],True
248,2,"['C00359', 'R00745']","[1804, 1804]",[],False
249,2,"['C00361', 'R02751']","[1836, 1836]",[],False
250,2,"['C00362', 'R02306']","[1790, 1792]",[],False
251,2,"['C00363', 'R00389']","[1816, 1813]",[],False
252,2,"['C00364', 'R00699']","[1805, 1801]",['birth_year_conflict'],True
253,2,"['C00367', 'R01816']","[1812, 1812]",[],False
254,2,"['C00368', 'R01888']","[1834, 1835]",[],False
255,2,"['C00370', 'R02347']","[1836, 1835]",[],False
256,2,"['C00372', 'R01641']","[1823, 1823]",[],False
257,2,"['C00373', 'R01197']","[1815, 1815]",[],False
258,2,"['C00374', 'R00898']","[1833, 1834]",[],False
259,2,"['C00375', 'R00408']","[1822, 1821]",[],False
260,2,"['C00376', 'R02363']","[1814, 1814]",[],False
261,2,"['C00377', 'R02503']","[1809, 1807]",[],False
262,2,"['C00379', 'R02463']","[1839, 1836]",[],False
263,2,"['C00381', 'R01700']","[1792, 1791]",[],False
264,2,"['C00382', 'R01722']","[1836, 1837]",[],False
265,2,"['C00383', 'R02444']","[1790, 1790]",[],False
266,2,"['C00385', 'R00034']","[1805, 1804]",[],False
267,2,"['C00386', 'R02516']","[1801, 1801]",[],False
268,2,"['C00388', 'R02086']","[1783, 1779]",['birth_year_conflict'],True
269,2,"['C00389', 'R02979']","[1805, 1805]",[],False
270,2,"['C00390', 'R01552']","[1828, 1826]",[],False
271,2,"['C00391', 'R00605']","[1798, 1799]",[],False
272,2,"['C00392', 'R02721']","[1815, 1818]",[],False
273,2,"['C00395', 'R01691']","[1829, 1827]",[],False
274,2,"['C00396', 'R00638']","[1830, 1828]",[],False
275,2,"['C00397', 'R01540']","[1795, 1796]",[],False
276,2,"['C00399', 'R02839']","[1817, 1816]",[],False
277,2,"['C00400', 'R00641']","[1828, 1830]",[],False
278,2,"['C00401', 'R01699']","[1815, 1817]",[],False
279,2,"['C00402', 'R01993']","[1813, 1812]",[],False
280,2,"['C00404', 'R02686']","[1804, 1806]",[],False
281,2,"['C00405', 'R01433']","[1839, 1840]",[],False
282,2,"['C00406', 'R01906']","[1821, 1824]",[],False
283,2,"['C00407', 'R01752']","[1810, 1808]",[],False
284,2,"['C00408', 'R02507']","[1831, 1829]",[],False
285,2,"['C00409', 'R01484']","[1806, 1808]",[],False
286,2,"['C00410', 'R01220']","[1818, 1820]",[],False
287,2,"['C00412', 'R01439']","[1806, 1805]",[],False
288,2,"['C00413', 'R00969']","[1800, 1798]",[],False
289,2,"['C00414', 'R02829']","[1783, 1783]",[],False
290,2,"['C00416', 'R00821']","[1835, 1838]",[],False
291,2,"['C00417', 'R00587']","[1800, 1801]",[],False
292,2,"['C00419', 'R00853']","[1780, 1780]",[],False
293,2,"['C00420', 'R02188']","[1838, 1838]",[],False
294,2,"['C00421', 'R00675']","[1812, 1808]",['birth_year_conflict'],True
295,2,"['C00422', 'R00512']","[1797, 1797]",[],False
296,2,"['C00423', 'R01414']","[1800, 1800]",[],False
297,2,"['C00424', 'R01744']","[1790, 1790]",[],False
298,2,"['C00425', 'R01177']","[1804, 1804]",[],False
299,2,"['C00426', 'R00546']","[1795, 1797]",[],False
300,2,"['C00427', 'R01933']","[1837, 1834]",[],False
301,2,"['C00429', 'R02578']","[1801, 1804]",[],False
302,2,"['C00430', 'R01317']","[1808, 1805]",[],False
303,2,"['C00431', 'R00630']","[1791, 1793]",[],False
304,2,"['C00432', 'R02175']","[1813, 1813]",[],False
305,2,"['C00433', 'R01625']","[1809, 1812]",[],False
306,2,"['C00435', 'R02069']","[1824, 1822]",[],False
307,2,"['C00436', 'R01352']","[1827, 1825]",[],False
308,2,"['C00438', 'R00006']","[1836, 1838]",[],False
309,2,"['C00440', 'R02181']","[1792, 1791]",[],False
310,2,"['C00441', 'R02066']","[1810, 1807]",[],False
311,2,"['C00442', 'R01145']","[1826, 1825]",[],False
312,2,"['C00444', 'R01215']","[1778, 1779]",[],False
313,2,"['C00445', 'R00310']","[1826, 1825]",[],False
314,2,"['C00448', 'R02147']","[1803, 1804]",[],False
315,2,"['C00450', 'R01329']","[1797, 1798]",[],False
316,2,"['C00451', 'R00646']","[1806, 1806]",[],False
317,2,"['C00454', 'R00492']","[1798, 1798]",[],False
318,2,"['C00455', 'R00956']","[1813, 1816]",[],False
319,2,"['C00457', 'R02749']","[1793, 1795]",[],False
320,2,"['C00460', 'R02990']","[1791, 1793]",[],False
321,2,"['C00461', 'R01154']","[1823, 1822]",[],False
322,2,"['C00464', 'R01751']","[1785, 1783]",[],False
323,2,"['C00465', 'R01480']","[1824, 1825]",[],False
324,2,"['C00467', 'R00021']","[1794, 1793]",[],False
325,2,"['C00468', 'R02984']","[1787, 1786]",[],False
326,2,"['C00469', 'R00700']","[1786, 1786]",[],False
327,2,"['C00470', 'R00159']","[1824, 1821]",[],False
328,2,"['C00471', 'R01942']","[1784, 1786]",[],False
329,2,"['C00473', 'R00576']","[1780, 1778]",[],False
330,2,"['C00474', 'R01760']","[1788, 1789]",[],False
331,2,"['C00475', 'R02754']","[1812, 1811]",[],False
332,2,"['C00476', 'R00289']","[1800, 1798]",[],False
333,2,"['C00477', 'R02837']","[1828, 1827]",[],False
334,2,"['C00479', 'R01089']","[1787, 1788]",[],False
335,2,"['C00480', 'R02859']","[1802, 1805]",[],False
336,2,"['C00481', 'R00496']","[1803, 1803]",[],False
337,2,"['C00482', 'R02989']","[1800, 1801]",[],False
338,2,"['C00483', 'R01702']","[1793, 1789]",['birth_year_conflict'],True
339,2,"['C00484', 'R00437']","[1836, 1837]",[],False
340,2,"['C00486', 'R00967']","[1819, 1820]",[],False
341,2,"['C00488', 'R00433']","[1783, 1785]",[],False
342,2,"['C00491', 'R01188']","[1840, 1840]",[],False
343,2,"['C00492', 'R01353']","[1799, 1796]",[],False
344,2,"['C00494', 'R00514']","[1828, 1827]",[],False
345,2,"['C00495', 'R00439']","[1827, 1828]",[],False
346,2,"['C00496', 'R01520']","[1832, 1833]",[],False
347,2,"['C00499', 'R00221']","[1785, 1785]",[],False
348,2,"['C00501', 'R00950']","[1782, 1781]",[],False
349,2,"['C00502', 'R00446']","[1830, 1832]",[],False
350,2,"['C00503', 'R01309']","[1841, 1841]",[],False
351,2,"['C00504', 'R01001']","[1830, 1827]",[],False
352,2,"['C00505', 'R00716']","[1831, 1830]",[],False
353,2,"['C00507', 'R00360']","[1838, 1837]",[],False
354,2,"['C00509', 'R02843']","[1828, 1829]",[],False
355,2,"['C00510', 'R01639']","[1808, 1809]",[],False
356,2,"['C00511', 'R00749']","[1805, 1805]",[],False
357,2,"['C00512', 'R01714']","[1815, 1816]",[],False
358,2,"['C00513', 'R02196']","[1836, 1835]",[],False
359,2,"['C00515', 'R00885']","[1780, 1779]",[],False
360,2,"['C00516', 'R01793']","[1810, 1809]",[],False
361,2,"['C00517', 'R02102']","[1799, 1798]",[],False
362,2,"['C00519', 'R01634']","[1812, 1813]",[],False
363,2,"['C00520', 'R01434']","[1837, 1839]",[],False
364,2,"['C00521', 'R00513']","[1840, 1837]",[],False
365,2,"['C00522', 'R01178']","[1802, 1804]",[],False
366,2,"['C00523', 'R00202']","[1809, 1810]",[],False
367,2,"['C00524', 'R01013']","[1795, 1794]",[],False
368,2,"['C00525', 'R00256']","[1787, 1786]",[],False
369,2,"['C00526', 'R00448']","[1827, 1828]",[],False
370,2,"['C00527', 'R00415']","[1810, 1810]",[],False
371,2,"['C00529', 'R00787']","[1811, 1811]",[],False
372,2,"['C00530', 'R00659']","[1808, 1805]",[],False
373,2,"['C00531', 'R01623']","[1778, 1782]",['birth_year_conflict'],True
374,2,"['C00532', 'R00369']","[1798, 1802]",['birth_year_conflict'],True
375,2,"['C00533', 'R02396']","[1782, 1780]",[],False
376,2,"['C00534', 'R02956']","[1781, 1781]",[],False
377,2,"['C00536', 'R00954']","[1819, 1818]",[],False
378,2,"['C00537', 'R00621']","[1835, 1837]",[],False
379,2,"['C00538', 'R00694']","[1801, 1801]",[],False
380,2,"['C00540', 'R02204']","[1791, 1792]",[],False
381,2,"['C00541', 'R00167']","[1814, 1815]",[],False
382,2,"['C00542', 'R02602']","[1805, 1805]",[],False
383,2,"['C00543', 'R00888']","[1802, 1801]",[],False
384,2,"['C00544', 'R01222']","[1790, 1789]",[],False
385,2,"['C00545', 'R00014']","[1838, 1839]",[],False
386,2,"['C00546', 'R02247']","[1788, 1788]",[],False
387,2,"['C00547', 'R01640']","[1801, 1801]",[],False
388,2,"['C00549', 'R01429']","[1823, 1824]",[],False
389,2,"['C00553', 'R00543']","[1782, 1779]",[],False
390,2,"['C00554', 'R02581']","[1827, 1827]",[],False
391,2,"['C00555', 'R01918']","[1820, 1819]",[],False
392,2,"['C00557', 'R00364']","[1810, 1807]",[],False
393,2,"['C00558', 'R00816']","[1810, 1809]",[],False
394,2,"['C00559', 'R02880']","[1806, 1808]",[],False
395,2,"['C00560', 'R00319']","[1837, 1837]",[],False
396,2,"['C00562', 'R00287']","[1838, 1839]",[],False
397,2,"['C00563', 'R01667']","[1781, 1781]",[],False
398,2,"['C00564', 'R00529']","[1818, 1820]",[],False
399,2,"['C00565', 'R02354']","[1829, 1827]",[],False
400,2,"['C00567', 'R00542']","[1810, 1809]",[],False
401,2,"['C00569', 'R02261']","[1803, 1801]",[],False
402,2,"['C00571', 'R01103']","[1798, 1798]",[],False
403,2,"['C00572', 'R01090']","[1812, 1811]",[],False
404,2,"['C00573', 'R00184']","[1815, 1815]",[],False
405,2,"['C00574', 'R02796']","[1825, 1823]",[],False
406,2,"['C00577', 'R00918']","[1782, 1783]",[],False
407,2,"['C00578', 'R01074']","[1804, 1803]",[],False
408,2,"['C00579', 'R02266']","[1823, 1827]",['birth_year_conflict'],True
409,2,"['C00580', 'R02848']","[1806, 1804]",[],False
410,2,"['C00581', 'R01766']","[1796, 1794]",[],False
411,2,"['C00582', 'R02065']","[1784, 1785]",[],False
412,2,"['C00584', 'R00533']","[1815, 1819]",['birth_year_conflict'],True
413,2,"['C00585', 'R02269']","[1793, 1793]",[],False
414,2,"['C00587', 'R01278']","[1839, 1839]",[],False
415,2,"['C00588', 'R01435']","[1793, 1793]",[],False
416,2,"['C00590', 'R02514']","[1783, 1784]",[],False
417,2,"['C00592', 'R02914']","[1827, 1827]",[],False
418,2,"['C00593', 'R00283']","[1803, 1804]",[],False
419,2,"['C00594', 'R02449']","[1791, 1790]",[],False
420,2,"['C00595', 'R00128']","[1794, 1794]",[],False
421,2,"['C00597', 'R00288']","[1788, 1787]",[],False
422,2,"['C00598', 'R00038']","[1834, 1833]",[],False
423,2,"['C00599', 'R01211']","[1828, 1829]",[],False
424,2,"['C00601', 'R00600']","[1805, 1814]",['birth_year_conflict'],True
425,2,"['C00602', 'R02287']","[1793, 1791]",[],False
426,2,"['C00603', 'R01186']","[1839, 1838]",[],False
427,2,"['C00604', 'R02951']","[1802, 1800]",[],False
428,2,"['C00606', 'R02217']","[1828, 1830]",[],False
429,2,"['C00607', 'R02176']","[1793, 1791]",[],False
430,2,"['C00609', 'R00037']","[1824, 1824]",[],False
431,2,"['C00610', 'R02300']","[1788, 1787]",[],False
432,2,"['C00612', 'R02881']","[1820, 1822]",[],False
433,2,"['C00613', 'R01912']","[1799, 1798]",[],False
434,2,"['C00614', 'R00297']","[1813, 1812]",[],False
435,2,"['C00615', 'R00424']","[1809, 1810]",[],False
436,2,"['C00617', 'R00220']","[1791, 1790]",[],False
437,2,"['C00618', 'R02613']","[1832, 1830]",[],False
438,2,"['C00619', 'R00444']","[1797, 1796]",[],False
439,2,"['C00620', 'R00804']","[1823, 1823]",[],False
440,2,"['C00621', 'R02459']","[1820, 1818]",[],False
441,2,"['C00622', 'R02453']","[1782, 1781]",[],False
442,2,"['C00624', 'R00873']","[1789, 1787]",[],False
443,2,"['C00625', 'R01383']","[1815, 1814]",[],False
444,2,"['C00627', 'R01755']","[1805, 1805]",[],False
445,2,"['C00628', 'R01716']","[1831, 1833]",[],False
446,2,"['C00629', 'R01481']","[1821, 1822]",[],False
447,2,"['C00630', 'R02162']","[1838, 1835]",[],False
448,2,"['C00632', 'R00765']","[1841, 1839]",[],False
449,2,"['C00634', 'R01047']","[1812, 1812]",[],False
450,2,"['C00635', 'R01498']","[1814, 1815]",[],False
451,2,"['C00636', 'R02328']","[1823, 1824]",[],False
452,2,"['C00638', 'R01739']","[1822, 1820]",[],False
453,2,"['C00639', 'R02727']","[1810, 1809]",[],False
454,2,"['C00641', 'R00663']","[1791, 1793]",[],False
455,2,"['C00642', 'R01749']","[1792, 1791]",[],False
456,2,"['C00644', 'R01982']","[1834, 1835]",[],False
457,2,"['C00645', 'R01494']","[1814, 1815]",[],False
458,2,"['C00646', 'R00036']","[1814, 1811]",[],False
459,2,"['C00647', 'R00690']","[1818, 1817]",[],False
460,2,"['C00648', 'R01835']","[1803, 1802]",[],False
461,2,"['C00649', 'R00731']","[1818, 1816]",[],False
462,2,"['C00650', 'R00409']","[1815, 1816]",[],False
463,2,"['C00651', 'R00592']","[1806, 1808]",[],False
464,2,"['C00653', 'R01002']","[1837, 1839]",[],False
465,2,"['C00654', 'R00725']","[1837, 1837]",[],False
466,2,"['C00657', 'R00266']","[1828, 1828]",[],False
467,2,"['C00659', 'R00674']","[1793, 1792]",[],False
468,2,"['C00660', 'R02697']","[1837, 1839]",[],False
469,2,"['C00661', 'R00645']","[1809, 1807]",[],False
470,2,"['C00662', 'R01748']","[1803, 1805]",[],False
471,2,"['C00663', 'R00940']","[1797, 1798]",[],False
472,2,"['C00664', 'R01927']","[1831, 1830]",[],False
473,2,"['C00665', 'R02169']","[1792, 1790]",[],False
474,2,"['C00666', 'R01703']","[1797, 1794]",[],False
475,2,"['C00667', 'R00632']","[1830, 1828]",[],False
476,2,"['C00668', 'R00721']","[1803, 1803]",[],False
477,2,"['C00669', 'R01556']","[1803, 1803]",[],False
478,2,"['C00670', 'R01580']","[1791, 1790]",[],False
479,2,"['C00671', 'R02428']","[1811, 1812]",[],False
480,2,"['C00672', 'R02863']","[1789, 1787]",[],False
481,2,"['C00673', 'R02313']","[1806, 1806]",[],False
482,2,"['C00674', 'R00087']","[1817, 1815]",[],False
483,2,"['C00675', 'R00583']","[1807, 1806]",[],False
484,2,"['C00681', 'R02087']","[1816, 1813]",[],False
485,2,"['C00684', 'R02701']","[1822, 1826]",['birth_year_conflict'],True
486,2,"['C00685', 'R01811']","[1840, 1839]",[],False
487,2,"['C00687', 'R01400']","[1832, 1835]",[],False
488,2,"['C00689', 'R01345']","[1835, 1836]",[],False
489,2,"['C00690', 'R01077']","[1811, 1811]",[],False
490,2,"['C00691', 'R00505']","[1828, 1829]",[],False
491,2,"['C00692', 'R02519']","[1800, 1799]",[],False
492,2,"['C00696', 'R01252']","[1803, 1803]",[],False
493,2,"['C00697', 'R02446']","[1805, 1806]",[],False
494,2,"['C00699', 'R00712']","[1830, 1830]",[],False
495,2,"['C00700', 'R01980']","[1786, 1786]",[],False
496,2,"['C00702', 'R00563']","[1839, 1837]",[],False
497,2,"['C00703', 'R00995']","[1798, 1798]",[],False
498,2,"['C00704', 'R02201']","[1813, 1814]",[],False
499,2,"['C00705', 'R02482']","[1795, 1796]",[],False
500,2,"['C00706', 'R02089']","[1785, 1784]",[],False
501,2,"['C00707', 'R01291']","[1785, 1786]",[],False
502,2,"['C00708', 'R02054']","[1807, 1806]",[],False
503,2,"['C00709', 'R01265']","[1834, 1834]",[],False
504,2,"['C00710', 'R00579']","[1803, 1805]",[],False
505,2,"['C00711', 'R02138']","[1804, 1805]",[],False
506,2,"['C00712', 'R02121']","[1801, 1801]",[],False
507,2,"['C00713', 'R00876']","[1836, 1836]",[],False
508,2,"['C00715', 'R01201']","[1806, 1805]",[],False
509,2,"['C00716', 'R01785']","[1808, 1805]",[],False
510,2,"['C00717', 'R00075']","[1810, 1811]",[],False
511,2,"['C00718', 'R00263']","[1818, 1819]",[],False
512,2,"['C00719', 'R01778']","[1826, 1827]",[],False
513,2,"['C00720', 'R01926']","[1796, 1796]",[],False
514,2,"['C00722', 'R01456']","[1812, 1812]",[],False
515,2,"['C00723', 'R02373']","[1807, 1807]",[],False
516,2,"['C00724', 'R01462']","[1787, 1789]",[],False
517,2,"['C00726', 'R01545']","[1794, 1792]",[],False
518,2,"['C00727', 'R00123']","[1809, 1808]",[],False
519,2,"['C00729', 'R01061']","[1825, 1824]",[],False
520,2,"['C00730', 'R02769']","[1823, 1823]",[],False
521,2,"['C00731', 'R01544']","[1808, 1810]",[],False
522,2,"['C00733', 'R00429']","[1808, 1810]",[],False
523,2,"['C00734', 'R00777']","[1783, 1781]",[],False
524,2,"['C00736', 'R02286']","[1799, 1798]",[],False
525,2,"['C00738', 'R01676']","[1825, 1827]",[],False
526,2,"['C00740', 'R01262']","[1801, 1803]",[],False
527,2,"['C00741', 'R02235']","[1824, 1827]",[],False
528,2,"['C00742', 'R00572']","[1820, 1820]",[],False
529,2,"['C00743', 'R02207']","[1825, 1827]",[],False
530,2,"['C00745', 'R00524']","[1797, 1798]",[],False
531,2,"['C00746', 'R01808']","[1808, 1809]",[],False
532,2,"['C00747', 'R01613']","[1837, 1840]",[],False
533,2,"['C00748', 'R00933']","[1779, 1780]",[],False
534,2,"['C00749', 'R00643']","[1817, 1816]",[],False
535,2,"['C00750', 'R00095']","[1829, 1828]",[],False
536,2,"['C00751', 'R01910']","[1800, 1798]",[],False
537,2,"['C00752', 'R02129']","[1835, 1835]",[],False
538,2,"['C00753', 'R00580']","[1782, 1784]",[],False
539,2,"['C00754', 'R02958']","[1834, 1835]",[],False
540,2,"['C00755', 'R00551']","[1829, 1830]",[],False
541,2,"['C00756', 'R00229']","[1789, 1788]",[],False
542,2,"['C00757', 'R00857']","[1800, 1801]",[],False
543,2,"['C00759', 'R00494']","[1839, 1836]",[],False
544,2,"['C00761', 'R00831']","[1826, 1824]",[],False
545,2,"['C00762', 'R01546']","[1822, 1822]",[],False
546,2,"['C00763', 'R02429']","[1805, 1808]",[],False
547,2,"['C00765', 'R02295']","[1790, 1790]",[],False
548,2,"['C00766', 'R02952']","[1821, 1822]",[],False
549,2,"['C00768', 'R02797']","[1803, 1805]",[],False
550,2,"['C00769', 'R02896']","[1821, 1821]",[],False
551,2,"['C00770', 'R01003']","[1828, 1827]",[],False
552,2,"['C00771', 'R02022']","[1814, 1810]",['birth_year_conflict'],True
553,2,"['C00772', 'R01156']","[1836, 1834]",[],False
554,2,"['C00774', 'R02197']","[1808, 1808]",[],False
555,2,"['C00775', 'R02470']","[1792, 1793]",[],False
556,2,"['C00777', 'R00357']","[1786, 1783]",[],False
557,2,"['C00779', 'R02199']","[1818, 1818]",[],False
558,2,"['C00780', 'R02151']","[1826, 1826]",[],False
559,2,"['C00782', 'R01913']","[1785, 1786]",[],False
560,2,"['C00783', 'R02092']","[1793, 1795]",[],False
561,2,"['C00785', 'R01238']","[1804, 1804]",[],False
562,2,"['C00786', 'R01655']","[1838, 1836]",[],False
563,2,"['C00787', 'R00936']","[1840, 1841]",[],False
564,2,"['C00788', 'R02546']","[1781, 1780]",[],False
565,2,"['C00789', 'R00474']","[1811, 1814]",[],False
566,2,"['C00790', 'R01903']","[1805, 1806]",[],False
567,2,"['C00791', 'R00973']","[1822, 1823]",[],False
568,2,"['C00792', 'R01035']","[1812, 1814]",[],False
569,2,"['C00793', 'R00665']","[1831, 1834]",[],False
570,2,"['C00794', 'R01488']","[1803, 1800]",[],False
571,2,"['C00795', 'R02577']","[1810, 1809]",[],False
572,2,"['C00796', 'R02771']","[1839, 1836]",[],False
573,2,"['C00799', 'R00610']","[1794, 1793]",[],False
574,2,"['C00800', 'R00044']","[1821, 1821]",[],False
575,2,"['C00801', 'R01096']","[1781, 1784]",[],False
576,2,"['C00802', 'R00004']","[1821, 1824]",[],False
577,2,"['C00803', 'R01301']","[1805, 1804]",[],False
578,2,"['C00805', 'R01998']","[1794, 1796]",[],False
579,2,"['C00806', 'R02834']","[1803, 1803]",[],False
580,2,"['C00808', 'R02680']","[1802, 1800]",[],False
581,2,"['C00809', 'R02500']","[1779, 1780]",[],False
582,2,"['C00810', 'R01838']","[1789, 1788]",[],False
583,2,"['C00811', 'R02383']","[1796, 1796]",[],False
584,2,"['C00812', 'R00594']","[1827, 1828]",[],False
585,2,"['C00813', 'R02001']","[1831, 1829]",[],False
586,2,"['C00814', 'R00375']","[1782, 1784]",[],False
587,2,"['C00815', 'R02647']","[1823, 1822]",[],False
588,2,"['C00816', 'R01172']","[1786, 1789]",[],False
589,2,"['C00817', 'R01081']","[1798, 1799]",[],False
590,2,"['C00820', 'R00334']","[1789, 1791]",[],False
591,2,"['C00821', 'R01425']","[1795, 1796]",[],False
592,2,"['C00822', 'R02335']","[1821, 1824]",[],False
593,2,"['C00823', 'R01190']","[1803, 1800]",[],False
594,2,"['C00825', 'R01007']","[1790, 1789]",[],False
595,2,"['C00826', 'R00134']","[1831, 1828]",[],False
596,2,"['C00827', 'R02480']","[1807, 1805]",[],False
597,2,"['C00829', 'R00827']","[1833, 1833]",[],False
598,2,"['C00830', 'R02706']","[1840, 1838]",[],False
599,2,"['C00831', 'R01354']","[1782, 1780]",[],False
600,2,"['C00832', 'R02351']","[1804, 1804]",[],False
601,2,"['C00833', 'R00832']","[1833, 1830]",[],False
602,2,"['C00834', 'R00914']","[1808, 1808]",[],False
603,2,"['C00839', 'R02906']","[1813, 1811]",[],False
604,2,"['C00840', 'R00582']","[1828, 1829]",[],False
605,2,"['C00841', 'R00564']","[1827, 1825]",[],False
606,2,"['C00842', 'R01845']","[1791, 1789]",[],False
607,2,"['C00844', 'R00391']","[1806, 1805]",[],False
608,2,"['C00845', 'R01255']","[1819, 1818]",[],False
609,2,"['C00846', 'R01276']","[1784, 1784]",[],False
610,2,"['C00847', 'R01746']","[1799, 1800]",[],False
611,2,"['C00850', 'R02709']","[1800, 1799]",[],False
612,2,"['C00851', 'R00597']","[1797, 1796]",[],False
613,2,"['C00854', 'R01865']","[1805, 1804]",[],False
614,2,"['C00856', 'R02254']","[1784, 1785]",[],False
615,2,"['C00857', 'R02144']","[1835, 1837]",[],False
616,2,"['C00858', 'R02452']","[1779, 1781]",[],False
617,2,"['C00859', 'R02953']","[1778, 1782]",['birth_year_conflict'],True
618,2,"['C00860', 'R02067']","[1790, 1794]",['birth_year_conflict'],True
619,2,"['C00861', 'R02477']","[1823, 1822]",[],False
620,2,"['C00862', 'R02356']","[1825, 1825]",[],False
621,2,"['C00863', 'R00003']","[1788, 1789]",[],False
622,2,"['C00864', 'R01940']","[1792, 1794]",[],False
623,2,"['C00866', 'R01529']","[1811, 1814]",[],False
624,2,"['C00867', 'R00115']","[1788, 1787]",[],False
625,2,"['C00868', 'R02830']","[1803, 1803]",[],False
626,2,"['C00869', 'R01020']","[1809, 1807]",[],False
627,2,"['C00870', 'R02876']","[1819, 1818]",[],False
628,2,"['C00871', 'R00306']","[1788, 1787]",[],False
629,2,"['C00872', 'R00867']","[1789, 1792]",[],False
630,2,"['C00874', 'R02536']","[1835, 1834]",[],False
631,2,"['C00875', 'R02388']","[1836, 1835]",[],False
632,2,"['C00877', 'R00029']","[1824, 1827]",[],False
633,2,"['C00880', 'R01253']","[1816, 1820]",['birth_year_conflict'],True
634,2,"['C00882', 'R01685']","[1788, 1787]",[],False
635,2,"['C00883', 'R01423']","[1827, 1828]",[],False
636,2,"['C00885', 'R00241']","[1829, 1829]",[],False
637,2,"['C00886', 'R02542']","[1835, 1835]",[],False
638,2,"['C00891', 'R02882']","[1823, 1823]",[],False
639,2,"['C00892', 'R00680']","[1812, 1815]",[],False
640,2,"['C00893', 'R02246']","[1832, 1836]",['birth_year_conflict'],True
641,2,"['C00894', 'R02219']","[1819, 1820]",[],False
642,2,"['C00895', 'R02854']","[1823, 1824]",[],False
643,2,"['C00898', 'R02473']","[1798, 1802]",['birth_year_conflict'],True
644,2,"['C00899', 'R01948']","[1822, 1823]",[],False
645,2,"['C00901', 'R01233']","[1788, 1787]",[],False
646,2,"['C00903', 'R02100']","[1816, 1815]",[],False
647,2,"['C00905', 'R00113']","[1788, 1787]",[],False
648,2,"['C00907', 'R00359']","[1792, 1791]",[],False
649,2,"['C00908', 'R02240']","[1798, 1801]",[],False
650,2,"['C00909', 'R02458']","[1803, 1798]",['birth_year_conflict'],True
651,2,"['C00910', 'R01458']","[1797, 1797]",[],False
652,2,"['C00911', 'R01839']","[1827, 1823]",['birth_year_conflict'],True
653,2,"['C00912', 'R02077']","[1826, 1827]",[],False
654,2,"['C00913', 'R00661']","[1801, 1800]",[],False
655,2,"['C00915', 'R00785']","[1817, 1816]",[],False
656,2,"['C00916', 'R02968']","[1820, 1820]",[],False
657,2,"['C00917', 'R01281']","[1839, 1838]",[],False
658,2,"['C00918', 'R02115']","[1823, 1823]",[],False
659,2,"['C00921', 'R00339']","[1823, 1822]",[],False
660,2,"['C00923', 'R01307']","[1825, 1827]",[],False
661,2,"['C00924', 'R00223']","[1789, 1786]",[],False
662,2,"['C00927', 'R01596']","[1810, 1809]",[],False
663,2,"['C00928', 'R00881']","[1832, 1833]",[],False
664,2,"['C00929', 'R01509']","[1792, 1793]",[],False
665,2,"['C00930', 'R02515']","[1836, 1833]",[],False
666,2,"['C00933', 'R02670']","[1826, 1828]",[],False
667,2,"['C00936', 'R01443']","[1814, 1814]",[],False
668,2,"['C00937', 'R00243']","[1798, 1799]",[],False
669,2,"['C00939', 'R02243']","[1818, 1815]",[],False
670,2,"['C00940', 'R00978']","[1822, 1822]",[],False
671,2,"['C00942', 'R01652']","[1793, 1793]",[],False
672,2,"['C00943', 'R02738']","[1830, 1831]",[],False
673,2,"['C00944', 'R02007']","[1804, 1802]",[],False
674,2,"['C00945', 'R02128']","[1814, 1815]",[],False
675,2,"['C00946', 'R02165']","[1830, 1830]",[],False
676,2,"['C00947', 'R00378']","[1820, 1820]",[],False
677,2,"['C00949', 'R01995']","[1812, 1810]",[],False
678,2,"['C00950', 'R01377']","[1794, 1794]",[],False
679,2,"['C00951', 'R02326']","[1821, 1824]",[],False
680,2,"['C00953', 'R02478']","[1789, 1787]",[],False
681,2,"['C00955', 'R00919']","[1829, 1827]",[],False
682,2,"['C00956', 'R02960']","[1796, 1796]",[],False
683,2,"['C00958', 'R01565']","[1818, 1818]",[],False
684,2,"['C00959', 'R01033']","[1826, 1830]",['birth_year_conflict'],True
685,2,"['C00961', 'R00554']","[1837, 1838]",[],False
686,2,"['C00963', 'R02662']","[1798, 1799]",[],False
687,2,"['C00964', 'R02113']","[1810, 1811]",[],False
688,2,"['C00966', 'R02550']","[1805, 1808]",[],False
689,2,"['C00967', 'R00238']","[1790, 1791]",[],False
690,2,"['C00969', 'R01829']","[1795, 1795]",[],False
691,2,"['C00970', 'R02174']","[1806, 1803]",[],False
692,2,"['C00971', 'R02451']","[1806, 1806]",[],False
693,2,"['C00975', 'R01028']","[1804, 1802]",[],False
694,2,"['C00976', 'R02297']","[1790, 1791]",[],False
695,2,"['C00978', 'R02807']","[1839, 1838]",[],False
696,2,"['C00979', 'R00917']","[1806, 1805]",[],False
697,2,"['C00980', 'R00678']","[1790, 1789]",[],False
698,2,"['C00981', 'R02504']","[1836, 1836]",[],False
699,2,"['C00982', 'R02930']","[1802, 1802]",[],False
700,2,"['C00983', 'R00141']","[1827, 1825]",[],False
701,2,"['C00984', 'R02288']","[1836, 1836]",[],False
702,2,"['C00985', 'R01643']","[1813, 1816]",[],False
703,2,"['C00986', 'R00764']","[1781, 1779]",[],False
704,2,"['C00987', 'R02513']","[1792, 1793]",[],False
705,2,"['C00988', 'R02224']","[1794, 1796]",[],False
706,2,"['C00992', 'R00977']","[1798, 1797]",[],False
707,2,"['C00993', 'R01675']","[1804, 1805]",[],False
708,2,"['C00994', 'R02693']","[1787, 1788]",[],False
709,2,"['C00995', 'R02962']","[1801, 1803]",[],False
710,2,"['C00996', 'R02491']","[1828, 1829]",[],False
711,2,"['C00997', 'R01997']","[1794, 1796]",[],False
712,2,"['C00998', 'R02397']","[1800, 1800]",[],False
713,2,"['C00999', 'R00502']","[1815, 1816]",[],False
714,2,"['C01000', 'R00805']","[1796, 1794]",[],False
715,2,"['C01001', 'R01175']","[1814, 1812]",[],False
716,2,"['C01002', 'R02376']","[1792, 1793]",[],False
717,2,"['C01003', 'R00041']","[1831, 1832]",[],False
718,2,"['C01004', 'R02872']","[1826, 1828]",[],False
719,2,"['C01005', 'R00441']","[1789, 1790]",[],False
720,2,"['C01007', 'R02957']","[1787, 1787]",[],False
721,2,"['C01009', 'R01594']","[1821, 1820]",[],False
722,2,"['C01010', 'R02790']","[1787, 1788]",[],False
723,2,"['C01012', 'R00445']","[1789, 1789]",[],False
724,2,"['C01014', 'R02886']","[1793, 1794]",[],False
725,2,"['C01015', 'R00478']","[1837, 1835]",[],False
726,2,"['C01017', 'R02756']","[1813, 1814]",[],False
727,2,"['C01018', 'R01891']","[1799, 1800]",[],False
728,2,"['C01019', 'R01657']","[1800, 1800]",[],False
729,2,"['C01021', 'R00848']","[1786, 1787]",[],False
730,2,"['C01022', 'R02002']","[1819, 1818]",[],False
731,2,"['C01024', 'R00033']","[1838, 1836]",[],False
732,2,"['C01026', 'R01915']","[1803, 1805]",[],False
733,2,"['C01027', 'R01031']","[1801, 1802]",[],False
734,2,"['C01029', 'R02996']","[1812, 1811]",[],False
735,2,"['C01030', 'R00522']","[1791, 1791]",[],False
736,2,"['C01031', 'R02006']","[1815, 1815]",[],False
737,2,"['C01032', 'R02974']","[1792, 1791]",[],False
738,2,"['C01035', 'R00976']","[1816, 1815]",[],False
739,2,"['C01036', 'R02305']","[1793, 1794]",[],False
740,2,"['C01038', 'R01568']","[1801, 1802]",[],False
741,2,"['C01041', 'R02258']","[1804, 1804]",[],False
742,2,"['C01043', 'R02035']","[1794, 1796]",[],False
743,2,"['C01044', 'R00589']","[1795, 1796]",[],False
744,2,"['C01045', 'R00627']","[1827, 1827]",[],False
745,2,"['C01047', 'R02992']","[1794, 1792]",[],False
746,2,"['C01052', 'R01258']","[1806, 1806]",[],False
747,2,"['C01054', 'R01064']","[1783, 1782]",[],False
748,2,"['C01055', 'R02096']","[1797, 1800]",[],False
749,2,"['C01057', 'R02785']","[1819, 1822]",[],False
750,2,"['C01058', 'R01682']","[1820, 1818]",[],False
751,2,"['C01059', 'R00259']","[1833, 1833]",[],False
752,2,"['C01061', 'R01985']","[1808, 1807]",[],False
753,2,"['C01063', 'R00726']","[1782, 1781]",[],False
754,2,"['C01064', 'R02400']","[1842, 1840]",[],False
755,2,"['C01065', 'R02567']","[1836, 1835]",[],False
756,2,"['C01066', 'R02564']","[1796, 1792]",['birth_year_conflict'],True
757,2,"['C01067', 'R01094']","[1793, 1792]",[],False
758,2,"['C01068', 'R00836']","[1806, 1806]",[],False
759,2,"['C01069', 'R00715']","[1796, 1796]",[],False
760,2,"['C01070', 'R00133']","[1801, 1801]",[],False
761,2,"['C01071', 'R02874']","[1808, 1809]",[],False
762,2,"['C01072', 'R02692']","[1786, 1787]",[],False
763,2,"['C01074', 'R01653']","[1828, 1828]",[],False
764,2,"['C01076', 'R02711']","[1784, 1784]",[],False
765,2,"['C01077', 'R02603']","[1832, 1831]",[],False
766,2,"['C01078', 'R00114']","[1825, 1824]",[],False
767,2,"['C01080', 'R00501']","[1786, 1789]",[],False
768,2,"['C01081', 'R01166']","[1838, 1838]",[],False
769,2,"['C01082', 'R01872']","[1829, 1828]",[],False
770,2,"['C01083', 'R01097']","[1813, 1813]",[],False
771,2,"['C01084', 'R02499']","[1827, 1827]",[],False
772,2,"['C01085', 'R02739']","[1827, 1829]",[],False
773,2,"['C01087', 'R00822']","[1804, 1804]",[],False
774,2,"['C01088', 'R00930']","[1837, 1835]",[],False
775,2,"['C01090', 'R01448']","[1829, 1826]",[],False
776,2,"['C01091', 'R01336']","[1810, 1809]",[],False
777,2,"['C01092', 'R02475']","[1826, 1828]",[],False
778,2,"['C01094', 'R00585']","[1792, 1792]",[],False
779,2,"['C01095', 'R01904']","[1831, 1832]",[],False
780,2,"['C01096', 'R01018']","[1783, 1781]",[],False
781,2,"['C01097', 'R00142']","[1830, 1831]",[],False
782,2,"['C01098', 'R02763']","[1800, 1801]",[],False
783,2,"['C01099', 'R00704']","[1801, 1801]",[],False
784,2,"['C01100', 'R02918']","[1842, 1839]",[],False
785,2,"['C01101', 'R00971']","[1787, 1787]",[],False
786,2,"['C01102', 'R01800']","[1791, 1792]",[],False
787,2,"['C01103', 'R00015']","[1794, 1792]",[],False
788,2,"['C01105', 'R02833']","[1826, 1828]",[],False
789,2,"['C01106', 'R01393']","[1809, 1810]",[],False
790,2,"['C01107', 'R02268']","[1792, 1792]",[],False
791,2,"['C01108', 'R00897']","[1798, 1800]",[],False
792,2,"['C01110', 'R00730']","[1795, 1798]",[],False
793,2,"['C01111', 'R00074']","[1834, 1836]",[],False
794,2,"['C01112', 'R00486']","[1830, 1830]",[],False
795,2,"['C01113', 'R00411']","[1811, 1810]",[],False
796,2,"['C01115', 'R00595']","[1810, 1810]",[],False
797,2,"['C01116', 'R02380']","[1816, 1816]",[],False
798,2,"['C01117', 'R00260']","[1836, 1836]",[],False
799,2,"['C01118', 'R02278']","[1812, 1813]",[],False
800,2,"['C01119', 'R01071']","[1827, 1826]",[],False
801,2,"['C01121', 'R02675']","[1784, 1786]",[],False
802,2,"['C01122', 'R01200']","[1820, 1818]",[],False
803,2,"['C01123', 'R01254']","[1796, 1795]",[],False
804,2,"['C01124', 'R01143']","[1783, 1779]",['birth_year_conflict'],True
805,2,"['C01126', 'R01863']","[1797, 1798]",[],False
806,2,"['C01127', 'R00481']","[1786, 1785]",[],False
807,2,"['C01128', 'R01635']","[1796, 1797]",[],False
808,2,"['C01131', 'R02200']","[1813, 1813]",[],False
809,2,"['C01132', 'R01264']","[1823, 1821]",[],False
810,2,"['C01133', 'R00011']","[1810, 1809]",[],False
811,2,"['C01135', 'R01923']","[1799, 1798]",[],False
812,2,"['C01136', 'R02082']","[1817, 1819]",[],False
813,2,"['C01137', 'R00556']","[1780, 1781]",[],False
814,2,"['C01138', 'R02742']","[1840, 1840]",[],False
815,2,"['C01139', 'R01515']","[1787, 1788]",[],False
816,2,"['C01140', 'R02965']","[1809, 1809]",[],False
817,2,"['C01141', 'R00568']","[1819, 1820]",[],False
818,2,"['C01142', 'R01141']","[1792, 1795]",[],False
819,2,"['C01143', 'R02043']","[1788, 1789]",[],False
820,2,"['C01144', 'R02045']","[1780, 1781]",[],False
821,2,"['C01145', 'R02553']","[1807, 1804]",[],False
822,2,"['C01146', 'R01534']","[1789, 1793]",['birth_year_conflict'],True
823,2,"['C01147', 'R01445']","[1805, 1814]",['birth_year_conflict'],True
824,2,"['C01148', 'R01719']","[1839, 1838]",[],False
825,2,"['C01149', 'R01901']","[1822, 1825]",[],False
826,2,"['C01152', 'R01713']","[1840, 1841]",[],False
827,2,"['C01153', 'R02741']","[1825, 1826]",[],False
828,2,"['C01154', 'R01168']","[1788, 1786]",[],False
829,2,"['C01155', 'R01975']","[1784, 1784]",[],False
830,2,"['C01157', 'R01155']","[1812, 1815]",[],False
831,2,"['C01158', 'R02663']","[1831, 1831]",[],False
832,2,"['C01159', 'R00410']","[1799, 1799]",[],False
833,2,"['C01166', 'R02528']","[1808, 1809]",[],False
834,2,"['C01167', 'R00421']","[1793, 1794]",[],False
835,2,"['C01168', 'R01967']","[1822, 1823]",[],False
836,2,"['C01170', 'R02378']","[1812, 1815]",[],False
837,2,"['C01171', 'R00949']","[1807, 1810]",[],False
838,2,"['C01172', 'R01308']","[1805, 1804]",[],False
839,2,"['C01174', 'R02140']","[1801, 1799]",[],False
840,2,"['C01175', 'R02770']","[1789, 1793]",['birth_year_conflict'],True
841,2,"['C01177', 'R01871']","[1785, 1785]",[],False
842,2,"['C01180', 'R02312']","[1835, 1836]",[],False
843,2,"['C01181', 'R00811']","[1795, 1795]",[],False
844,2,"['C01182', 'R01902']","[1804, 1801]",[],False
845,2,"['C01183', 'R00136']","[1834, 1837]",[],False
846,2,"['C01185', 'R02640']","[1835, 1834]",[],False
847,2,"['C01186', 'R02804']","[1789, 1790]",[],False
848,2,"['C01188', 'R00253']","[1818, 1817]",[],False
849,2,"['C01189', 'R01629']","[1814, 1818]",['birth_year_conflict'],True
850,2,"['C01190', 'R02868']","[1826, 1827]",[],False
851,2,"['C01194', 'R01093']","[1838, 1839]",[],False
852,2,"['C01195', 'R00140']","[1829, 1829]",[],False
853,2,"['C01196', 'R02109']","[1813, 1812]",[],False
854,2,"['C01197', 'R00909']","[1833, 1832]",[],False
855,2,"['C01198', 'R00685']","[1786, 1785]",[],False
856,2,"['C01199', 'R01286']","[1783, 1782]",[],False
857,2,"['C01203', 'R01743']","[1801, 1799]",[],False
858,2,"['C01204', 'R01530']","[1803, 1805]",[],False
859,2,"['C01207', 'R01451']","[1816, 1816]",[],False
860,2,"['C01208', 'R01965']","[1782, 1781]",[],False
861,2,"['C01210', 'R00431']","[1828, 1827]",[],False
862,2,"['C01213', 'R01681']","[1787, 1787]",[],False
863,2,"['C01214', 'R00381']","[1813, 1810]",[],False
864,2,"['C01215', 'R01391']","[1811, 1813]",[],False
865,2,"['C01216', 'R02782']","[1799, 1803]",['birth_year_conflict'],True
866,2,"['C01217', 'R00862']","[1795, 1796]",[],False
867,2,"['C01218', 'R01873']","[1785, 1785]",[],False
868,2,"['C01219', 'R02352']","[1819, 1821]",[],False
869,2,"['C01221', 'R00925']","[1779, 1782]",[],False
870,2,"['C01223', 'R02845']","[1834, 1831]",[],False
871,2,"['C01224', 'R00682']","[1794, 1792]",[],False
872,2,"['C01226', 'R02024']","[1816, 1816]",[],False
873,2,"['C01227', 'R01397']","[1821, 1823]",[],False
874,2,"['C01228', 'R02031']","[1801, 1800]",[],False
875,2,"['C01229', 'R01083']","[1837, 1837]",[],False
876,2,"['C01230', 'R01824']","[1824, 1824]",[],False
877,2,"['C01232', 'R00577']","[1796, 1791]",['birth_year_conflict'],True
878,2,"['C01233', 'R00671']","[1815, 1814]",[],False
879,2,"['C01234', 'R00435']","[1783, 1780]",[],False
880,2,"['C01235', 'R02114']","[1786, 1787]",[],False
881,2,"['C01236', 'R02624']","[1797, 1795]",[],False
882,2,"['C01237', 'R00574']","[1814, 1814]",[],False
883,2,"['C01240', 'R00618']","[1837, 1837]",[],False
884,2,"['C01242', 'R01978']","[1838, 1839]",[],False
885,2,"['C01244', 'R00324']","[1807, 1809]",[],False
886,2,"['C01245', 'R01361']","[1785, 1782]",[],False
887,2,"['C01246', 'R00344']","[1834, 1837]",[],False
888,2,"['C01247', 'R01689']","[1820, 1818]",[],False
889,2,"['C01251', 'R00754']","[1825, 1829]",['birth_year_conflict'],True
890,2,"['C01252', 'R00868']","[1799, 1798]",[],False
891,2,"['C01253', 'R02163']","[1811, 1814]",[],False
892,2,"['C01254', 'R02801']","[1794, 1793]",[],False
893,2,"['C01255', 'R02385']","[1785, 1786]",[],False
894,2,"['C01256', 'R02248']","[1787, 1786]",[],False
895,2,"['C01257', 'R02572']","[1816, 1814]",[],False
896,2,"['C01259', 'R01015']","[1786, 1788]",[],False
897,2,"['C01260', 'R02290']","[1838, 1839]",[],False
898,2,"['C01261', 'R01560']","[1784, 1783]",[],False
899,2,"['C01262', 'R01779']","[1804, 1804]",[],False
900,2,"['C01263', 'R01332']","[1806, 1808]",[],False
901,2,"['C01264', 'R00171']","[1812, 1811]",[],False
902,2,"['C01265', 'R01510']","[1782, 1782]",[],False
903,2,"['C01266', 'R00676']","[1809, 1810]",[],False
904,2,"['C01267', 'R02944']","[1835, 1836]",[],False
905,2,"['C01269', 'R02111']","[1815, 1817]",[],False
906,2,"['C01270', 'R00628']","[1808, 1806]",[],False
907,2,"['C01271', 'R00194']","[1819, 1820]",[],False
908,2,"['C01272', 'R00771']","[1824, 1825]",[],False
909,2,"['C01274', 'R01803']","[1790, 1788]",[],False
910,2,"['C01275', 'R00320']","[1788, 1788]",[],False
911,2,"['C01278', 'R02831']","[1781, 1782]",[],False
912,2,"['C01279', 'R02691']","[1836, 1838]",[],False
913,2,"['C01280', 'R00246']","[1795, 1796]",[],False
914,2,"['C01282', 'R00470']","[1797, 1798]",[],False
915,2,"['C01284', 'R00722']","[1789, 1788]",[],False
916,2,"['C01286', 'R01968']","[1785, 1785]",[],False
917,2,"['C01287', 'R00701']","[1807, 1805]",[],False
918,2,"['C01289', 'R01765']","[1830, 1833]",[],False
919,2,"['C01290', 'R01369']","[1803, 1800]",[],False
920,2,"['C01291', 'R00035']","[1832, 1831]",[],False
921,2,"['C01293', 'R01710']","[1795, 1797]",[],False
922,2,"['C01294', 'R00608']","[1788, 1786]",[],False
923,2,"['C01296', 'R00427']","[1811, 1811]",[],False
924,2,"['C01297', 'R02619']","[1830, 1831]",[],False
925,2,"['C01298', 'R00422']","[1802, 1805]",[],False
926,2,"['C01300', 'R02773']","[1814, 1812]",[],False
927,2,"['C01301', 'R02071']","[1804, 1807]",[],False
928,2,"['C01302', 'R02713']","[1837, 1836]",[],False
929,2,"['C01303', 'R01465']","[1795, 1794]",[],False
930,2,"['C01304', 'R01421']","[1838, 1838]",[],False
931,2,"['C01306', 'R00799']","[1781, 1781]",[],False
932,2,"['C01307', 'R02982']","[1808, 1810]",[],False
933,2,"['C01308', 'R01256']","[1820, 1818]",[],False
934,2,"['C01309', 'R00768']","[1836, 1838]",[],False
935,2,"['C01310', 'R00941']","[1805, 1805]",[],False
936,2,"['C01311', 'R00190']","[1833, 1832]",[],False
937,2,"['C01314', 'R01819']","[1796, 1798]",[],False
938,2,"['C01317', 'R00525']","[1836, 1836]",[],False
939,2,"['C01319', 'R00762']","[1789, 1787]",[],False
940,2,"['C01320', 'R00717']","[1819, 1819]",[],False
941,2,"['C01323', 'R01066']","[1827, 1824]",[],False
942,2,"['C01326', 'R01628']","[1826, 1825]",[],False
943,2,"['C01327', 'R02018']","[1799, 1797]",[],False
944,2,"['C01328', 'R01417']","[1825, 1828]",[],False
945,2,"['C01329', 'R01599']","[1817, 1819]",[],False
946,2,"['C01330', 'R00795']","[1799, 1797]",[],False
947,2,"['C01333', 'R01981']","[1789, 1787]",[],False
948,2,"['C01334', 'R00164']","[1821, 1821]",[],False
949,2,"['C01335', 'R01521']","[1790, 1791]",[],False
950,2,"['C01337', 'R01300']","[1781, 1780]",[],False
951,2,"['C01340', 'R00728']","[1836, 1837]",[],False
952,2,"['C01341', 'R01532']","[1796, 1796]",[],False
953,2,"['C01342', 'R01095']","[1801, 1800]",[],False
954,2,"['C01343', 'R01961']","[1818, 1819]",[],False
955,2,"['C01344', 'R02586']","[1781, 1781]",[],False
956,2,"['C01345', 'R02274']","[1828, 1831]",[],False
957,2,"['C01346', 'R01650']","[1826, 1822]",['birth_year_conflict'],True
958,2,"['C01347', 'R02730']","[1785, 1783]",[],False
959,2,"['C01348', 'R00317']","[1791, 1790]",[],False
960,2,"['C01350', 'R02126']","[1795, 1797]",[],False
961,2,"['C01351', 'R00111']","[1817, 1815]",[],False
962,2,"['C01352', 'R01070']","[1808, 1809]",[],False
963,2,"['C01354', 'R00959']","[1790, 1790]",[],False
964,2,"['C01355', 'R00082']","[1836, 1838]",[],False
965,2,"['C01356', 'R02893']","[1798, 1800]",[],False
966,2,"['C01357', 'R00863']","[1785, 1786]",[],False
967,2,"['C01360', 'R00807']","[1813, 1813]",[],False
968,2,"['C01361', 'R00657']","[1819, 1810]",['birth_year_conflict'],True
969,2,"['C01362', 'R00396']","[1812, 1813]",[],False
970,2,"['C01364', 'R00708']","[1825, 1827]",[],False
971,2,"['C01365', 'R00826']","[1838, 1838]",[],False
972,2,"['C01366', 'R01476']","[1831, 1830]",[],False
973,2,"['C01367', 'R00544']","[1784, 1785]",[],False
974,2,"['C01368', 'R01240']","[1812, 1811]",[],False
975,2,"['C01369', 'R00299']","[1822, 1820]",[],False
976,2,"['C01370', 'R01257']","[1808, 1808]",[],False
977,2,"['C01371', 'R00423']","[1798, 1803]",['birth_year_conflict'],True
978,2,"['C01373', 'R02717']","[1817, 1817]",[],False
979,2,"['C01374', 'R01671']","[1793, 1794]",[],False
980,2,"['C01375', 'R02948']","[1800, 1801]",[],False
981,2,"['C01376', 'R01499']","[1802, 1802]",[],False
982,2,"['C01377', 'R02981']","[1830, 1829]",[],False
983,2,"['C01378', 'R01472']","[1783, 1781]",[],False
984,2,"['C01380', 'R01579']","[1804, 1803]",[],False
985,2,"['C01381', 'R00349']","[1783, 1784]",[],False
986,2,"['C01382', 'R00000']","[1829, 1828]",[],False
987,2,"['C01383', 'R02334']","[1807, 1803]",['birth_year_conflict'],True
988,2,"['C01384', 'R02781']","[1816, 1818]",[],False
989,2,"['C01385', 'R01738']","[1799, 1796]",[],False
990,2,"['C01386', 'R01617']","[1792, 1791]",[],False
991,2,"['C01387', 'R01335']","[1836, 1838]",[],False
992,2,"['C01389', 'R02093']","[1810, 1808]",[],False
993,2,"['C01390', 'R02690']","[1786, 1786]",[],False
994,2,"['C01391', 'R01963']","[1818, 1819]",[],False
995,2,"['C01392', 'R00418']","[1792, 1791]",[],False
996,2,"['C01393', 'R02861']","[1804, 1804]",[],False
997,2,"['C01394', 'R00769']","[1809, 1810]",[],False
998,2,"['C01395', 'R01234']","[1813, 1814]",[],False
999,2,"['C01398', 'R02164']","[1780, 1780]",[],False
1000,2,"['C01400', 'R00047']","[1785, 1789]",['birth_year_conflict'],True
1001,2,"['C01401', 'R00371']","[1782, 1781]",[],False
1002,2,"['C01402', 'R01712']","[1810, 1813]",[],False
1003,2,"['C01406', 'R01210']","[1785, 1786]",[],False
1004,2,"['C01407', 'R02926']","[1782, 1783]",[],False
1005,2,"['C01408', 'R00237']","[1819, 1819]",[],False
1006,2,"['C01412', 'R01104']","[1819, 1820]",[],False
1007,2,"['C01413', 'R02419']","[1828, 1832]",['birth_year_conflict'],True
1008,2,"['C01414', 'R00350']","[1838, 1839]",[],False
1009,2,"['C01415', 'R00709']","[1795, 1793]",[],False
1010,2,"['C01417', 'R00855']","[1820, 1819]",[],False
1011,2,"['C01418', 'R01158']","[1778, 1780]",[],False
1012,2,"['C01419', 'R00018']","[1835, 1834]",[],False
1013,2,"['C01420', 'R00053']","[1781, 1781]",[],False
1014,2,"['C01421', 'R00813']","[1800, 1799]",[],False
1015,2,"['C01422', 'R02776']","[1788, 1788]",[],False
1016,2,"['C01424', 'R00907']","[1814, 1819]",['birth_year_conflict'],True
1017,2,"['C01425', 'R02539']","[1783, 1782]",[],False
1018,2,"['C01426', 'R00019']","[1809, 1808]",[],False
1019,2,"['C01429', 'R02456']","[1780, 1781]",[],False
1020,2,"['C01430', 'R01213']","[1822, 1823]",[],False
1021,2,"['C01433', 'R01100']","[1798, 1797]",[],False
1022,2,"['C01434', 'R01468']","[1834, 1836]",[],False
1023,2,"['C01437', 'R00373']","[1827, 1825]",[],False
1024,2,"['C01439', 'R01164']","[1815, 1817]",[],False
1025,2,"['C01444', 'R00746']","[1787, 1790]",[],False
1026,2,"['C01445', 'R02838']","[1817, 1817]",[],False
1027,2,"['C01446', 'R02307']","[1819, 1821]",[],False
1028,2,"['C01447', 'R01797']","[1819, 1821]",[],False
1029,2,"['C01448', 'R01781']","[1809, 1809]",[],False
1030,2,"['C01449', 'R02901']","[1818, 1820]",[],False
1031,2,"['C01450', 'R02600']","[1780, 1781]",[],False
1032,2,"['C01453', 'R01027']","[1793, 1793]",[],False
1033,2,"['C01454', 'R00797']","[1821, 1823]",[],False
1034,2,"['C01455', 'R00156']","[1802, 1804]",[],False
1035,2,"['C01457', 'R00562']","[1814, 1815]",[],False
1036,2,"['C01458', 'R02671']","[1781, 1779]",[],False
1037,2,"['C01460', 'R00473']","[1806, 1806]",[],False
1038,2,"['C01461', 'R00590']","[1840, 1838]",[],False
1039,2,"['C01464', 'R02442']","[1799, 1797]",[],False
1040,2,"['C01465', 'R00624']","[1826, 1826]",[],False
1041,2,"['C01468', 'R00713']","[1782, 1782]",[],False
1042,2,"['C01469', 'R00523']","[1813, 1816]",[],False
1043,2,"['C01470', 'R01174']","[1820, 1819]",[],False
1044,2,"['C01471', 'R02435']","[1811, 1811]",[],False
1045,2,"['C01472', 'R01302']","[1783, 1782]",[],False
1046,2,"['C01474', 'R01506']","[1832, 1833]",[],False
1047,2,"['C01475', 'R00906']","[1831, 1830]",[],False
1048,2,"['C01476', 'R01621']","[1783, 1784]",[],False
1049,2,"['C01477', 'R02927']","[1790, 1792]",[],False
1050,2,"['C01478', 'R00833']","[1802, 1803]",[],False
1051,2,"['C01479', 'R00744']","[1834, 1831]",[],False
1052,2,"['C01481', 'R00182']","[1809, 1808]",[],False
1053,2,"['C01483', 'R02630']","[1788, 1788]",[],False
1054,2,"['C01484', 'R00792']","[1810, 1813]",[],False
1055,2,"['C01486', 'R00454']","[1815, 1816]",[],False
1056,2,"['C01487', 'R02441']","[1832, 1831]",[],False
1057,2,"['C01488', 'R00975']","[1800, 1801]",[],False
1058,2,"['C01490', 'R02938']","[1821, 1817]",['birth_year_conflict'],True
1059,2,"['C01491', 'R02548']","[1819, 1820]",[],False
1060,2,"['C01492', 'R00126']","[1830, 1830]",[],False
1061,2,"['C01493', 'R00985']","[1819, 1817]",[],False
1062,2,"['C01494', 'R02447']","[1838, 1840]",[],False
1063,2,"['C01495', 'R00091']","[1796, 1795]",[],False
1064,2,"['C01496', 'R01887']","[1830, 1833]",[],False
1065,2,"['C01497', 'R01126']","[1825, 1827]",[],False
1066,2,"['C01498', 'R02667']","[1818, 1821]",[],False
1067,2,"['C01500', 'R01403']","[1803, 1802]",[],False
1068,2,"['C01502', 'R02589']","[1833, 1832]",[],False
1069,2,"['C01503', 'R00770']","[1812, 1810]",[],False
1070,2,"['C01504', 'R01113']","[1805, 1807]",[],False
1071,2,"['C01506', 'R01136']","[1832, 1833]",[],False
1072,2,"['C01508', 'R01057']","[1823, 1823]",[],False
1073,2,"['C01509', 'R01140']","[1824, 1825]",[],False
1074,2,"['C01510', 'R02509']","[1786, 1786]",[],False
1075,2,"['C01511', 'R02346']","[1837, 1837]",[],False
1076,2,"['C01512', 'R01966']","[1833, 1836]",[],False
1077,2,"['C01514', 'R01695']","[1798, 1800]",[],False
1078,2,"['C01515', 'R00048']","[1834, 1834]",[],False
1079,2,"['C01517', 'R01109']","[1786, 1783]",[],False
1080,2,"['C01518', 'R01825']","[1831, 1831]",[],False
1081,2,"['C01520', 'R01609']","[1789, 1785]",['birth_year_conflict'],True
1082,2,"['C01521', 'R00829']","[1820, 1822]",[],False
1083,2,"['C01522', 'R00653']","[1836, 1834]",[],False
1084,2,"['C01523', 'R00942']","[1780, 1779]",[],False
1085,2,"['C01525', 'R00697']","[1814, 1816]",[],False
1086,2,"['C01526', 'R02847']","[1799, 1795]",['birth_year_conflict'],True
1087,2,"['C01528', 'R00329']","[1836, 1838]",[],False
1088,2,"['C01530', 'R02393']","[1834, 1834]",[],False
1089,2,"['C01531', 'R01587']","[1797, 1796]",[],False
1090,2,"['C01532', 'R01707']","[1824, 1828]",['birth_year_conflict'],True
1091,2,"['C01533', 'R02973']","[1815, 1815]",[],False
1092,2,"['C01534', 'R02534']","[1811, 1812]",[],False
1093,2,"['C01535', 'R01086']","[1815, 1811]",['birth_year_conflict'],True
1094,2,"['C01536', 'R02526']","[1812, 1811]",[],False
1095,2,"['C01537', 'R00046']","[1813, 1815]",[],False
1096,2,"['C01541', 'R02489']","[1813, 1811]",[],False
1097,2,"['C01542', 'R01798']","[1803, 1801]",[],False
1098,2,"['C01543', 'R02021']","[1820, 1822]",[],False
1099,2,"['C01544', 'R02271']","[1796, 1794]",[],False
1100,2,"['C01545', 'R01192']","[1826, 1826]",[],False
1101,2,"['C01546', 'R01680']","[1779, 1779]",[],False
1102,2,"['C01547', 'R01289']","[1807, 1807]",[],False
1103,2,"['C01548', 'R02209']","[1782, 1783]",[],False
1104,2,"['C01549', 'R02571']","[1822, 1823]",[],False
1105,2,"['C01550', 'R02945']","[1779, 1781]",[],False
1106,2,"['C01551', 'R02135']","[1823, 1822]",[],False
1107,2,"['C01552', 'R01636']","[1808, 1807]",[],False
1108,2,"['C01553', 'R00991']","[1799, 1802]",[],False
1109,2,"['C01554', 'R00518']","[1811, 1808]",[],False
1110,2,"['C01555', 'R00012']","[1797, 1798]",[],False
1111,2,"['C01556', 'R02319']","[1837, 1836]",[],False
1112,2,"['C01557', 'R00168']","[1796, 1798]",[],False
1113,2,"['C01559', 'R01951']","[1820, 1819]",[],False
1114,2,"['C01560', 'R00846']","[1820, 1820]",[],False
1115,2,"['C01561', 'R02252']","[1836, 1837]",[],False
1116,2,"['C01563', 'R01567']","[1792, 1794]",[],False
1117,2,"['C01565', 'R00198']","[1828, 1827]",[],False
1118,2,"['C01566', 'R01984']","[1838, 1838]",[],False
1119,2,"['C01567', 'R01312']","[1836, 1835]",[],False
1120,2,"['C01568', 'R01516']","[1835, 1836]",[],False
1121,2,"['C01569', 'R00304']","[1831, 1832]",[],False
1122,2,"['C01570', 'R01275']","[1828, 1829]",[],False
1123,2,"['C01571', 'R02382']","[1814, 1816]",[],False
1124,2,"['C01572', 'R00772']","[1806, 1804]",[],False
1125,2,"['C01573', 'R01952']","[1801, 1803]",[],False
1126,2,"['C01575', 'R02736']","[1797, 1796]",[],False
1127,2,"['C01576', 'R02552']","[1804, 1805]",[],False
1128,2,"['C01577', 'R00060']","[1801, 1799]",[],False
1129,2,"['C01578', 'R00195']","[1826, 1825]",[],False
1130,2,"['C01579', 'R02215']","[1805, 1806]",[],False
1131,2,"['C01580', 'R01026']","[1827, 1829]",[],False
1132,2,"['C01582', 'R00150']","[1840, 1840]",[],False
1133,2,"['C01583', 'R02710']","[1792, 1790]",[],False
1134,2,"['C01584', 'R01088']","[1796, 1797]",[],False
1135,2,"['C01585', 'R01379']","[1831, 1834]",[],False
1136,2,"['C01586', 'R00335']","[1791, 1788]",[],False
1137,2,"['C01587', 'R02075']","[1837, 1839]",[],False
1138,2,"['C01591', 'R00611']","[1820, 1819]",[],False
1139,2,"['C01594', 'R00436']","[1835, 1839]",['birth_year_conflict'],True
1140,2,"['C01595', 'R02404']","[1836, 1836]",[],False
1141,2,"['C01596', 'R00558']","[1799, 1796]",[],False
1142,2,"['C01597', 'R00550']","[1791, 1791]",[],False
1143,2,"['C01599', 'R02890']","[1807, 1809]",[],False
1144,2,"['C01600', 'R01916']","[1804, 1799]",['birth_year_conflict'],True
1145,2,"['C01601', 'R00058']","[1799, 1797]",[],False
1146,2,"['C01602', 'R00820']","[1814, 1816]",[],False
1147,2,"['C01603', 'R00471']","[1836, 1836]",[],False
1148,2,"['C01604', 'R01753']","[1811, 1810]",[],False
1149,2,"['C01605', 'R02411']","[1799, 1796]",[],False
1150,2,"['C01606', 'R01730']","[1794, 1792]",[],False
1151,2,"['C01607', 'R02225']","[1828, 1830]",[],False
1152,2,"['C01608', 'R01583']","[1820, 1820]",[],False
1153,2,"['C01609', 'R02583']","[1792, 1794]",[],False
1154,2,"['C01610', 'R02283']","[1804, 1805]",[],False
1155,2,"['C01611', 'R00187']","[1803, 1804]",[],False
1156,2,"['C01615', 'R01466']","[1824, 1824]",[],False
1157,2,"['C01618', 'R00488']","[1795, 1794]",[],False
1158,2,"['C01620', 'R00893']","[1813, 1812]",[],False
1159,2,"['C01621', 'R00970']","[1801, 1802]",[],False
1160,2,"['C01622', 'R00842']","[1830, 1834]",['birth_year_conflict'],True
1161,2,"['C01623', 'R01610']","[1818, 1820]",[],False
1162,2,"['C01624', 'R02322']","[1808, 1808]",[],False
1163,2,"['C01625', 'R01919']","[1826, 1828]",[],False
1164,2,"['C01626', 'R01334']","[1812, 1810]",[],False
1165,2,"['C01628', 'R01357']","[1838, 1838]",[],False
1166,2,"['C01629', 'R01285']","[1808, 1807]",[],False
1167,2,"['C01630', 'R00622']","[1787, 1787]",[],False
1168,2,"['C01631', 'R01127']","[1834, 1834]",[],False
1169,2,"['C01632', 'R01854']","[1814, 1813]",[],False
1170,2,"['C01633', 'R02049']","[1831, 1834]",[],False
1171,2,"['C01634', 'R02864']","[1798, 1801]",[],False
1172,2,"['C01635', 'R02427']","[1827, 1827]",[],False
1173,2,"['C01636', 'R01250']","[1803, 1805]",[],False
1174,2,"['C01637', 'R01533']","[1809, 1808]",[],False
1175,2,"['C01638', 'R02495']","[1793, 1792]",[],False
1176,2,"['C01641', 'R01167']","[1822, 1818]",['birth_year_conflict'],True
1177,2,"['C01644', 'R00874']","[1786, 1789]",[],False
1178,2,"['C01645', 'R00296']","[1797, 1799]",[],False
1179,2,"['C01646', 'R00385']","[1789, 1787]",[],False
1180,2,"['C01648', 'R01471']","[1807, 1808]",[],False
1181,2,"['C01649', 'R02605']","[1811, 1810]",[],False
1182,2,"['C01650', 'R02166']","[1789, 1789]",[],False
1183,2,"['C01651', 'R01292']","[1831, 1832]",[],False
1184,2,"['C01653', 'R02000']","[1822, 1825]",[],False
1185,2,"['C01656', 'R01720']","[1828, 1827]",[],False
1186,2,"['C01658', 'R01489']","[1792, 1791]",[],False
1187,2,"['C01659', 'R00076']","[1819, 1815]",['birth_year_conflict'],True
1188,2,"['C01660', 'R01740']","[1812, 1813]",[],False
1189,2,"['C01661', 'R00884']","[1794, 1792]",[],False
1190,2,"['C01665', 'R00691']","[1834, 1834]",[],False
1191,2,"['C01666', 'R02137']","[1830, 1828]",[],False
1192,2,"['C01667', 'R02558']","[1790, 1792]",[],False
1193,2,"['C01668', 'R00326']","[1796, 1796]",[],False
1194,2,"['C01670', 'R02594']","[1795, 1795]",[],False
1195,2,"['C01671', 'R02034']","[1830, 1831]",[],False
1196,2,"['C01672', 'R01937']","[1807, 1810]",[],False
1197,2,"['C01673', 'R02118']","[1796, 1797]",[],False
1198,2,"['C01674', 'R00338']","[1819, 1821]",[],False
1199,2,"['C01677', 'R02661']","[1824, 1825]",[],False
1200,2,"['C01678', 'R00808']","[1804, 1805]",[],False
1201,2,"['C01679', 'R01983']","[1816, 1816]",[],False
1202,2,"['C01680', 'R02149']","[1806, 1806]",[],False
1203,2,"['C01686', 'R00174']","[1805, 1807]",[],False
1204,2,"['C01687', 'R00548']","[1834, 1830]",['birth_year_conflict'],True
1205,2,"['C01688', 'R00061']","[1812, 1809]",[],False
1206,2,"['C01690', 'R01758']","[1823, 1820]",[],False
1207,2,"['C01691', 'R02058']","[1838, 1837]",[],False
1208,2,"['C01692', 'R00352']","[1790, 1791]",[],False
1209,2,"['C01693', 'R02309']","[1816, 1814]",[],False
1210,2,"['C01694', 'R01153']","[1783, 1782]",[],False
1211,2,"['C01698', 'R01969']","[1808, 1808]",[],False
1212,2,"['C01700', 'R02563']","[1829, 1832]",[],False
1213,2,"['C01701', 'R00955']","[1794, 1795]",[],False
1214,2,"['C01702', 'R00232']","[1830, 1828]",[],False
1215,2,"['C01703', 'R01069']","[1801, 1801]",[],False
1216,2,"['C01705', 'R02350']","[1835, 1836]",[],False
1217,2,"['C01707', 'R00840']","[1818, 1815]",[],False
1218,2,"['C01710', 'R00139']","[1818, 1819]",[],False
1219,2,"['C01711', 'R00606']","[1785, 1785]",[],False
1220,2,"['C01713', 'R02537']","[1822, 1821]",[],False
1221,2,"['C01715', 'R02696']","[1814, 1812]",[],False
1222,2,"['C01716', 'R02798']","[1814, 1812]",[],False
1223,2,"['C01720', 'R02127']","[1812, 1811]",[],False
1224,2,"['C01722', 'R01543']","[1785, 1784]",[],False
1225,2,"['C01725', 'R01245']","[1787, 1786]",[],False
1226,2,"['C01727', 'R02852']","[1780, 1782]",[],False
1227,2,"['C01728', 'R02374']","[1794, 1794]",[],False
1228,2,"['C01729', 'R01535']","[1819, 1820]",[],False
1229,2,"['C01730', 'R01204']","[1836, 1837]",[],False
1230,2,"['C01731', 'R02554']","[1783, 1786]",[],False
1231,2,"['C01732', 'R00743']","[1779, 1780]",[],False
1232,2,"['C01733', 'R00517']","[1782, 1783]",[],False
1233,2,"['C01734', 'R01478']","[1828, 1828]",[],False
1234,2,"['C01735', 'R02523']","[1830, 1829]",[],False
1235,2,"['C01737', 'R01663']","[1807, 1808]",[],False
1236,2,"['C01738', 'R01247']","[1821, 1822]",[],False
1237,2,"['C01739', 'R02245']","[1784, 1787]",[],False
1238,2,"['C01740', 'R00664']","[1802, 1802]",[],False
1239,2,"['C01741', 'R01597']","[1834, 1836]",[],False
1240,2,"['C01742', 'R01042']","[1792, 1794]",[],False
1241,2,"['C01743', 'R01422']","[1787, 1784]",[],False
1242,2,"['C01744', 'R02104']","[1794, 1794]",[],False
1243,2,"['C01745', 'R01577']","[1820, 1818]",[],False
1244,2,"['C01748', 'R01131']","[1836, 1838]",[],False
1245,2,"['C01749', 'R01787']","[1827, 1827]",[],False
1246,2,"['C01751', 'R00852']","[1794, 1794]",[],False
1247,2,"['C01752', 'R01817']","[1826, 1824]",[],False
1248,2,"['C01755', 'R01092']","[1781, 1779]",[],False
1249,2,"['C01756', 'R02805']","[1792, 1792]",[],False
1250,2,"['C01759', 'R00064']","[1819, 1818]",[],False
1251,2,"['C01760', 'R01464']","[1801, 1799]",[],False
1252,2,"['C01762', 'R00325']","[1800, 1803]",[],False
1253,2,"['C01763', 'R00781']","[1783, 1781]",[],False
1254,2,"['C01764', 'R01225']","[1834, 1839]",['birth_year_conflict'],True
1255,2,"['C01765', 'R00759']","[1786, 1783]",[],False
1256,2,"['C01766', 'R01216']","[1820, 1819]",[],False
1257,2,"['C01767', 'R00673']","[1797, 1795]",[],False
1258,2,"['C01768', 'R01834']","[1795, 1795]",[],False
1259,2,"['C01771', 'R00002']","[1823, 1821]",[],False
1260,2,"['C01772', 'R01853']","[1808, 1808]",[],False
1261,2,"['C01774', 'R00013']","[1786, 1787]",[],False
1262,2,"['C01775', 'R02994']","[1807, 1805]",[],False
1263,2,"['C01776', 'R01183']","[1792, 1793]",[],False
1264,2,"['C01777', 'R00655']","[1821, 1820]",[],False
1265,2,"['C01778', 'R01032']","[1837, 1838]",[],False
1266,2,"['C01779', 'R01273']","[1790, 1789]",[],False
1267,2,"['C01780', 'R00948']","[1795, 1795]",[],False
1268,2,"['C01782', 'R00255']","[1792, 1794]",[],False
1269,2,"['C01785', 'R00275']","[1810, 1810]",[],False
1270,2,"['C01786', 'R02943']","[1835, 1835]",[],False
1271,2,"['C01787', 'R01038']","[1791, 1792]",[],False
1272,2,"['C01788', 'R01976']","[1842, 1842]",[],False
1273,2,"['C01789', 'R02131']","[1839, 1838]",[],False
1274,2,"['C01791', 'R02158']","[1780, 1781]",[],False
1275,2,"['C01792', 'R02407']","[1782, 1783]",[],False
1276,2,"['C01793', 'R02038']","[1834, 1835]",[],False
1277,2,"['C01795', 'R00750']","[1828, 1828]",[],False
1278,2,"['C01796', 'R02747']","[1827, 1824]",[],False
1279,2,"['C01798', 'R02465']","[1795, 1793]",[],False
1280,2,"['C01799', 'R02735']","[1827, 1825]",[],False
1281,2,"['C01802', 'R00039']","[1784, 1784]",[],False
1282,2,"['C01803', 'R02849']","[1784, 1785]",[],False
1283,2,"['C01808', 'R00619']","[1824, 1823]",[],False
1284,2,"['C01811', 'R00755']","[1803, 1804]",[],False
1285,2,"['C01812', 'R02321']","[1815, 1816]",[],False
1286,2,"['C01813', 'R02413']","[1797, 1796]",[],False
1287,2,"['C01815', 'R00303']","[1812, 1811]",[],False
1288,2,"['C01816', 'R02884']","[1807, 1808]",[],False
1289,2,"['C01817', 'R02484']","[1816, 1816]",[],False
1290,2,"['C01818', 'R01395']","[1798, 1799]",[],False
1291,2,"['C01819', 'R02233']","[1808, 1811]",[],False
1292,2,"['C01820', 'R02353']","[1828, 1827]",[],False
1293,2,"['C01821', 'R02716']","[1834, 1831]",[],False
1294,2,"['C01822', 'R02791']","[1833, 1832]",[],False
1295,2,"['C01823', 'R02946']","[1819, 1821]",[],False
1296,2,"['C01824', 'R02216']","[1809, 1809]",[],False
1297,2,"['C01825', 'R01068']","[1799, 1800]",[],False
1298,2,"['C01827', 'R02284']","[1804, 1803]",[],False
1299,2,"['C01828', 'R00696']","[1837, 1840]",[],False
1300,2,"['C01829', 'R01683']","[1831, 1829]",[],False
1301,2,"['C01830', 'R00276']","[1795, 1795]",[],False
1302,2,"['C01831', 'R02099']","[1815, 1812]",[],False
1303,2,"['C01832', 'R02486']","[1813, 1814]",[],False
1304,2,"['C01833', 'R02932']","[1819, 1819]",[],False
1305,2,"['C01834', 'R02039']","[1804, 1805]",[],False
1306,2,"['C01835', 'R01757']","[1823, 1824]",[],False
1307,2,"['C01837', 'R01477']","[1831, 1829]",[],False
1308,2,"['C01838', 'R00987']","[1808, 1807]",[],False
1309,2,"['C01839', 'R01947']","[1832, 1832]",[],False
1310,2,"['C01840', 'R01381']","[1802, 1801]",[],False
1311,2,"['C01842', 'R00428']","[1823, 1825]",[],False
1312,2,"['C01843', 'R01267']","[1783, 1784]",[],False
1313,2,"['C01845', 'R02760']","[1791, 1793]",[],False
1314,2,"['C01846', 'R02889']","[1807, 1808]",[],False
1315,2,"['C01848', 'R02622']","[1787, 1786]",[],False
1316,2,"['C01849', 'R02525']","[1804, 1806]",[],False
1317,2,"['C01850', 'R02753']","[1800, 1799]",[],False
1318,2,"['C01851', 'R00528']","[1801, 1800]",[],False
1319,2,"['C01852', 'R00737']","[1825, 1825]",[],False
1320,2,"['C01853', 'R00598']","[1789, 1788]",[],False
1321,2,"['C01854', 'R00666']","[1832, 1832]",[],False
1322,2,"['C01856', 'R02057']","[1786, 1787]",[],False
1323,2,"['C01857', 'R01355']","[1819, 1818]",[],False
1324,2,"['C01858', 'R00443']","[1825, 1826]",[],False
1325,2,"['C01860', 'R01040']","[1825, 1823]",[],False
1326,2,"['C01863', 'R02203']","[1797, 1799]",[],False
1327,2,"['C01864', 'R02961']","[1816, 1816]",[],False
1328,2,"['C01865', 'R00181']","[1793, 1795]",[],False
1329,2,"['C01866', 'R02227']","[1833, 1836]",[],False
1330,2,"['C01867', 'R01171']","[1783, 1782]",[],False
1331,2,"['C01869', 'R00386']","[1828, 1826]",[],False
1332,2,"['C01872', 'R01512']","[1835, 1831]",['birth_year_conflict'],True
1333,2,"['C01874', 'R01396']","[1803, 1803]",[],False
1334,2,"['C01875', 'R01820']","[1813, 1813]",[],False
1335,2,"['C01877', 'R02370']","[1836, 1840]",['birth_year_conflict'],True
1336,2,"['C01878', 'R00788']","[1789, 1790]",[],False
1337,2,"['C01880', 'R02098']","[1807, 1806]",[],False
1338,2,"['C01882', 'R00262']","[1838, 1839]",[],False
1339,2,"['C01883', 'R01774']","[1831, 1830]",[],False
1340,2,"['C01884', 'R02314']","[1823, 1825]",[],False
1341,2,"['C01885', 'R02757']","[1806, 1805]",[],False
1342,2,"['C01886', 'R00834']","[1826, 1824]",[],False
1343,2,"['C01887', 'R02338']","[1789, 1792]",[],False
1344,2,"['C01888', 'R00692']","[1804, 1804]",[],False
1345,2,"['C01890', 'R00416']","[1840, 1842]",[],False
1346,2,"['C01893', 'R02836']","[1790, 1793]",[],False
1347,2,"['C01895', 'R00806']","[1825, 1826]",[],False
1348,2,"['C01896', 'R01010']","[1797, 1798]",[],False
1349,2,"['C01897', 'R01123']","[1790, 1788]",[],False
1350,2,"['C01901', 'R02340']","[1799, 1797]",[],False
1351,2,"['C01902', 'R02462']","[1800, 1801]",[],False
1352,2,"['C01903', 'R02485']","[1818, 1816]",[],False
1353,2,"['C01907', 'R01763']","[1800, 1798]",[],False
1354,2,"['C01908', 'R00102']","[1784, 1785]",[],False
1355,2,"['C01910', 'R01133']","[1790, 1792]",[],False
1356,2,"['C01911', 'R01662']","[1832, 1834]",[],False
1357,2,"['C01913', 'R02234']","[1825, 1826]",[],False
1358,2,"['C01914', 'R00838']","[1836, 1835]",[],False
1359,2,"['C01916', 'R02745']","[1804, 1803]",[],False
1360,2,"['C01917', 'R01925']","[1804, 1803]",[],False
1361,2,"['C01918', 'R02186']","[1796, 1796]",[],False
1362,2,"['C01920', 'R01229']","[1805, 1806]",[],False
1363,2,"['C01921', 'R01490']","[1785, 1784]",[],False
1364,2,"['C01922', 'R02668']","[1799, 1797]",[],False
1365,2,"['C01923', 'R02220']","[1840, 1838]",[],False
1366,2,"['C01926', 'R00393']","[1839, 1839]",[],False
1367,2,"['C01927', 'R01649']","[1817, 1821]",['birth_year_conflict'],True
1368,2,"['C01928', 'R01735']","[1837, 1837]",[],False
1369,2,"['C01929', 'R00560']","[1813, 1811]",[],False
1370,2,"['C01930', 'R02051']","[1829, 1828]",[],False
1371,2,"['C01931', 'R02978']","[1803, 1802]",[],False
1372,2,"['C01932', 'R02869']","[1826, 1828]",[],False
1373,2,"['C01933', 'R01246']","[1804, 1806]",[],False
1374,2,"['C01934', 'R00689']","[1812, 1813]",[],False
1375,2,"['C01935', 'R01122']","[1782, 1779]",[],False
1376,2,"['C01937', 'R02822']","[1814, 1812]",[],False
1377,2,"['C01938', 'R02348']","[1808, 1807]",[],False
1378,2,"['C01939', 'R00355']","[1811, 1810]",[],False
1379,2,"['C01940', 'R02579']","[1797, 1799]",[],False
1380,2,"['C01941', 'R02955']","[1802, 1803]",[],False
1381,2,"['C01943', 'R01418']","[1788, 1789]",[],False
1382,2,"['C01944', 'R02009']","[1819, 1819]",[],False
1383,2,"['C01945', 'R01522']","[1823, 1825]",[],False
1384,2,"['C01946', 'R02304']","[1830, 1829]",[],False
1385,2,"['C01947', 'R00065']","[1796, 1792]",['birth_year_conflict'],True
1386,2,"['C01948', 'R01558']","[1803, 1803]",[],False
1387,2,"['C01949', 'R01367']","[1826, 1826]",[],False
1388,2,"['C01950', 'R02011']","[1804, 1802]",[],False
1389,2,"['C01951', 'R01723']","[1795, 1796]",[],False
1390,2,"['C01953', 'R02464']","[1809, 1811]",[],False
1391,2,"['C01954', 'R02112']","[1820, 1820]",[],False
1392,2,"['C01955', 'R02028']","[1801, 1801]",[],False
1393,2,"['C01956', 'R02106']","[1821, 1822]",[],False
1394,2,"['C01957', 'R00462']","[1783, 1781]",[],False
1395,2,"['C01959', 'R01531']","[1836, 1835]",[],False
1396,2,"['C01960', 'R00931']","[1830, 1830]",[],False
1397,2,"['C01961', 'R00506']","[1786, 1784]",[],False
1398,2,"['C01962', 'R02587']","[1797, 1795]",[],False
1399,2,"['C01966', 'R02794']","[1831, 1834]",[],False
1400,2,"['C01967', 'R01365']","[1791, 1791]",[],False
1401,2,"['C01968', 'R00205']","[1818, 1820]",[],False
1402,2,"['C01972', 'R02122']","[1825, 1825]",[],False
1403,2,"['C01973', 'R01196']","[1838, 1840]",[],False
1404,2,"['C01974', 'R00401']","[1784, 1786]",[],False
1405,2,"['C01975', 'R00982']","[1788, 1786]",[],False
1406,2,"['C01976', 'R00981']","[1836, 1837]",[],False
1407,2,"['C01978', 'R00063']","[1802, 1799]",[],False
1408,2,"['C01979', 'R00687']","[1789, 1787]",[],False
1409,2,"['C01981', 'R00188']","[1782, 1783]",[],False
1410,2,"['C01982', 'R02454']","[1815, 1812]",[],False
1411,2,"['C01983', 'R00380']","[1802, 1802]",[],False
1412,2,"['C01984', 'R01467']","[1819, 1820]",[],False
1413,2,"['C01985', 'R00009']","[1781, 1781]",[],False
1414,2,"['C01986', 'R01295']","[1799, 1799]",[],False
1415,2,"['C01988', 'R02160']","[1792, 1792]",[],False
1416,2,"['C01989', 'R02053']","[1820, 1818]",[],False
1417,2,"['C01990', 'R02851']","[1782, 1784]",[],False
1418,2,"['C01991', 'R02575']","[1781, 1784]",[],False
1419,2,"['C01992', 'R02042']","[1822, 1823]",[],False
1420,2,"['C01993', 'R02728']","[1822, 1822]",[],False
1421,2,"['C01994', 'R02928']","[1837, 1837]",[],False
1422,2,"['C01997', 'R02913']","[1805, 1802]",[],False
1423,2,"['C01998', 'R02733']","[1804, 1802]",[],False
1424,2,"['C01999', 'R00783']","[1835, 1835]",[],False
1425,2,"['C02000', 'R00370']","[1831, 1832]",[],False
1426,2,"['C02001', 'R02532']","[1823, 1821]",[],False
1427,2,"['C02002', 'R00132']","[1830, 1831]",[],False
1428,2,"['C02003', 'R00911']","[1840, 1840]",[],False
1429,2,"['C02004', 'R01394']","[1801, 1801]",[],False
1430,2,"['C02009', 'R00332']","[1807, 1805]",[],False
1431,2,"['C02010', 'R01741']","[1811, 1812]",[],False
1432,2,"['C02011', 'R02359']","[1807, 1807]",[],False
1433,2,"['C02012', 'R02171']","[1829, 1830]",[],False
1434,2,"['C02013', 'R00412']","[1818, 1819]",[],False
1435,2,"['C02014', 'R00636']","[1805, 1807]",[],False
1436,2,"['C02015', 'R01011']","[1808, 1810]",[],False
1437,2,"['C02016', 'R01322']","[1826, 1823]",[],False
1438,2,"['C02018', 'R02410']","[1789, 1789]",[],False
1439,2,"['C02019', 'R01014']","[1794, 1795]",[],False
1440,2,"['C02022', 'R02483']","[1788, 1787]",[],False
1441,2,"['C02023', 'R01742']","[1803, 1804]",[],False
1442,2,"['C02025', 'R02468']","[1822, 1823]",[],False
1443,2,"['C02026', 'R02936']","[1798, 1800]",[],False
1444,2,"['C02029', 'R00921']","[1817, 1817]",[],False
1445,2,"['C02031', 'R02774']","[1794, 1797]",[],False
1446,2,"['C02032', 'R02729']","[1813, 1813]",[],False
1447,2,"['C02033', 'R01311']","[1807, 1808]",[],False
1448,2,"['C02036', 'R00511']","[1819, 1821]",[],False
1449,2,"['C02038', 'R02900']","[1792, 1789]",[],False
1450,2,"['C02042', 'R02189']","[1834, 1835]",[],False
1451,2,"['C02043', 'R01218']","[1815, 1814]",[],False
1452,2,"['C02044', 'R00552']","[1781, 1780]",[],False
1453,2,"['C02046', 'R01944']","[1825, 1827]",[],False
1454,2,"['C02048', 'R00723']","[1827, 1826]",[],False
1455,2,"['C02049', 'R00845']","[1793, 1792]",[],False
1456,2,"['C02051', 'R00215']","[1833, 1836]",[],False
1457,2,"['C02052', 'R02130']","[1806, 1805]",[],False
1458,2,"['C02053', 'R02646']","[1783, 1786]",[],False
1459,2,"['C02054', 'R02249']","[1816, 1814]",[],False
1460,2,"['C02055', 'R01900']","[1786, 1787]",[],False
1461,2,"['C02056', 'R02156']","[1807, 1809]",[],False
1462,2,"['C02057', 'R01756']","[1793, 1793]",[],False
1463,2,"['C02058', 'R01536']","[1834, 1833]",[],False
1464,2,"['C02059', 'R01373']","[1807, 1808]",[],False
1465,2,"['C02060', 'R01726']","[1807, 1806]",[],False
1466,2,"['C02062', 'R00510']","[1828, 1824]",['birth_year_conflict'],True
1467,2,"['C02063', 'R01831']","[1831, 1832]",[],False
1468,2,"['C02064', 'R02450']","[1824, 1824]",[],False
1469,2,"['C02066', 'R01410']","[1819, 1817]",[],False
1470,2,"['C02067', 'R02168']","[1792, 1791]",[],False
1471,2,"['C02069', 'R00945']","[1792, 1791]",[],False
1472,2,"['C02070', 'R01851']","[1782, 1781]",[],False
1473,2,"['C02071', 'R00384']","[1781, 1780]",[],False
1474,2,"['C02073', 'R01864']","[1828, 1831]",[],False
1475,2,"['C02074', 'R00861']","[1786, 1786]",[],False
1476,2,"['C02076', 'R00656']","[1843, 1841]",[],False
1477,2,"['C02077', 'R02562']","[1815, 1816]",[],False
1478,2,"['C02078', 'R01524']","[1817, 1816]",[],False
1479,2,"['C02079', 'R00837']","[1803, 1804]",[],False
1480,2,"['C02080', 'R01034']","[1819, 1819]",[],False
1481,2,"['C02081', 'R01110']","[1811, 1811]",[],False
1482,2,"['C02082', 'R00098']","[1799, 1799]",[],False
1483,2,"['C02083', 'R02971']","[1797, 1797]",[],False
1484,2,"['C02085', 'R00196']","[1789, 1787]",[],False
1485,2,"['C02086', 'R02010']","[1813, 1812]",[],False
1486,2,"['C02089', 'R00964']","[1825, 1825]",[],False
1487,2,"['C02091', 'R02995']","[1790, 1789]",[],False
1488,2,"['C02093', 'R02426']","[1797, 1799]",[],False
1489,2,"['C02094', 'R00160']","[1837, 1835]",[],False
1490,2,"['C02095', 'R01271']","[1802, 1804]",[],False
1491,2,"['C02096', 'R00340']","[1835, 1835]",[],False
1492,2,"['C02097', 'R02179']","[1832, 1831]",[],False
1493,2,"['C02100', 'R02601']","[1831, 1830]",[],False
1494,2,"['C02101', 'R02003']","[1817, 1817]",[],False
1495,2,"['C02102', 'R01564']","[1833, 1830]",[],False
1496,2,"['C02105', 'R00307']","[1782, 1782]",[],False
1497,2,"['C02106', 'R00475']","[1825, 1828]",[],False
1498,2,"['C02108', 'R00952']","[1815, 1816]",[],False
1499,2,"['C02109', 'R00045']","[1825, 1824]",[],False
1500,2,"['C02110', 'R01608']","[1782, 1780]",[],False
1501,2,"['C02111', 'R00566']","[1796, 1796]",[],False
1502,2,"['C02113', 'R00204']","[1793, 1796]",[],False
1503,2,"['C02115', 'R00442']","[1796, 1798]",[],False
1504,2,"['C02117', 'R00521']","[1801, 1803]",[],False
1505,2,"['C02118', 'R01359']","[1778, 1780]",[],False
1506,2,"['C02119', 'R00500']","[1818, 1817]",[],False
1507,2,"['C02120', 'R00905']","[1839, 1838]",[],False
1508,2,"['C02121', 'R00315']","[1813, 1815]",[],False
1509,2,"['C02123', 'R01446']","[1784, 1785]",[],False
1510,2,"['C02124', 'R01270']","[1795, 1796]",[],False
1511,2,"['C02127', 'R01611']","[1784, 1786]",[],False
1512,2,"['C02128', 'R00480']","[1831, 1829]",[],False
1513,2,"['C02130', 'R01318']","[1825, 1825]",[],False
1514,2,"['C02131', 'R01370']","[1793, 1793]",[],False
1515,2,"['C02133', 'R00963']","[1793, 1795]",[],False
1516,2,"['C02134', 'R00032']","[1830, 1829]",[],False
1517,2,"['C02135', 'R02725']","[1799, 1800]",[],False
1518,2,"['C02136', 'R00571']","[1824, 1822]",[],False
1519,2,"['C02137', 'R01261']","[1835, 1836]",[],False
1520,2,"['C02138', 'R02143']","[1784, 1785]",[],False
1521,2,"['C02139', 'R02048']","[1784, 1785]",[],False
1522,2,"['C02142', 'R01857']","[1826, 1825]",[],False
1523,2,"['C02143', 'R00017']","[1834, 1834]",[],False
1524,2,"['C02146', 'R01958']","[1817, 1817]",[],False
1525,2,"['C02147', 'R00718']","[1795, 1790]",['birth_year_conflict'],True
1526,2,"['C02148', 'R01595']","[1781, 1779]",[],False
1527,2,"['C02149', 'R01859']","[1783, 1782]",[],False
1528,2,"['C02151', 'R02394']","[1806, 1804]",[],False
1529,2,"['C02153', 'R01274']","[1835, 1835]",[],False
1530,2,"['C02154', 'R00300']","[1824, 1824]",[],False
1531,2,"['C02155', 'R00104']","[1793, 1795]",[],False
1532,2,"['C02156', 'R02206']","[1781, 1779]",[],False
1533,2,"['C02157', 'R02294']","[1836, 1836]",[],False
1534,2,"['C02159', 'R02440']","[1827, 1827]",[],False
1535,2,"['C02160', 'R01733']","[1809, 1808]",[],False
1536,2,"['C02161', 'R00366']","[1805, 1806]",[],False
1537,2,"['C02162', 'R00994']","[1790, 1788]",[],False
1538,2,"['C02163', 'R00169']","[1805, 1807]",[],False
1539,2,"['C02165', 'R02783']","[1821, 1822]",[],False
1540,2,"['C02166', 'R01378']","[1787, 1786]",[],False
1541,2,"['C02168', 'R02755']","[1830, 1827]",[],False
1542,2,"['C02170', 'R01588']","[1819, 1821]",[],False
1543,2,"['C02171', 'R00889']","[1811, 1810]",[],False
1544,2,"['C02173', 'R00083']","[1791, 1791]",[],False
1545,2,"['C02174', 'R01850']","[1806, 1806]",[],False
1546,2,"['C02175', 'R02173']","[1813, 1812]",[],False
1547,2,"['C02176', 'R01193']","[1837, 1839]",[],False
1548,2,"['C02177', 'R00106']","[1782, 1781]",[],False
1549,2,"['C02178', 'R00210']","[1810, 1810]",[],False
1550,2,"['C02179', 'R00308']","[1798, 1797]",[],False
1551,2,"['C02180', 'R02895']","[1810, 1812]",[],False
1552,2,"['C02181', 'R00652']","[1786, 1787]",[],False
1553,2,"['C02183', 'R00052']","[1796, 1797]",[],False
1554,2,"['C02185', 'R00290']","[1800, 1800]",[],False
1555,2,"['C02188', 'R02750']","[1828, 1828]",[],False
1556,2,"['C02189', 'R02655']","[1792, 1793]",[],False
1557,2,"['C02190', 'R02364']","[1792, 1792]",[],False
1558,2,"['C02194', 'R00067']","[1839, 1834]",['birth_year_conflict'],True
1559,2,"['C02195', 'R00532']","[1805, 1803]",[],False
1560,2,"['C02196', 'R02823']","[1828, 1827]",[],False
1561,2,"['C02197', 'R02585']","[1803, 1801]",[],False
1562,2,"['C02198', 'R01144']","[1838, 1839]",[],False
1563,2,"['C02199', 'R01376']","[1814, 1813]",[],False
1564,2,"['C02200', 'R02339']","[1830, 1827]",[],False
1565,2,"['C02201', 'R01728']","[1785, 1785]",[],False
1566,2,"['C02203', 'R02133']","[1821, 1821]",[],False
1567,2,"['C02205', 'R02345']","[1835, 1837]",[],False
1568,2,"['C02206', 'R02592']","[1818, 1821]",[],False
1569,2,"['C02207', 'R00219']","[1829, 1829]",[],False
1570,2,"['C02208', 'R01384']","[1815, 1815]",[],False
1571,2,"['C02210', 'R00057']","[1795, 1795]",[],False
1572,2,"['C02212', 'R00912']","[1839, 1838]",[],False
1573,2,"['C02213', 'R01087']","[1825, 1824]",[],False
1574,2,"['C02214', 'R00031']","[1810, 1810]",[],False
1575,2,"['C02218', 'R00903']","[1781, 1779]",[],False
1576,2,"['C02219', 'R01232']","[1836, 1833]",[],False
1577,2,"['C02222', 'R00483']","[1798, 1798]",[],False
1578,2,"['C02223', 'R02899']","[1799, 1798]",[],False
1579,2,"['C02224', 'R02030']","[1817, 1818]",[],False
1580,2,"['C02225', 'R01398']","[1832, 1833]",[],False
1581,2,"['C02226', 'R02650']","[1835, 1833]",[],False
1582,2,"['C02227', 'R01747']","[1784, 1785]",[],False
1583,2,"['C02228', 'R01382']","[1782, 1781]",[],False
1584,2,"['C02229', 'R00944']","[1783, 1781]",[],False
1585,2,"['C02231', 'R00667']","[1810, 1811]",[],False
1586,2,"['C02233', 'R02072']","[1811, 1810]",[],False
1587,2,"['C02235', 'R02310']","[1822, 1821]",[],False
1588,2,"['C02236', 'R01656']","[1785, 1785]",[],False
1589,2,"['C02237', 'R00430']","[1803, 1801]",[],False
1590,2,"['C02238', 'R00629']","[1804, 1806]",[],False
1591,2,"['C02240', 'R01457']","[1796, 1797]",[],False
1592,2,"['C02241', 'R00926']","[1797, 1799]",[],False
1593,2,"['C02242', 'R01120']","[1809, 1811]",[],False
1594,2,"['C02243', 'R01767']","[1811, 1810]",[],False
1595,2,"['C02244', 'R01356']","[1807, 1808]",[],False
1596,2,"['C02246', 'R02940']","[1812, 1810]",[],False
1597,2,"['C02247', 'R01401']","[1788, 1788]",[],False
1598,2,"['C02249', 'R01886']","[1817, 1817]",[],False
1599,2,"['C02250', 'R01412']","[1818, 1818]",[],False
1600,2,"['C02251', 'R02238']","[1789, 1787]",[],False
1601,2,"['C02253', 'R01630']","[1820, 1822]",[],False
1602,2,"['C02254', 'R01230']","[1792, 1791]",[],False
1603,2,"['C02256', 'R00476']","[1780, 1784]",['birth_year_conflict'],True
1604,2,"['C02259', 'R01992']","[1794, 1793]",[],False
1605,2,"['C02260', 'R01482']","[1830, 1831]",[],False
1606,2,"['C02261', 'R02230']","[1831, 1832]",[],False
1607,2,"['C02262', 'R01862']","[1803, 1804]",[],False
1608,2,"['C02264', 'R00240']","[1824, 1826]",[],False
1609,2,"['C02265', 'R00992']","[1795, 1796]",[],False
1610,2,"['C02268', 'R00775']","[1812, 1813]",[],False
1611,2,"['C02270', 'R02815']","[1801, 1800]",[],False
1612,2,"['C02272', 'R01146']","[1828, 1827]",[],False
1613,2,"['C02273', 'R02985']","[1798, 1800]",[],False
1614,2,"['C02275', 'R01280']","[1791, 1790]",[],False
1615,2,"['C02276', 'R00681']","[1815, 1816]",[],False
1616,2,"['C02277', 'R01427']","[1787, 1787]",[],False
1617,2,"['C02278', 'R01115']","[1835, 1834]",[],False
1618,2,"['C02279', 'R02136']","[1826, 1826]",[],False
1619,2,"['C02280', 'R02298']","[1799, 1799]",[],False
1620,2,"['C02281', 'R02949']","[1786, 1785]",[],False
1621,2,"['C02282', 'R01316']","[1806, 1806]",[],False
1622,2,"['C02283', 'R00702']","[1785, 1786]",[],False
1623,2,"['C02285', 'R01626']","[1808, 1808]",[],False
1624,2,"['C02287', 'R00578']","[1793, 1790]",[],False
1625,2,"['C02288', 'R01936']","[1809, 1808]",[],False
1626,2,"['C02289', 'R00739']","[1807, 1807]",[],False
1627,2,"['C02290', 'R01358']","[1807, 1808]",[],False
1628,2,"['C02291', 'R01206']","[1784, 1782]",[],False
1629,2,"['C02292', 'R00901']","[1824, 1823]",[],False
1630,2,"['C02293', 'R01244']","[1822, 1823]",[],False
1631,2,"['C02294', 'R02766']","[1832, 1830]",[],False
1632,2,"['C02295', 'R00800']","[1819, 1820]",[],False
1633,2,"['C02296', 'R02966']","[1814, 1815]",[],False
1634,2,"['C02297', 'R02418']","[1792, 1794]",[],False
1635,2,"['C02298', 'R01684']","[1823, 1821]",[],False
1636,2,"['C02300', 'R00570']","[1825, 1824]",[],False
1637,2,"['C02301', 'R02025']","[1779, 1781]",[],False
1638,2,"['C02302', 'R02120']","[1820, 1822]",[],False
1639,2,"['C02304', 'R02867']","[1835, 1835]",[],False
1640,2,"['C02305', 'R02091']","[1794, 1794]",[],False
1641,2,"['C02306', 'R01463']","[1825, 1826]",[],False
1642,2,"['C02307', 'R00183']","[1820, 1819]",[],False
1643,2,"['C02308', 'R01453']","[1804, 1805]",[],False
1644,2,"['C02310', 'R02731']","[1790, 1793]",[],False
1645,2,"['C02311', 'R01810']","[1806, 1806]",[],False
1646,2,"['C02312', 'R02648']","[1807, 1807]",[],False
1647,2,"['C02314', 'R02414']","[1791, 1791]",[],False
1648,2,"['C02315', 'R02923']","[1791, 1789]",[],False
1649,2,"['C02316', 'R00924']","[1793, 1792]",[],False
1650,2,"['C02318', 'R02866']","[1830, 1830]",[],False
1651,2,"['C02319', 'R00748']","[1799, 1797]",[],False
1652,2,"['C02322', 'R02211']","[1842, 1839]",[],False
1653,2,"['C02326', 'R02827']","[1816, 1817]",[],False
1654,2,"['C02327', 'R00738']","[1812, 1811]",[],False
1655,2,"['C02328', 'R00612']","[1783, 1782]",[],False
1656,2,"['C02330', 'R00890']","[1797, 1797]",[],False
1657,2,"['C02331', 'R01894']","[1831, 1832]",[],False
1658,2,"['C02332', 'R01045']","[1791, 1794]",[],False
1659,2,"['C02333', 'R00922']","[1804, 1804]",[],False
1660,2,"['C02334', 'R01701']","[1797, 1797]",[],False
1661,2,"['C02335', 'R01880']","[1789, 1788]",[],False
1662,2,"['C02336', 'R02856']","[1799, 1799]",[],False
1663,2,"['C02338', 'R00030']","[1834, 1833]",[],False
1664,2,"['C02339', 'R00192']","[1791, 1789]",[],False
1665,2,"['C02342', 'R02683']","[1812, 1814]",[],False
1666,2,"['C02343', 'R00920']","[1832, 1831]",[],False
1667,2,"['C02344', 'R01380']","[1819, 1819]",[],False
1668,2,"['C02348', 'R02467']","[1803, 1804]",[],False
1669,2,"['C02351', 'R01076']","[1780, 1782]",[],False
1670,2,"['C02353', 'R00112']","[1837, 1838]",[],False
1671,2,"['C02354', 'R02123']","[1842, 1838]",['birth_year_conflict'],True
1672,2,"['C02355', 'R01706']","[1824, 1820]",['birth_year_conflict'],True
1673,2,"['C02356', 'R02987']","[1781, 1779]",[],False
1674,2,"['C02357', 'R00347']","[1803, 1803]",[],False
1675,2,"['C02358', 'R00402']","[1781, 1781]",[],False
1676,2,"['C02359', 'R01547']","[1784, 1783]",[],False
1677,2,"['C02360', 'R00569']","[1815, 1814]",[],False
1678,2,"['C02364', 'R00417']","[1793, 1793]",[],False
1679,2,"['C02365', 'R01941']","[1815, 1814]",[],False
1680,2,"['C02366', 'R02976']","[1819, 1818]",[],False
1681,2,"['C02367', 'R02524']","[1804, 1805]",[],False
1682,2,"['C02368', 'R01006']","[1837, 1836]",[],False
1683,2,"['C02369', 'R02059']","[1804, 1806]",[],False
1684,2,"['C02370', 'R00179']","[1796, 1796]",[],False
1685,2,"['C02371', 'R02311']","[1817, 1815]",[],False
1686,2,"['C02372', 'R00613']","[1778, 1779]",[],False
1687,2,"['C02373', 'R00305']","[1837, 1836]",[],False
1688,2,"['C02374', 'R00432']","[1791, 1791]",[],False
1689,2,"['C02375', 'R01605']","[1819, 1817]",[],False
1690,2,"['C02377', 'R01333']","[1839, 1838]",[],False
1691,2,"['C02378', 'R02469']","[1831, 1831]",[],False
1692,2,"['C02382', 'R02040']","[1811, 1815]",['birth_year_conflict'],True
1693,2,"['C02383', 'R01586']","[1825, 1826]",[],False
1694,2,"['C02384', 'R02279']","[1833, 1833]",[],False
1695,2,"['C02385', 'R02715']","[1814, 1816]",[],False
1696,2,"['C02386', 'R02047']","[1835, 1835]",[],False
1697,2,"['C02387', 'R00984']","[1817, 1816]",[],False
1698,2,"['C02389', 'R00217']","[1816, 1817]",[],False
1699,2,"['C02391', 'R02281']","[1835, 1835]",[],False
1700,2,"['C02392', 'R01569']","[1783, 1783]",[],False
1701,2,"['C02393', 'R01351']","[1803, 1800]",[],False
1702,2,"['C02394', 'R00007']","[1799, 1801]",[],False
1703,2,"['C02395', 'R00869']","[1824, 1825]",[],False
1704,2,"['C02396', 'R00719']","[1830, 1830]",[],False
1705,2,"['C02398', 'R01461']","[1787, 1788]",[],False
1706,2,"['C02399', 'R01788']","[1832, 1831]",[],False
1707,2,"['C02400', 'R01869']","[1824, 1821]",[],False
1708,2,"['C02401', 'R00802']","[1805, 1806]",[],False
1709,2,"['C02402', 'R02803']","[1786, 1787]",[],False
1710,2,"['C02403', 'R00457']","[1831, 1833]",[],False
1711,2,"['C02406', 'R00616']","[1791, 1792]",[],False
1712,2,"['C02407', 'R02020']","[1795, 1795]",[],False
1713,2,"['C02408', 'R02972']","[1810, 1810]",[],False
1714,2,"['C02409', 'R02299']","[1826, 1822]",['birth_year_conflict'],True
1715,2,"['C02410', 'R02260']","[1825, 1826]",[],False
1716,2,"['C02411', 'R01268']","[1812, 1814]",[],False
1717,2,"['C02412', 'R00165']","[1831, 1829]",[],False
1718,2,"['C02413', 'R01341']","[1797, 1796]",[],False
1719,2,"['C02414', 'R00507']","[1780, 1783]",[],False
1720,2,"['C02416', 'R01821']","[1809, 1810]",[],False
1721,2,"['C02417', 'R02167']","[1805, 1808]",[],False
1722,2,"['C02418', 'R01404']","[1838, 1836]",[],False
1723,2,"['C02420', 'R00541']","[1828, 1827]",[],False
1724,2,"['C02421', 'R00658']","[1839, 1838]",[],False
1725,2,"['C02422', 'R01670']","[1801, 1803]",[],False
1726,2,"['C02424', 'R02758']","[1824, 1823]",[],False
1727,2,"['C02425', 'R00394']","[1839, 1837]",[],False
1728,2,"['C02426', 'R00648']","[1835, 1835]",[],False
1729,2,"['C02427', 'R02633']","[1780, 1778]",[],False
1730,2,"['C02428', 'R00116']","[1790, 1790]",[],False
1731,2,"['C02429', 'R01591']","[1790, 1789]",[],False
1732,2,"['C02430', 'R00923']","[1828, 1831]",[],False
1733,2,"['C02431', 'R01725']","[1780, 1782]",[],False
1734,2,"['C02432', 'R01573']","[1783, 1784]",[],False
1735,2,"['C02433', 'R00151']","[1813, 1811]",[],False
1736,2,"['C02434', 'R02828']","[1826, 1824]",[],False
1737,2,"['C02435', 'R01479']","[1823, 1822]",[],False
1738,2,"['C02436', 'R02369']","[1802, 1801]",[],False
1739,2,"['C02439', 'R02787']","[1809, 1810]",[],False
1740,2,"['C02440', 'R00328']","[1784, 1783]",[],False
1741,2,"['C02441', 'R02336']","[1831, 1831]",[],False
1742,2,"['C02442', 'R00929']","[1811, 1810]",[],False
1743,2,"['C02443', 'R02497']","[1812, 1811]",[],False
1744,2,"['C02444', 'R00346']","[1808, 1808]",[],False
1745,2,"['C02445', 'R01473']","[1813, 1813]",[],False
1746,2,"['C02446', 'R01191']","[1806, 1807]",[],False
1747,2,"['C02448', 'R00068']","[1833, 1832]",[],False
1748,2,"['C02449', 'R01559']","[1813, 1812]",[],False
1749,2,"['C02452', 'R01868']","[1789, 1789]",[],False
1750,2,"['C02453', 'R00199']","[1822, 1825]",[],False
1751,2,"['C02454', 'R01945']","[1811, 1812]",[],False
1752,2,"['C02455', 'R00365']","[1807, 1809]",[],False
1753,2,"['C02456', 'R02708']","[1792, 1793]",[],False
1754,2,"['C02457', 'R00212']","[1780, 1779]",[],False
1755,2,"['C02459', 'R00742']","[1806, 1805]",[],False
1756,2,"['C02460', 'R00767']","[1819, 1818]",[],False
1757,2,"['C02461', 'R02700']","[1835, 1835]",[],False
1758,2,"['C02462', 'R02819']","[1803, 1802]",[],False
1759,2,"['C02464', 'R01405']","[1800, 1799]",[],False
1760,2,"['C02465', 'R01279']","[1783, 1782]",[],False
1761,2,"['C02467', 'R02720']","[1838, 1839]",[],False
1762,2,"['C02468', 'R01773']","[1830, 1829]",[],False
1763,2,"['C02469', 'R01053']","[1797, 1795]",[],False
1764,2,"['C02470', 'R01633']","[1811, 1811]",[],False
1765,2,"['C02473', 'R00878']","[1828, 1825]",[],False
1766,2,"['C02474', 'R01648']","[1803, 1802]",[],False
1767,2,"['C02475', 'R01661']","[1833, 1834]",[],False
1768,2,"['C02476', 'R01830']","[1787, 1788]",[],False
1769,2,"['C02477', 'R00206']","[1827, 1829]",[],False
1770,2,"['C02479', 'R00377']","[1804, 1806]",[],False
1771,2,"['C02480', 'R01812']","[1820, 1820]",[],False
1772,2,"['C02481', 'R02471']","[1837, 1837]",[],False
1773,2,"['C02482', 'R02033']","[1815, 1816]",[],False
1774,2,"['C02483', 'R02695']","[1805, 1805]",[],False
1775,2,"['C02484', 'R00383']","[1832, 1834]",[],False
1776,2,"['C02485', 'R02185']","[1786, 1783]",[],False
1777,2,"['C02487', 'R00714']","[1784, 1782]",[],False
1778,2,"['C02488', 'R01441']","[1816, 1817]",[],False
1779,2,"['C02489', 'R01768']","[1806, 1809]",[],False
1780,2,"['C02492', 'R00218']","[1793, 1794]",[],False
1781,2,"['C02493', 'R00072']","[1832, 1833]",[],False
1782,2,"['C02494', 'R00040']","[1824, 1826]",[],False
1783,2,"['C02495', 'R02177']","[1790, 1789]",[],False
1784,2,"['C02496', 'R01647']","[1806, 1805]",[],False
1785,2,"['C02497', 'R02518']","[1833, 1833]",[],False
1786,2,"['C02498', 'R01959']","[1831, 1831]",[],False
1787,2,"['C02499', 'R02229']","[1798, 1795]",[],False
1788,2,"['C02500', 'R01973']","[1794, 1797]",[],False
1789,2,"['C02501', 'R00499']","[1781, 1778]",[],False
1790,2,"['C02503', 'R00703']","[1794, 1794]",[],False
1791,2,"['C02505', 'R00066']","[1824, 1825]",[],False
1792,2,"['C02506', 'R00908']","[1823, 1820]",[],False
1793,2,"['C02507', 'R01692']","[1801, 1801]",[],False
1794,2,"['C02508', 'R01789']","[1804, 1803]",[],False
1795,2,"['C02510', 'R01677']","[1781, 1779]",[],False
1796,2,"['C02511', 'R01486']","[1810, 1811]",[],False
1797,2,"['C02512', 'R00301']","[1781, 1783]",[],False
1798,2,"['C02513', 'R01079']","[1789, 1787]",[],False
1799,2,"['C02514', 'R00887']","[1815, 1815]",[],False
1800,2,"['C02515', 'R00530']","[1814, 1815]",[],False
1801,2,"['C02516', 'R00803']","[1826, 1824]",[],False
1802,2,"['C02517', 'R01236']","[1793, 1794]",[],False
1803,2,"['C02521', 'R02488']","[1789, 1793]",['birth_year_conflict'],True
1804,2,"['C02522', 'R02719']","[1798, 1798]",[],False
1805,2,"['C02523', 'R01799']","[1792, 1792]",[],False
1806,2,"['C02525', 'R00915']","[1808, 1808]",[],False
1807,2,"['C02526', 'R02761']","[1817, 1818]",[],False
1808,2,"['C02527', 'R02614']","[1840, 1840]",[],False
1809,2,"['C02528', 'R00668']","[1820, 1818]",[],False
1810,2,"['C02529', 'R00760']","[1798, 1798]",[],False
1811,2,"['C02530', 'R02423']","[1789, 1787]",[],False
1812,2,"['C02533', 'R00069']","[1798, 1799]",[],False
1813,2,"['C02534', 'R01879']","[1794, 1793]",[],False
1814,2,"['C02535', 'R01030']","[1840, 1837]",[],False
1815,2,"['C02537', 'R02689']","[1792, 1791]",[],False
1816,2,"['C02538', 'R01632']","[1825, 1824]",[],False
1817,2,"['C02539', 'R01337']","[1825, 1823]",[],False
1818,2,"['C02540', 'R01050']","[1812, 1812]",[],False
1819,2,"['C02541', 'R01949']","[1828, 1828]",[],False
1820,2,"['C02543', 'R00407']","[1820, 1821]",[],False
1821,2,"['C02546', 'R02097']","[1801, 1804]",[],False
1822,2,"['C02547', 'R00207']","[1802, 1799]",[],False
1823,2,"['C02548', 'R01783']","[1819, 1818]",[],False
1824,2,"['C02550', 'R01517']","[1794, 1792]",[],False
1825,2,"['C02551', 'R02084']","[1828, 1827]",[],False
1826,2,"['C02554', 'R00670']","[1814, 1815]",[],False
1827,2,"['C02555', 'R01508']","[1835, 1834]",[],False
1828,2,"['C02556', 'R00271']","[1810, 1812]",[],False
1829,2,"['C02557', 'R00228']","[1821, 1819]",[],False
1830,2,"['C02558', 'R02479']","[1781, 1781]",[],False
1831,2,"['C02559', 'R00249']","[1819, 1819]",[],False
1832,2,"['C02560', 'R01855']","[1805, 1808]",[],False
1833,2,"['C02563', 'R02623']","[1828, 1827]",[],False
1834,2,"['C02566', 'R00599']","[1783, 1784]",[],False
1835,2,"['C02567', 'R00251']","[1807, 1806]",[],False
1836,2,"['C02568', 'R00292']","[1827, 1827]",[],False
1837,2,"['C02570', 'R00105']","[1796, 1795]",[],False
1838,2,"['C02571', 'R01269']","[1835, 1837]",[],False
1839,2,"['C02572', 'R00951']","[1809, 1811]",[],False
1840,2,"['C02573', 'R02431']","[1840, 1838]",[],False
1841,2,"['C02574', 'R01179']","[1809, 1807]",[],False
1842,2,"['C02575', 'R02052']","[1805, 1804]",[],False
1843,2,"['C02576', 'R02780']","[1800, 1798]",[],False
1844,2,"['C02577', 'R01062']","[1796, 1796]",[],False
1845,2,"['C02578', 'R01184']","[1826, 1827]",[],False
1846,2,"['C02579', 'R00815']","[1788, 1787]",[],False
1847,2,"['C02580', 'R00763']","[1798, 1800]",[],False
1848,2,"['C02582', 'R02032']","[1801, 1800]",[],False
1849,2,"['C02584', 'R01132']","[1802, 1802]",[],False
1850,2,"['C02585', 'R01934']","[1810, 1809]",[],False
1851,2,"['C02587', 'R01248']","[1809, 1810]",[],False
1852,2,"['C02589', 'R01953']","[1821, 1823]",[],False
1853,2,"['C02590', 'R00794']","[1778, 1781]",[],False
1854,2,"['C02591', 'R01420']","[1779, 1779]",[],False
1855,2,"['C02592', 'R00186']","[1808, 1811]",[],False
1856,2,"['C02593', 'R00152']","[1805, 1805]",[],False
1857,2,"['C02594', 'R00110']","[1795, 1794]",[],False
1858,2,"['C02595', 'R02422']","[1840, 1841]",[],False
1859,2,"['C02596', 'R02596']","[1824, 1823]",[],False
1860,2,"['C02597', 'R01408']","[1783, 1785]",[],False
1861,2,"['C02598', 'R01907']","[1828, 1826]",[],False
1862,2,"['C02599', 'R01833']","[1829, 1831]",[],False
1863,2,"['C02600', 'R01260']","[1807, 1811]",['birth_year_conflict'],True
1864,2,"['C02601', 'R01105']","[1833, 1834]",[],False
1865,2,"['C02602', 'R01500']","[1811, 1812]",[],False
1866,2,"['C02604', 'R00254']","[1793, 1792]",[],False
1867,2,"['C02607', 'R02365']","[1810, 1811]",[],False
1868,2,"['C02608', 'R00637']","[1835, 1837]",[],False
1869,2,"['C02610', 'R00736']","[1829, 1831]",[],False
1870,2,"['C02612', 'R01021']","[1787, 1789]",[],False
1871,2,"['C02613', 'R00088']","[1804, 1805]",[],False
1872,2,"['C02614', 'R01619']","[1839, 1842]",[],False
1873,2,"['C02615', 'R00426']","[1828, 1828]",[],False
1874,2,"['C02616', 'R02178']","[1837, 1839]",[],False
1875,2,"['C02618', 'R02939']","[1800, 1801]",[],False
1876,2,"['C02619', 'R00005']","[1838, 1836]",[],False
1877,2,"['C02620', 'R02704']","[1825, 1826]",[],False
1878,2,"['C02621', 'R01557']","[1786, 1789]",[],False
1879,2,"['C02622', 'R00129']","[1790, 1791]",[],False
1880,2,"['C02625', 'R01231']","[1788, 1787]",[],False
1881,2,"['C02627', 'R00540']","[1826, 1827]",[],False
1882,2,"['C02631', 'R02894']","[1786, 1785]",[],False
1883,2,"['C02632', 'R02925']","[1792, 1790]",[],False
1884,2,"['C02634', 'R02732']","[1793, 1793]",[],False
1885,2,"['C02635', 'R00208']","[1805, 1809]",['birth_year_conflict'],True
1886,2,"['C02636', 'R02036']","[1807, 1809]",[],False
1887,2,"['C02637', 'R00023']","[1794, 1794]",[],False
1888,2,"['C02638', 'R02555']","[1836, 1835]",[],False
1889,2,"['C02639', 'R01029']","[1790, 1791]",[],False
1890,2,"['C02640', 'R02820']","[1801, 1802]",[],False
1891,2,"['C02641', 'R00452']","[1822, 1815]",['birth_year_conflict'],True
1892,2,"['C02642', 'R01052']","[1814, 1813]",[],False
1893,2,"['C02645', 'R00793']","[1832, 1832]",[],False
1894,2,"['C02646', 'R01223']","[1784, 1788]",['birth_year_conflict'],True
1895,2,"['C02647', 'R01063']","[1803, 1805]",[],False
1896,2,"['C02648', 'R02802']","[1797, 1799]",[],False
1897,2,"['C02652', 'R00284']","[1805, 1801]",['birth_year_conflict'],True
1898,2,"['C02653', 'R01539']","[1802, 1801]",[],False
1899,2,"['C02654', 'R02170']","[1825, 1824]",[],False
1900,2,"['C02656', 'R00055']","[1838, 1837]",[],False
1901,2,"['C02657', 'R01228']","[1822, 1822]",[],False
1902,2,"['C02658', 'R00277']","[1833, 1834]",[],False
1903,2,"['C02659', 'R00062']","[1830, 1828]",[],False
1904,2,"['C02660', 'R02584']","[1839, 1837]",[],False
1905,2,"['C02661', 'R00242']","[1789, 1792]",[],False
1906,2,"['C02662', 'R00753']","[1793, 1791]",[],False
1907,2,"['C02663', 'R02520']","[1834, 1832]",[],False
1908,2,"['C02666', 'R01687']","[1789, 1788]",[],False
1909,2,"['C02668', 'R00482']","[1837, 1837]",[],False
1910,2,"['C02669', 'R02023']","[1812, 1814]",[],False
1911,2,"['C02671', 'R02621']","[1821, 1822]",[],False
1912,2,"['C02672', 'R02858']","[1786, 1786]",[],False
1913,2,"['C02675', 'R00679']","[1820, 1821]",[],False
1914,2,"['C02677', 'R02386']","[1815, 1815]",[],False
1915,2,"['C02679', 'R02395']","[1801, 1801]",[],False
1916,2,"['C02681', 'R01428']","[1836, 1836]",[],False
1917,2,"['C02683', 'R01665']","[1796, 1797]",[],False
1918,2,"['C02686', 'R01911']","[1785, 1783]",[],False
1919,2,"['C02687', 'R02679']","[1831, 1830]",[],False
1920,2,"['C02689', 'R01054']","[1827, 1826]",[],False
1921,2,"['C02690', 'R00892']","[1832, 1830]",[],False
1922,2,"['C02691', 'R02085']","[1798, 1798]",[],False
1923,2,"['C02692', 'R02417']","[1823, 1824]",[],False
1924,2,"['C02693', 'R01023']","[1801, 1801]",[],False
1925,2,"['C02696', 'R01504']","[1813, 1812]",[],False
1926,2,"['C02699', 'R00965']","[1826, 1829]",[],False
1927,2,"['C02702', 'R02907']","[1818, 1817]",[],False
1928,2,"['C02703', 'R00490']","[1783, 1783]",[],False
1929,2,"['C02704', 'R01717']","[1784, 1782]",[],False
1930,2,"['C02706', 'R00231']","[1828, 1828]",[],False
1931,2,"['C02707', 'R00485']","[1799, 1799]",[],False
1932,2,"['C02708', 'R00601']","[1801, 1799]",[],False
1933,2,"['C02709', 'R00342']","[1782, 1781]",[],False
1934,2,"['C02711', 'R01615']","[1808, 1811]",[],False
1935,2,"['C02712', 'R00886']","[1799, 1798]",[],False
1936,2,"['C02713', 'R01364']","[1794, 1792]",[],False
1937,2,"['C02714', 'R02627']","[1820, 1817]",[],False
1938,2,"['C02715', 'R02375']","[1793, 1791]",[],False
1939,2,"['C02716', 'R02545']","[1828, 1829]",[],False
1940,2,"['C02717', 'R02891']","[1808, 1806]",[],False
1941,2,"['C02719', 'R00880']","[1823, 1823]",[],False
1942,2,"['C02720', 'R00211']","[1802, 1803]",[],False
1943,2,"['C02721', 'R02608']","[1831, 1830]",[],False
1944,2,"['C02722', 'R00252']","[1841, 1841]",[],False
1945,2,"['C02725', 'R00553']","[1833, 1833]",[],False
1946,2,"['C02726', 'R00353']","[1793, 1790]",[],False
1947,2,"['C02727', 'R01731']","[1800, 1799]",[],False
1948,2,"['C02728', 'R02159']","[1819, 1818]",[],False
1949,2,"['C02729', 'R00573']","[1794, 1791]",[],False
1950,2,"['C02730', 'R01866']","[1797, 1797]",[],False
1951,2,"['C02731', 'R01627']","[1786, 1786]",[],False
1952,2,"['C02732', 'R00148']","[1791, 1792]",[],False
1953,2,"['C02734', 'R00170']","[1786, 1786]",[],False
1954,2,"['C02735', 'R02560']","[1833, 1833]",[],False
1955,2,"['C02739', 'R00051']","[1798, 1798]",[],False
1956,2,"['C02741', 'R00850']","[1792, 1791]",[],False
1957,2,"['C02743', 'R01990']","[1824, 1823]",[],False
1958,2,"['C02744', 'R02291']","[1826, 1825]",[],False
1959,2,"['C02745', 'R02610']","[1802, 1801]",[],False
1960,2,"['C02746', 'R00642']","[1796, 1798]",[],False
1961,2,"['C02747', 'R02934']","[1811, 1812]",[],False
1962,2,"['C02749', 'R00623']","[1778, 1779]",[],False
1963,2,"['C02750', 'R00747']","[1835, 1835]",[],False
1964,2,"['C02753', 'R00896']","[1782, 1783]",[],False
1965,2,"['C02754', 'R02535']","[1796, 1797]",[],False
1966,2,"['C02755', 'R02980']","[1791, 1793]",[],False
1967,2,"['C02757', 'R02664']","[1796, 1800]",['birth_year_conflict'],True
1968,2,"['C02758', 'R02241']","[1826, 1826]",[],False
1969,2,"['C02759', 'R00644']","[1794, 1794]",[],False
1970,2,"['C02761', 'R00379']","[1816, 1813]",[],False
1971,2,"['C02765', 'R02565']","[1780, 1780]",[],False
1972,2,"['C02766', 'R00640']","[1791, 1790]",[],False
1973,2,"['C02767', 'R02325']","[1785, 1786]",[],False
1974,2,"['C02768', 'R01012']","[1795, 1794]",[],False
1975,2,"['C02770', 'R02239']","[1833, 1836]",[],False
1976,2,"['C02771', 'R00549']","[1832, 1831]",[],False
1977,2,"['C02772', 'R01219']","[1840, 1839]",[],False
1978,2,"['C02773', 'R00946']","[1789, 1787]",[],False
1979,2,"['C02774', 'R01469']","[1833, 1834]",[],False
1980,2,"['C02775', 'R01642']","[1799, 1799]",[],False
1981,2,"['C02777', 'R01935']","[1806, 1806]",[],False
1982,2,"['C02779', 'R00193']","[1788, 1788]",[],False
1983,2,"['C02780', 'R02063']","[1823, 1826]",[],False
1984,2,"['C02781', 'R01290']","[1820, 1819]",[],False
1985,2,"['C02782', 'R00257']","[1788, 1788]",[],False
1986,2,"['C02783', 'R01102']","[1830, 1829]",[],False
1987,2,"['C02784', 'R01806']","[1786, 1786]",[],False
1988,2,"['C02785', 'R00419']","[1810, 1811]",[],False
1989,2,"['C02786', 'R00751']","[1820, 1819]",[],False
1990,2,"['C02788', 'R02637']","[1782, 1779]",[],False
1991,2,"['C02789', 'R00362']","[1819, 1818]",[],False
1992,2,"['C02790', 'R00980']","[1787, 1785]",[],False
1993,2,"['C02792', 'R02046']","[1829, 1827]",[],False
1994,2,"['C02793', 'R02055']","[1823, 1823]",[],False
1995,2,"['C02794', 'R01786']","[1798, 1797]",[],False
1996,2,"['C02795', 'R00555']","[1797, 1797]",[],False
1997,2,"['C02796', 'R02765']","[1816, 1816]",[],False
1998,2,"['C02797', 'R00734']","[1820, 1820]",[],False
1999,2,"['C02799', 'R02853']","[1787, 1785]",[],False
2000,2,"['C02800', 'R02308']","[1805, 1801]",['birth_year_conflict'],True
2001,2,"['C02801', 'R01323']","[1792, 1791]",[],False
2002,2,"['C02802', 'R00966']","[1787, 1787]",[],False
2003,2,"['C02803', 'R02703']","[1793, 1794]",[],False
2004,2,"['C02804', 'R01000']","[1814, 1812]",[],False
2005,2,"['C02805', 'R02842']","[1818, 1815]",[],False
2006,2,"['C02807', 'R00468']","[1788, 1788]",[],False
2007,2,"['C02808', 'R01836']","[1790, 1791]",[],False
2008,2,"['C02809', 'R02202']","[1832, 1833]",[],False
2009,2,"['C02810', 'R01202']","[1830, 1828]",[],False
2010,2,"['C02813', 'R01130']","[1799, 1800]",[],False
2011,2,"['C02814', 'R01525']","[1809, 1810]",[],False
2012,2,"['C02817', 'R02991']","[1796, 1798]",[],False
2013,2,"['C02818', 'R00883']","[1824, 1825]",[],False
2014,2,"['C02819', 'R00686']","[1800, 1801]",[],False
2015,2,"['C02821', 'R01326']","[1830, 1831]",[],False
2016,2,"['C02822', 'R01338']","[1809, 1812]",[],False
2017,2,"['C02823', 'R01528']","[1814, 1815]",[],False
2018,2,"['C02825', 'R00313']","[1835, 1838]",[],False
2019,2,"['C02826', 'R00527']","[1801, 1801]",[],False
2020,2,"['C02828', 'R02651']","[1837, 1837]",[],False
2021,2,"['C02829', 'R02223']","[1801, 1804]",[],False
2022,2,"['C02830', 'R01659']","[1823, 1820]",[],False
2023,2,"['C02831', 'R02672']","[1798, 1796]",[],False
2024,2,"['C02832', 'R02892']","[1820, 1823]",[],False
2025,2,"['C02834', 'R02472']","[1807, 1809]",[],False
2026,2,"['C02835', 'R02660']","[1813, 1812]",[],False
2027,2,"['C02837', 'R02244']","[1789, 1789]",[],False
2028,2,"['C02838', 'R01266']","[1790, 1789]",[],False
2029,2,"['C02842', 'R01217']","[1835, 1835]",[],False
2030,2,"['C02843', 'R02008']","[1808, 1808]",[],False
2031,2,"['C02844', 'R00516']","[1797, 1797]",[],False
2032,2,"['C02845', 'R01616']","[1798, 1798]",[],False
2033,2,"['C02846', 'R00118']","[1833, 1830]",[],False
2034,2,"['C02847', 'R00191']","[1821, 1819]",[],False
2035,2,"['C02849', 'R00778']","[1828, 1831]",[],False
2036,2,"['C02851', 'R00504']","[1820, 1818]",[],False
2037,2,"['C02852', 'R01737']","[1790, 1790]",[],False
2038,2,"['C02853', 'R02666']","[1800, 1799]",[],False
2039,2,"['C02855', 'R02134']","[1829, 1829]",[],False
2040,2,"['C02856', 'R02638']","[1809, 1809]",[],False
2041,2,"['C02857', 'R02277']","[1831, 1832]",[],False
2042,2,"['C02858', 'R02190']","[1811, 1811]",[],False
2043,2,"['C02859', 'R02841']","[1839, 1839]",[],False
2044,2,"['C02861', 'R02903']","[1833, 1834]",[],False
2045,2,"['C02863', 'R01896']","[1783, 1782]",[],False
2046,2,"['C02866', 'R00877']","[1838, 1839]",[],False
2047,2,"['C02870', 'R02408']","[1779, 1781]",[],False
2048,2,"['C02871', 'R00894']","[1834, 1833]",[],False
2049,2,"['C02872', 'R01426']","[1830, 1832]",[],False
2050,2,"['C02873', 'R02607']","[1789, 1786]",[],False
2051,2,"['C02874', 'R00458']","[1810, 1810]",[],False
2052,2,"['C02876', 'R02296']","[1809, 1808]",[],False
2053,2,"['C02879', 'R01147']","[1828, 1827]",[],False
2054,2,"['C02880', 'R01590']","[1839, 1836]",[],False
2055,2,"['C02881', 'R01618']","[1823, 1822]",[],False
2056,2,"['C02882', 'R02865']","[1823, 1819]",['birth_year_conflict'],True
2057,2,"['C02884', 'R00154']","[1806, 1807]",[],False
2058,2,"['C02885', 'R02222']","[1822, 1818]",['birth_year_conflict'],True
2059,2,"['C02886', 'R01548']","[1824, 1827]",[],False
2060,2,"['C02887', 'R01416']","[1828, 1829]",[],False
2061,2,"['C02888', 'R01905']","[1793, 1793]",[],False
2062,2,"['C02891', 'R01604']","[1801, 1802]",[],False
2063,2,"['C02892', 'R00649']","[1798, 1800]",[],False
2064,2,"['C02894', 'R02005']","[1829, 1826]",[],False
2065,2,"['C02899', 'R01315']","[1791, 1790]",[],False
2066,2,"['C02900', 'R01928']","[1797, 1797]",[],False
2067,2,"['C02901', 'R01084']","[1827, 1824]",[],False
2068,2,"['C02903', 'R00073']","[1781, 1782]",[],False
2069,2,"['C02904', 'R00085']","[1829, 1829]",[],False
2070,2,"['C02905', 'R00158']","[1797, 1798]",[],False
2071,2,"['C02906', 'R00937']","[1835, 1836]",[],False
2072,2,"['C02907', 'R01917']","[1817, 1815]",[],False
2073,2,"['C02908', 'R01895']","[1813, 1813]",[],False
2074,2,"['C02909', 'R01320']","[1801, 1801]",[],False
2075,2,"['C02910', 'R01306']","[1811, 1813]",[],False
2076,2,"['C02913', 'R01950']","[1826, 1825]",[],False
2077,2,"['C02914', 'R01407']","[1828, 1827]",[],False
2078,2,"['C02915', 'R00099']","[1834, 1832]",[],False
2079,2,"['C02916', 'R01313']","[1780, 1779]",[],False
2080,2,"['C02917', 'R01209']","[1806, 1808]",[],False
2081,2,"['C02918', 'R01117']","[1799, 1799]",[],False
2082,2,"['C02919', 'R02910']","[1798, 1798]",[],False
2083,2,"['C02920', 'R00782']","[1801, 1801]",[],False
2084,2,"['C02921', 'R00724']","[1839, 1839]",[],False
2085,2,"['C02922', 'R02606']","[1808, 1810]",[],False
2086,2,"['C02923', 'R01310']","[1806, 1806]",[],False
2087,2,"['C02924', 'R02916']","[1807, 1806]",[],False
2088,2,"['C02925', 'R02657']","[1802, 1803]",[],False
2089,2,"['C02926', 'R02698']","[1805, 1806]",[],False
2090,2,"['C02927', 'R02148']","[1808, 1812]",['birth_year_conflict'],True
2091,2,"['C02928', 'R02656']","[1791, 1791]",[],False
2092,2,"['C02929', 'R00780']","[1837, 1837]",[],False
2093,2,"['C02932', 'R02712']","[1829, 1826]",[],False
2094,2,"['C02934', 'R01409']","[1796, 1798]",[],False
2095,2,"['C02935', 'R02997']","[1779, 1781]",[],False
2096,2,"['C02936', 'R02430']","[1817, 1818]",[],False
2097,2,"['C02938', 'R01988']","[1830, 1829]",[],False
2098,2,"['C02941', 'R01016']","[1833, 1834]",[],False
2099,2,"['C02942', 'R00149']","[1779, 1782]",[],False
2100,2,"['C02943', 'R02474']","[1833, 1833]",[],False
2101,2,"['C02944', 'R00960']","[1801, 1803]",[],False
2102,2,"['C02945', 'R01459']","[1802, 1801]",[],False
2103,2,"['C02947', 'R01814']","[1804, 1804]",[],False
2104,2,"['C02948', 'R02237']","[1828, 1827]",[],False
2105,2,"['C02949', 'R00157']","[1831, 1831]",[],False
2106,2,"['C02951', 'R02628']","[1832, 1831]",[],False
2107,2,"['C02952', 'R01432']","[1814, 1812]",[],False
2108,2,"['C02953', 'R01059']","[1822, 1822]",[],False
2109,2,"['C02954', 'R01181']","[1788, 1788]",[],False
2110,2,"['C02955', 'R01704']","[1798, 1798]",[],False
2111,2,"['C02956', 'R02436']","[1816, 1815]",[],False
2112,2,"['C02957', 'R02381']","[1817, 1820]",[],False
2113,2,"['C02958', 'R02101']","[1781, 1779]",[],False
2114,2,"['C02959', 'R02641']","[1802, 1801]",[],False
2115,2,"['C02960', 'R00575']","[1801, 1800]",[],False
2116,2,"['C02961', 'R01644']","[1838, 1837]",[],False
2117,2,"['C02963', 'R02508']","[1784, 1784]",[],False
2118,2,"['C02965', 'R01305']","[1798, 1797]",[],False
2119,2,"['C02966', 'R01578']","[1835, 1834]",[],False
2120,2,"['C02967', 'R02331']","[1795, 1796]",[],False
2121,2,"['C02968', 'R01455']","[1828, 1825]",[],False
2122,2,"['C02970', 'R00972']","[1808, 1813]",['birth_year_conflict'],True
2123,2,"['C02971', 'R00537']","[1838, 1836]",[],False
2124,2,"['C02973', 'R02061']","[1801, 1801]",[],False
2125,2,"['C02974', 'R02561']","[1814, 1813]",[],False
2126,2,"['C02975', 'R02183']","[1829, 1828]",[],False
2127,2,"['C02976', 'R00872']","[1783, 1785]",[],False
2128,2,"['C02979', 'R01826']","[1812, 1812]",[],False
2129,2,"['C02980', 'R01813']","[1833, 1831]",[],False
2130,2,"['C02981', 'R01325']","[1824, 1825]",[],False
2131,2,"['C02982', 'R00269']","[1781, 1781]",[],False
2132,2,"['C02983', 'R02744']","[1820, 1820]",[],False
2133,2,"['C02984', 'R01173']","[1801, 1801]",[],False
2134,2,"['C02986', 'R00796']","[1799, 1799]",[],False
2135,2,"['C02987', 'R02387']","[1836, 1836]",[],False
2136,2,"['C02989', 'R01442']","[1793, 1793]",[],False
2137,2,"['C02991', 'R02282']","[1817, 1820]",[],False
2138,2,"['C02992', 'R01299']","[1801, 1799]",[],False
2139,2,"['C02993', 'R00487']","[1787, 1786]",[],False
2140,2,"['C02994', 'R00213']","[1796, 1795]",[],False
2141,2,"['C02995', 'R00163']","[1783, 1781]",[],False
2142,2,"['C02996', 'R02110']","[1821, 1818]",[],False
2143,2,"['C02998', 'R01686']","[1787, 1787]",[],False
2144,2,"['C02999', 'R00200']","[1839, 1840]",[],False
